ISO-10303-21;
HEADER;
FILE_DESCRIPTION(('FreeCAD Model'),'2;1');
FILE_NAME('Open CASCADE Shape Model','2026-10-07T23:16:50',('Author'),(
    ''),'Open CASCADE STEP processor 7.8','FreeCAD','Unknown');
FILE_SCHEMA(('AUTOMOTIVE_DESIGN { 1 0 10303 214 1 1 1 1 }'));
ENDSEC;
DATA;
#1 = APPLICATION_PROTOCOL_DEFINITION('international standard',
  'automotive_design',2000,#2);
#2 = APPLICATION_CONTEXT(
  'core data for automotive mechanical design processes');
#3 = SHAPE_DEFINITION_REPRESENTATION(#4,#10);
#4 = PRODUCT_DEFINITION_SHAPE('','',#5);
#5 = PRODUCT_DEFINITION('design','',#6,#9);
#6 = PRODUCT_DEFINITION_FORMATION('','',#7);
#7 = PRODUCT('Mini_Radar__2_001','Mini_Radar__2_001','',(#8));
#8 = PRODUCT_CONTEXT('',#2,'mechanical');
#9 = PRODUCT_DEFINITION_CONTEXT('part definition',#2,'design');
#10 = SHAPE_REPRESENTATION('',(#11,#15,#73,#131,#189,#247,#305,#363,#421
    ,#479,#537,#595,#653,#711,#769,#827,#885,#943,#1001,#1059,#1117,
    #1175,#1233,#1291,#1349,#1407,#1465,#1523,#1581,#1639,#1697,#1755,
    #1813,#1871,#1929,#1987,#2045,#2103,#2161,#2219,#2277,#2335,#2393,
    #2451,#2509,#2567,#2625,#2683,#2741,#2799,#2857,#2915,#2973,#3031,
    #3089,#3147,#3205,#3263,#3321,#3379,#3437,#3495,#3553,#3611,#3669,
    #3727,#3785,#3843,#3901,#3959,#4017,#4075,#4133,#4191,#4249,#4307,
    #4365,#4423,#4481,#4539,#4597,#4655,#4713,#4771,#4829,#4887,#4945,
    #5003,#5061,#5119,#5177,#5235,#5293,#5351,#5409,#5467,#5525,#5583,
    #5641,#5699,#5757,#5815,#5873,#5931,#5989,#6047,#6105,#6163,#6221,
    #6279,#6337,#6395,#6453,#6511,#6569,#6627,#6685,#6743,#6801,#6859,
    #6917,#6975,#7033,#7091,#7149,#7207,#7265,#7323,#7381,#7439,#7497,
    #7555,#7613,#7671,#7729,#7787,#7845,#7903,#7961,#8019,#8077,#8135,
    #8193,#8251,#8309,#8367,#8425,#8483,#8541,#8599,#8657,#8715,#8773,
    #8831,#8889,#8947,#9005,#9063,#9121,#9179,#9237,#9295,#9353,#9411,
    #9469,#9527,#9585,#9643,#9701,#9759,#9817,#9875,#9933,#9991,#10049,
    #10107,#10165,#10223,#10281,#10339,#10397,#10455,#10513,#10571,
    #10629,#10687,#10745,#10803,#10861,#10919,#10977,#11035,#11093,
    #11151,#11209,#11267,#11325,#11383,#11441,#11499,#11557,#11615,
    #11673,#11731,#11789,#11847,#11905,#11963,#12021,#12079,#12137,
    #12195,#12253,#12311,#12369,#12427,#12485,#12543,#12601,#12659,
    #12717,#12775,#12833,#12891,#12949,#13007,#13065,#13123,#13181,
    #13239,#13297,#13355,#13413,#13471,#13529,#13587,#13645,#13703,
    #13761,#13819,#13877,#13935,#13993,#14051,#14109,#14167,#14225,
    #14283,#14341,#14399,#14457,#14515,#14573,#14631,#14689,#14747,
    #14805,#14863,#14921,#14979,#15037),#15095);
#11 = AXIS2_PLACEMENT_3D('',#12,#13,#14);
#12 = CARTESIAN_POINT('',(0.,0.,0.));
#13 = DIRECTION('',(0.,0.,1.));
#14 = DIRECTION('',(1.,0.,-0.));
#15 = SHELL_BASED_SURFACE_MODEL('',(#16));
#16 = OPEN_SHELL('',(#17));
#17 = ADVANCED_FACE('',(#18),#32,.T.);
#18 = FACE_BOUND('',#19,.T.);
#19 = EDGE_LOOP('',(#20,#43,#59));
#20 = ORIENTED_EDGE('',*,*,#21,.T.);
#21 = EDGE_CURVE('',#22,#24,#26,.T.);
#22 = VERTEX_POINT('',#23);
#23 = CARTESIAN_POINT('',(6.964000225067,46.903999328613,0.));
#24 = VERTEX_POINT('',#25);
#25 = CARTESIAN_POINT('',(7.382999897003,46.619998931885,0.));
#26 = SURFACE_CURVE('',#27,(#31),.PCURVE_S1.);
#27 = LINE('',#28,#29);
#28 = CARTESIAN_POINT('',(6.964000225067,46.903999328613,0.));
#29 = VECTOR('',#30,1.);
#30 = DIRECTION('',(0.82777013603,-0.561067377324,0.));
#31 = PCURVE('',#32,#37);
#32 = PLANE('',#33);
#33 = AXIS2_PLACEMENT_3D('',#34,#35,#36);
#34 = CARTESIAN_POINT('',(7.269474962916,46.696946787644,1.38405609516)
  );
#35 = DIRECTION('',(-0.561067377324,-0.82777013603,-0.));
#36 = DIRECTION('',(-0.82777013603,0.561067377324,0.));
#37 = DEFINITIONAL_REPRESENTATION('',(#38),#42);
#38 = LINE('',#39,#40);
#39 = CARTESIAN_POINT('',(0.369033291433,1.38405609516));
#40 = VECTOR('',#41,1.);
#41 = DIRECTION('',(-1.,0.));
#42 = ( GEOMETRIC_REPRESENTATION_CONTEXT(2) 
PARAMETRIC_REPRESENTATION_CONTEXT() REPRESENTATION_CONTEXT('2D SPACE',''
  ) );
#43 = ORIENTED_EDGE('',*,*,#44,.T.);
#44 = EDGE_CURVE('',#24,#45,#47,.T.);
#45 = VERTEX_POINT('',#46);
#46 = CARTESIAN_POINT('',(7.382999897003,46.619998931885,3.));
#47 = SURFACE_CURVE('',#48,(#52),.PCURVE_S1.);
#48 = LINE('',#49,#50);
#49 = CARTESIAN_POINT('',(7.382999897003,46.619998931885,0.));
#50 = VECTOR('',#51,1.);
#51 = DIRECTION('',(0.,0.,1.));
#52 = PCURVE('',#32,#53);
#53 = DEFINITIONAL_REPRESENTATION('',(#54),#58);
#54 = LINE('',#55,#56);
#55 = CARTESIAN_POINT('',(-0.137145481754,1.38405609516));
#56 = VECTOR('',#57,1.);
#57 = DIRECTION('',(0.,-1.));
#58 = ( GEOMETRIC_REPRESENTATION_CONTEXT(2) 
PARAMETRIC_REPRESENTATION_CONTEXT() REPRESENTATION_CONTEXT('2D SPACE',''
  ) );
#59 = ORIENTED_EDGE('',*,*,#60,.T.);
#60 = EDGE_CURVE('',#45,#22,#61,.T.);
#61 = SURFACE_CURVE('',#62,(#66),.PCURVE_S1.);
#62 = LINE('',#63,#64);
#63 = CARTESIAN_POINT('',(7.382999897003,46.619998931885,3.));
#64 = VECTOR('',#65,1.);
#65 = DIRECTION('',(-0.137719970284,9.334739098306E-02,-0.986062611796)
  );
#66 = PCURVE('',#32,#67);
#67 = DEFINITIONAL_REPRESENTATION('',(#68),#72);
#68 = LINE('',#69,#70);
#69 = CARTESIAN_POINT('',(-0.137145481754,-1.61594390484));
#70 = VECTOR('',#71,1.);
#71 = DIRECTION('',(0.166374654375,0.986062611796));
#72 = ( GEOMETRIC_REPRESENTATION_CONTEXT(2) 
PARAMETRIC_REPRESENTATION_CONTEXT() REPRESENTATION_CONTEXT('2D SPACE',''
  ) );
#73 = SHELL_BASED_SURFACE_MODEL('',(#74));
#74 = OPEN_SHELL('',(#75));
#75 = ADVANCED_FACE('',(#76),#90,.T.);
#76 = FACE_BOUND('',#77,.T.);
#77 = EDGE_LOOP('',(#78,#101,#117));
#78 = ORIENTED_EDGE('',*,*,#79,.T.);
#79 = EDGE_CURVE('',#80,#82,#84,.T.);
#80 = VERTEX_POINT('',#81);
#81 = CARTESIAN_POINT('',(7.716000080109,46.176998138428,0.));
#82 = VERTEX_POINT('',#83);
#83 = CARTESIAN_POINT('',(7.382999897003,46.619998931885,3.));
#84 = SURFACE_CURVE('',#85,(#89),.PCURVE_S1.);
#85 = LINE('',#86,#87);
#86 = CARTESIAN_POINT('',(7.716000080109,46.176998138428,0.));
#87 = VECTOR('',#88,1.);
#88 = DIRECTION('',(-0.109153175898,0.145209960788,0.983361404306));
#89 = PCURVE('',#90,#95);
#90 = PLANE('',#91);
#91 = AXIS2_PLACEMENT_3D('',#92,#93,#94);
#92 = CARTESIAN_POINT('',(7.47387497857,46.499104904548,1.374139824816)
  );
#93 = DIRECTION('',(-0.799350304764,-0.60086528463,-0.));
#94 = DIRECTION('',(0.60086528463,-0.799350304764,0.));
#95 = DEFINITIONAL_REPRESENTATION('',(#96),#100);
#96 = LINE('',#97,#98);
#97 = CARTESIAN_POINT('',(0.402960709716,-1.374139824816));
#98 = VECTOR('',#99,1.);
#99 = DIRECTION('',(-0.181659980514,0.983361404306));
#100 = ( GEOMETRIC_REPRESENTATION_CONTEXT(2) 
PARAMETRIC_REPRESENTATION_CONTEXT() REPRESENTATION_CONTEXT('2D SPACE',''
  ) );
#101 = ORIENTED_EDGE('',*,*,#102,.F.);
#102 = EDGE_CURVE('',#103,#82,#105,.T.);
#103 = VERTEX_POINT('',#104);
#104 = CARTESIAN_POINT('',(7.382999897003,46.619998931885,0.));
#105 = SURFACE_CURVE('',#106,(#110),.PCURVE_S1.);
#106 = LINE('',#107,#108);
#107 = CARTESIAN_POINT('',(7.382999897003,46.619998931885,0.));
#108 = VECTOR('',#109,1.);
#109 = DIRECTION('',(0.,0.,1.));
#110 = PCURVE('',#90,#111);
#111 = DEFINITIONAL_REPRESENTATION('',(#112),#116);
#112 = LINE('',#113,#114);
#113 = CARTESIAN_POINT('',(-0.151240359348,-1.374139824816));
#114 = VECTOR('',#115,1.);
#115 = DIRECTION('',(0.,1.));
#116 = ( GEOMETRIC_REPRESENTATION_CONTEXT(2) 
PARAMETRIC_REPRESENTATION_CONTEXT() REPRESENTATION_CONTEXT('2D SPACE',''
  ) );
#117 = ORIENTED_EDGE('',*,*,#118,.T.);
#118 = EDGE_CURVE('',#103,#80,#119,.T.);
#119 = SURFACE_CURVE('',#120,(#124),.PCURVE_S1.);
#120 = LINE('',#121,#122);
#121 = CARTESIAN_POINT('',(7.382999897003,46.619998931885,0.));
#122 = VECTOR('',#123,1.);
#123 = DIRECTION('',(0.60086528463,-0.799350304764,0.));
#124 = PCURVE('',#90,#125);
#125 = DEFINITIONAL_REPRESENTATION('',(#126),#130);
#126 = LINE('',#127,#128);
#127 = CARTESIAN_POINT('',(-0.151240359348,-1.374139824816));
#128 = VECTOR('',#129,1.);
#129 = DIRECTION('',(1.,0.));
#130 = ( GEOMETRIC_REPRESENTATION_CONTEXT(2) 
PARAMETRIC_REPRESENTATION_CONTEXT() REPRESENTATION_CONTEXT('2D SPACE',''
  ) );
#131 = SHELL_BASED_SURFACE_MODEL('',(#132));
#132 = OPEN_SHELL('',(#133));
#133 = ADVANCED_FACE('',(#134),#148,.T.);
#134 = FACE_BOUND('',#135,.T.);
#135 = EDGE_LOOP('',(#136,#159,#175));
#136 = ORIENTED_EDGE('',*,*,#137,.T.);
#137 = EDGE_CURVE('',#138,#140,#142,.T.);
#138 = VERTEX_POINT('',#139);
#139 = CARTESIAN_POINT('',(7.382999897003,43.380001068115,3.));
#140 = VERTEX_POINT('',#141);
#141 = CARTESIAN_POINT('',(7.716000080109,43.823001861572,3.));
#142 = SURFACE_CURVE('',#143,(#147),.PCURVE_S1.);
#143 = LINE('',#144,#145);
#144 = CARTESIAN_POINT('',(7.382999897003,43.380001068115,3.));
#145 = VECTOR('',#146,1.);
#146 = DIRECTION('',(0.60086528463,0.799350304764,0.));
#147 = PCURVE('',#148,#153);
#148 = PLANE('',#149);
#149 = AXIS2_PLACEMENT_3D('',#150,#151,#152);
#150 = CARTESIAN_POINT('',(7.47387497857,43.500895095452,1.625860175184)
  );
#151 = DIRECTION('',(-0.799350304764,0.60086528463,-0.));
#152 = DIRECTION('',(-0.60086528463,-0.799350304764,0.));
#153 = DEFINITIONAL_REPRESENTATION('',(#154),#158);
#154 = LINE('',#155,#156);
#155 = CARTESIAN_POINT('',(0.151240359348,1.374139824816));
#156 = VECTOR('',#157,1.);
#157 = DIRECTION('',(-1.,0.));
#158 = ( GEOMETRIC_REPRESENTATION_CONTEXT(2) 
PARAMETRIC_REPRESENTATION_CONTEXT() REPRESENTATION_CONTEXT('2D SPACE',''
  ) );
#159 = ORIENTED_EDGE('',*,*,#160,.T.);
#160 = EDGE_CURVE('',#140,#161,#163,.T.);
#161 = VERTEX_POINT('',#162);
#162 = CARTESIAN_POINT('',(7.382999897003,43.380001068115,0.));
#163 = SURFACE_CURVE('',#164,(#168),.PCURVE_S1.);
#164 = LINE('',#165,#166);
#165 = CARTESIAN_POINT('',(7.716000080109,43.823001861572,3.));
#166 = VECTOR('',#167,1.);
#167 = DIRECTION('',(-0.109153175898,-0.145209960788,-0.983361404306));
#168 = PCURVE('',#148,#169);
#169 = DEFINITIONAL_REPRESENTATION('',(#170),#174);
#170 = LINE('',#171,#172);
#171 = CARTESIAN_POINT('',(-0.402960709716,1.374139824816));
#172 = VECTOR('',#173,1.);
#173 = DIRECTION('',(0.181659980514,-0.983361404306));
#174 = ( GEOMETRIC_REPRESENTATION_CONTEXT(2) 
PARAMETRIC_REPRESENTATION_CONTEXT() REPRESENTATION_CONTEXT('2D SPACE',''
  ) );
#175 = ORIENTED_EDGE('',*,*,#176,.T.);
#176 = EDGE_CURVE('',#161,#138,#177,.T.);
#177 = SURFACE_CURVE('',#178,(#182),.PCURVE_S1.);
#178 = LINE('',#179,#180);
#179 = CARTESIAN_POINT('',(7.382999897003,43.380001068115,0.));
#180 = VECTOR('',#181,1.);
#181 = DIRECTION('',(0.,0.,1.));
#182 = PCURVE('',#148,#183);
#183 = DEFINITIONAL_REPRESENTATION('',(#184),#188);
#184 = LINE('',#185,#186);
#185 = CARTESIAN_POINT('',(0.151240359348,-1.625860175184));
#186 = VECTOR('',#187,1.);
#187 = DIRECTION('',(0.,1.));
#188 = ( GEOMETRIC_REPRESENTATION_CONTEXT(2) 
PARAMETRIC_REPRESENTATION_CONTEXT() REPRESENTATION_CONTEXT('2D SPACE',''
  ) );
#189 = SHELL_BASED_SURFACE_MODEL('',(#190));
#190 = OPEN_SHELL('',(#191));
#191 = ADVANCED_FACE('',(#192),#206,.T.);
#192 = FACE_BOUND('',#193,.T.);
#193 = EDGE_LOOP('',(#194,#217,#233));
#194 = ORIENTED_EDGE('',*,*,#195,.T.);
#195 = EDGE_CURVE('',#196,#198,#200,.T.);
#196 = VERTEX_POINT('',#197);
#197 = CARTESIAN_POINT('',(6.964000225067,43.096000671387,3.));
#198 = VERTEX_POINT('',#199);
#199 = CARTESIAN_POINT('',(7.382999897003,43.380001068115,3.));
#200 = SURFACE_CURVE('',#201,(#205),.PCURVE_S1.);
#201 = LINE('',#202,#203);
#202 = CARTESIAN_POINT('',(6.964000225067,43.096000671387,3.));
#203 = VECTOR('',#204,1.);
#204 = DIRECTION('',(0.82777013603,0.561067377324,0.));
#205 = PCURVE('',#206,#211);
#206 = PLANE('',#207);
#207 = AXIS2_PLACEMENT_3D('',#208,#209,#210);
#208 = CARTESIAN_POINT('',(7.269474962916,43.303053212356,1.61594390484)
  );
#209 = DIRECTION('',(-0.561067377324,0.82777013603,0.));
#210 = DIRECTION('',(0.82777013603,0.561067377324,0.));
#211 = DEFINITIONAL_REPRESENTATION('',(#212),#216);
#212 = LINE('',#213,#214);
#213 = CARTESIAN_POINT('',(-0.369033291433,-1.38405609516));
#214 = VECTOR('',#215,1.);
#215 = DIRECTION('',(1.,0.));
#216 = ( GEOMETRIC_REPRESENTATION_CONTEXT(2) 
PARAMETRIC_REPRESENTATION_CONTEXT() REPRESENTATION_CONTEXT('2D SPACE',''
  ) );
#217 = ORIENTED_EDGE('',*,*,#218,.F.);
#218 = EDGE_CURVE('',#219,#198,#221,.T.);
#219 = VERTEX_POINT('',#220);
#220 = CARTESIAN_POINT('',(7.382999897003,43.380001068115,0.));
#221 = SURFACE_CURVE('',#222,(#226),.PCURVE_S1.);
#222 = LINE('',#223,#224);
#223 = CARTESIAN_POINT('',(7.382999897003,43.380001068115,0.));
#224 = VECTOR('',#225,1.);
#225 = DIRECTION('',(0.,0.,1.));
#226 = PCURVE('',#206,#227);
#227 = DEFINITIONAL_REPRESENTATION('',(#228),#232);
#228 = LINE('',#229,#230);
#229 = CARTESIAN_POINT('',(0.137145481754,1.61594390484));
#230 = VECTOR('',#231,1.);
#231 = DIRECTION('',(0.,-1.));
#232 = ( GEOMETRIC_REPRESENTATION_CONTEXT(2) 
PARAMETRIC_REPRESENTATION_CONTEXT() REPRESENTATION_CONTEXT('2D SPACE',''
  ) );
#233 = ORIENTED_EDGE('',*,*,#234,.T.);
#234 = EDGE_CURVE('',#219,#196,#235,.T.);
#235 = SURFACE_CURVE('',#236,(#240),.PCURVE_S1.);
#236 = LINE('',#237,#238);
#237 = CARTESIAN_POINT('',(7.382999897003,43.380001068115,0.));
#238 = VECTOR('',#239,1.);
#239 = DIRECTION('',(-0.137719970284,-9.334739098306E-02,0.986062611796)
  );
#240 = PCURVE('',#206,#241);
#241 = DEFINITIONAL_REPRESENTATION('',(#242),#246);
#242 = LINE('',#243,#244);
#243 = CARTESIAN_POINT('',(0.137145481754,1.61594390484));
#244 = VECTOR('',#245,1.);
#245 = DIRECTION('',(-0.166374654375,-0.986062611796));
#246 = ( GEOMETRIC_REPRESENTATION_CONTEXT(2) 
PARAMETRIC_REPRESENTATION_CONTEXT() REPRESENTATION_CONTEXT('2D SPACE',''
  ) );
#247 = SHELL_BASED_SURFACE_MODEL('',(#248));
#248 = OPEN_SHELL('',(#249));
#249 = ADVANCED_FACE('',(#250),#264,.T.);
#250 = FACE_BOUND('',#251,.T.);
#251 = EDGE_LOOP('',(#252,#275,#291));
#252 = ORIENTED_EDGE('',*,*,#253,.T.);
#253 = EDGE_CURVE('',#254,#256,#258,.T.);
#254 = VERTEX_POINT('',#255);
#255 = CARTESIAN_POINT('',(6.035999774933,46.903999328613,3.));
#256 = VERTEX_POINT('',#257);
#257 = CARTESIAN_POINT('',(6.5,47.002998352051,0.));
#258 = SURFACE_CURVE('',#259,(#263),.PCURVE_S1.);
#259 = LINE('',#260,#261);
#260 = CARTESIAN_POINT('',(6.035999774933,46.903999328613,3.));
#261 = VECTOR('',#262,1.);
#262 = DIRECTION('',(0.152768115086,3.259458377146E-02,-0.987724402919)
  );
#263 = PCURVE('',#264,#269);
#264 = PLANE('',#265);
#265 = AXIS2_PLACEMENT_3D('',#266,#267,#268);
#266 = CARTESIAN_POINT('',(6.374884004369,46.976303620637,1.609289855205
    ));
#267 = DIRECTION('',(0.208663285925,-0.977987542409,-0.));
#268 = DIRECTION('',(-0.977987542409,-0.208663285925,0.));
#269 = DEFINITIONAL_REPRESENTATION('',(#270),#274);
#270 = LINE('',#271,#272);
#271 = CARTESIAN_POINT('',(0.346511805868,-1.390710144795));
#272 = VECTOR('',#273,1.);
#273 = DIRECTION('',(-0.156206606385,0.987724402919));
#274 = ( GEOMETRIC_REPRESENTATION_CONTEXT(2) 
PARAMETRIC_REPRESENTATION_CONTEXT() REPRESENTATION_CONTEXT('2D SPACE',''
  ) );
#275 = ORIENTED_EDGE('',*,*,#276,.T.);
#276 = EDGE_CURVE('',#256,#277,#279,.T.);
#277 = VERTEX_POINT('',#278);
#278 = CARTESIAN_POINT('',(6.5,47.002998352051,3.));
#279 = SURFACE_CURVE('',#280,(#284),.PCURVE_S1.);
#280 = LINE('',#281,#282);
#281 = CARTESIAN_POINT('',(6.5,47.002998352051,0.));
#282 = VECTOR('',#283,1.);
#283 = DIRECTION('',(0.,0.,1.));
#284 = PCURVE('',#264,#285);
#285 = DEFINITIONAL_REPRESENTATION('',(#286),#290);
#286 = LINE('',#287,#288);
#287 = CARTESIAN_POINT('',(-0.127932095457,1.609289855205));
#288 = VECTOR('',#289,1.);
#289 = DIRECTION('',(0.,-1.));
#290 = ( GEOMETRIC_REPRESENTATION_CONTEXT(2) 
PARAMETRIC_REPRESENTATION_CONTEXT() REPRESENTATION_CONTEXT('2D SPACE',''
  ) );
#291 = ORIENTED_EDGE('',*,*,#292,.T.);
#292 = EDGE_CURVE('',#277,#254,#293,.T.);
#293 = SURFACE_CURVE('',#294,(#298),.PCURVE_S1.);
#294 = LINE('',#295,#296);
#295 = CARTESIAN_POINT('',(6.5,47.002998352051,3.));
#296 = VECTOR('',#297,1.);
#297 = DIRECTION('',(-0.977987542409,-0.208663285925,0.));
#298 = PCURVE('',#264,#299);
#299 = DEFINITIONAL_REPRESENTATION('',(#300),#304);
#300 = LINE('',#301,#302);
#301 = CARTESIAN_POINT('',(-0.127932095457,-1.390710144795));
#302 = VECTOR('',#303,1.);
#303 = DIRECTION('',(1.,0.));
#304 = ( GEOMETRIC_REPRESENTATION_CONTEXT(2) 
PARAMETRIC_REPRESENTATION_CONTEXT() REPRESENTATION_CONTEXT('2D SPACE',''
  ) );
#305 = SHELL_BASED_SURFACE_MODEL('',(#306));
#306 = OPEN_SHELL('',(#307));
#307 = ADVANCED_FACE('',(#308),#322,.T.);
#308 = FACE_BOUND('',#309,.T.);
#309 = EDGE_LOOP('',(#310,#333,#349));
#310 = ORIENTED_EDGE('',*,*,#311,.T.);
#311 = EDGE_CURVE('',#312,#314,#316,.T.);
#312 = VERTEX_POINT('',#313);
#313 = CARTESIAN_POINT('',(6.964000225067,46.903999328613,3.));
#314 = VERTEX_POINT('',#315);
#315 = CARTESIAN_POINT('',(6.5,47.002998352051,3.));
#316 = SURFACE_CURVE('',#317,(#321),.PCURVE_S1.);
#317 = LINE('',#318,#319);
#318 = CARTESIAN_POINT('',(6.964000225067,46.903999328613,3.));
#319 = VECTOR('',#320,1.);
#320 = DIRECTION('',(-0.977987542409,0.208663285925,0.));
#321 = PCURVE('',#322,#327);
#322 = PLANE('',#323);
#323 = AXIS2_PLACEMENT_3D('',#324,#325,#326);
#324 = CARTESIAN_POINT('',(6.625115995631,46.976303620637,1.609289855205
    ));
#325 = DIRECTION('',(-0.208663285925,-0.977987542409,-0.));
#326 = DIRECTION('',(-0.977987542409,0.208663285925,0.));
#327 = DEFINITIONAL_REPRESENTATION('',(#328),#332);
#328 = LINE('',#329,#330);
#329 = CARTESIAN_POINT('',(-0.346511805868,-1.390710144795));
#330 = VECTOR('',#331,1.);
#331 = DIRECTION('',(1.,0.));
#332 = ( GEOMETRIC_REPRESENTATION_CONTEXT(2) 
PARAMETRIC_REPRESENTATION_CONTEXT() REPRESENTATION_CONTEXT('2D SPACE',''
  ) );
#333 = ORIENTED_EDGE('',*,*,#334,.F.);
#334 = EDGE_CURVE('',#335,#314,#337,.T.);
#335 = VERTEX_POINT('',#336);
#336 = CARTESIAN_POINT('',(6.5,47.002998352051,0.));
#337 = SURFACE_CURVE('',#338,(#342),.PCURVE_S1.);
#338 = LINE('',#339,#340);
#339 = CARTESIAN_POINT('',(6.5,47.002998352051,0.));
#340 = VECTOR('',#341,1.);
#341 = DIRECTION('',(0.,0.,1.));
#342 = PCURVE('',#322,#343);
#343 = DEFINITIONAL_REPRESENTATION('',(#344),#348);
#344 = LINE('',#345,#346);
#345 = CARTESIAN_POINT('',(0.127932095457,1.609289855205));
#346 = VECTOR('',#347,1.);
#347 = DIRECTION('',(0.,-1.));
#348 = ( GEOMETRIC_REPRESENTATION_CONTEXT(2) 
PARAMETRIC_REPRESENTATION_CONTEXT() REPRESENTATION_CONTEXT('2D SPACE',''
  ) );
#349 = ORIENTED_EDGE('',*,*,#350,.T.);
#350 = EDGE_CURVE('',#335,#312,#351,.T.);
#351 = SURFACE_CURVE('',#352,(#356),.PCURVE_S1.);
#352 = LINE('',#353,#354);
#353 = CARTESIAN_POINT('',(6.5,47.002998352051,0.));
#354 = VECTOR('',#355,1.);
#355 = DIRECTION('',(0.152768115086,-3.259458377146E-02,0.987724402919)
  );
#356 = PCURVE('',#322,#357);
#357 = DEFINITIONAL_REPRESENTATION('',(#358),#362);
#358 = LINE('',#359,#360);
#359 = CARTESIAN_POINT('',(0.127932095457,1.609289855205));
#360 = VECTOR('',#361,1.);
#361 = DIRECTION('',(-0.156206606385,-0.987724402919));
#362 = ( GEOMETRIC_REPRESENTATION_CONTEXT(2) 
PARAMETRIC_REPRESENTATION_CONTEXT() REPRESENTATION_CONTEXT('2D SPACE',''
  ) );
#363 = SHELL_BASED_SURFACE_MODEL('',(#364));
#364 = OPEN_SHELL('',(#365));
#365 = ADVANCED_FACE('',(#366),#380,.T.);
#366 = FACE_BOUND('',#367,.T.);
#367 = EDGE_LOOP('',(#368,#391,#407));
#368 = ORIENTED_EDGE('',*,*,#369,.T.);
#369 = EDGE_CURVE('',#370,#372,#374,.T.);
#370 = VERTEX_POINT('',#371);
#371 = CARTESIAN_POINT('',(6.5,47.002998352051,0.));
#372 = VERTEX_POINT('',#373);
#373 = CARTESIAN_POINT('',(6.964000225067,46.903999328613,0.));
#374 = SURFACE_CURVE('',#375,(#379),.PCURVE_S1.);
#375 = LINE('',#376,#377);
#376 = CARTESIAN_POINT('',(6.5,47.002998352051,0.));
#377 = VECTOR('',#378,1.);
#378 = DIRECTION('',(0.977987542409,-0.208663285925,0.));
#379 = PCURVE('',#380,#385);
#380 = PLANE('',#381);
#381 = AXIS2_PLACEMENT_3D('',#382,#383,#384);
#382 = CARTESIAN_POINT('',(6.838884229436,46.930694060027,1.390710144795
    ));
#383 = DIRECTION('',(-0.208663285925,-0.977987542409,-0.));
#384 = DIRECTION('',(-0.977987542409,0.208663285925,0.));
#385 = DEFINITIONAL_REPRESENTATION('',(#386),#390);
#386 = LINE('',#387,#388);
#387 = CARTESIAN_POINT('',(0.346511805868,1.390710144795));
#388 = VECTOR('',#389,1.);
#389 = DIRECTION('',(-1.,0.));
#390 = ( GEOMETRIC_REPRESENTATION_CONTEXT(2) 
PARAMETRIC_REPRESENTATION_CONTEXT() REPRESENTATION_CONTEXT('2D SPACE',''
  ) );
#391 = ORIENTED_EDGE('',*,*,#392,.T.);
#392 = EDGE_CURVE('',#372,#393,#395,.T.);
#393 = VERTEX_POINT('',#394);
#394 = CARTESIAN_POINT('',(6.964000225067,46.903999328613,3.));
#395 = SURFACE_CURVE('',#396,(#400),.PCURVE_S1.);
#396 = LINE('',#397,#398);
#397 = CARTESIAN_POINT('',(6.964000225067,46.903999328613,0.));
#398 = VECTOR('',#399,1.);
#399 = DIRECTION('',(0.,0.,1.));
#400 = PCURVE('',#380,#401);
#401 = DEFINITIONAL_REPRESENTATION('',(#402),#406);
#402 = LINE('',#403,#404);
#403 = CARTESIAN_POINT('',(-0.127932095457,1.390710144795));
#404 = VECTOR('',#405,1.);
#405 = DIRECTION('',(0.,-1.));
#406 = ( GEOMETRIC_REPRESENTATION_CONTEXT(2) 
PARAMETRIC_REPRESENTATION_CONTEXT() REPRESENTATION_CONTEXT('2D SPACE',''
  ) );
#407 = ORIENTED_EDGE('',*,*,#408,.F.);
#408 = EDGE_CURVE('',#370,#393,#409,.T.);
#409 = SURFACE_CURVE('',#410,(#414),.PCURVE_S1.);
#410 = LINE('',#411,#412);
#411 = CARTESIAN_POINT('',(6.5,47.002998352051,0.));
#412 = VECTOR('',#413,1.);
#413 = DIRECTION('',(0.152768115086,-3.259458377146E-02,0.987724402919)
  );
#414 = PCURVE('',#380,#415);
#415 = DEFINITIONAL_REPRESENTATION('',(#416),#420);
#416 = LINE('',#417,#418);
#417 = CARTESIAN_POINT('',(0.346511805868,1.390710144795));
#418 = VECTOR('',#419,1.);
#419 = DIRECTION('',(-0.156206606385,-0.987724402919));
#420 = ( GEOMETRIC_REPRESENTATION_CONTEXT(2) 
PARAMETRIC_REPRESENTATION_CONTEXT() REPRESENTATION_CONTEXT('2D SPACE',''
  ) );
#421 = SHELL_BASED_SURFACE_MODEL('',(#422));
#422 = OPEN_SHELL('',(#423));
#423 = ADVANCED_FACE('',(#424),#438,.T.);
#424 = FACE_BOUND('',#425,.T.);
#425 = EDGE_LOOP('',(#426,#449,#465));
#426 = ORIENTED_EDGE('',*,*,#427,.F.);
#427 = EDGE_CURVE('',#428,#430,#432,.T.);
#428 = VERTEX_POINT('',#429);
#429 = CARTESIAN_POINT('',(7.382999897003,46.619998931885,3.));
#430 = VERTEX_POINT('',#431);
#431 = CARTESIAN_POINT('',(6.964000225067,46.903999328613,0.));
#432 = SURFACE_CURVE('',#433,(#437),.PCURVE_S1.);
#433 = LINE('',#434,#435);
#434 = CARTESIAN_POINT('',(7.382999897003,46.619998931885,3.));
#435 = VECTOR('',#436,1.);
#436 = DIRECTION('',(-0.137719970284,9.334739098306E-02,-0.986062611796)
  );
#437 = PCURVE('',#438,#443);
#438 = PLANE('',#439);
#439 = AXIS2_PLACEMENT_3D('',#440,#441,#442);
#440 = CARTESIAN_POINT('',(7.077525159154,46.827051472854,1.61594390484)
  );
#441 = DIRECTION('',(-0.561067377324,-0.82777013603,-0.));
#442 = DIRECTION('',(-0.82777013603,0.561067377324,0.));
#443 = DEFINITIONAL_REPRESENTATION('',(#444),#448);
#444 = LINE('',#445,#446);
#445 = CARTESIAN_POINT('',(-0.369033291433,-1.38405609516));
#446 = VECTOR('',#447,1.);
#447 = DIRECTION('',(0.166374654375,0.986062611796));
#448 = ( GEOMETRIC_REPRESENTATION_CONTEXT(2) 
PARAMETRIC_REPRESENTATION_CONTEXT() REPRESENTATION_CONTEXT('2D SPACE',''
  ) );
#449 = ORIENTED_EDGE('',*,*,#450,.T.);
#450 = EDGE_CURVE('',#428,#451,#453,.T.);
#451 = VERTEX_POINT('',#452);
#452 = CARTESIAN_POINT('',(6.964000225067,46.903999328613,3.));
#453 = SURFACE_CURVE('',#454,(#458),.PCURVE_S1.);
#454 = LINE('',#455,#456);
#455 = CARTESIAN_POINT('',(7.382999897003,46.619998931885,3.));
#456 = VECTOR('',#457,1.);
#457 = DIRECTION('',(-0.82777013603,0.561067377324,0.));
#458 = PCURVE('',#438,#459);
#459 = DEFINITIONAL_REPRESENTATION('',(#460),#464);
#460 = LINE('',#461,#462);
#461 = CARTESIAN_POINT('',(-0.369033291433,-1.38405609516));
#462 = VECTOR('',#463,1.);
#463 = DIRECTION('',(1.,0.));
#464 = ( GEOMETRIC_REPRESENTATION_CONTEXT(2) 
PARAMETRIC_REPRESENTATION_CONTEXT() REPRESENTATION_CONTEXT('2D SPACE',''
  ) );
#465 = ORIENTED_EDGE('',*,*,#466,.F.);
#466 = EDGE_CURVE('',#430,#451,#467,.T.);
#467 = SURFACE_CURVE('',#468,(#472),.PCURVE_S1.);
#468 = LINE('',#469,#470);
#469 = CARTESIAN_POINT('',(6.964000225067,46.903999328613,0.));
#470 = VECTOR('',#471,1.);
#471 = DIRECTION('',(0.,0.,1.));
#472 = PCURVE('',#438,#473);
#473 = DEFINITIONAL_REPRESENTATION('',(#474),#478);
#474 = LINE('',#475,#476);
#475 = CARTESIAN_POINT('',(0.137145481754,1.61594390484));
#476 = VECTOR('',#477,1.);
#477 = DIRECTION('',(0.,-1.));
#478 = ( GEOMETRIC_REPRESENTATION_CONTEXT(2) 
PARAMETRIC_REPRESENTATION_CONTEXT() REPRESENTATION_CONTEXT('2D SPACE',''
  ) );
#479 = SHELL_BASED_SURFACE_MODEL('',(#480));
#480 = OPEN_SHELL('',(#481));
#481 = ADVANCED_FACE('',(#482),#496,.T.);
#482 = FACE_BOUND('',#483,.T.);
#483 = EDGE_LOOP('',(#484,#507,#523));
#484 = ORIENTED_EDGE('',*,*,#485,.F.);
#485 = EDGE_CURVE('',#486,#488,#490,.T.);
#486 = VERTEX_POINT('',#487);
#487 = CARTESIAN_POINT('',(7.716000080109,46.176998138428,0.));
#488 = VERTEX_POINT('',#489);
#489 = CARTESIAN_POINT('',(7.382999897003,46.619998931885,3.));
#490 = SURFACE_CURVE('',#491,(#495),.PCURVE_S1.);
#491 = LINE('',#492,#493);
#492 = CARTESIAN_POINT('',(7.716000080109,46.176998138428,0.));
#493 = VECTOR('',#494,1.);
#494 = DIRECTION('',(-0.109153175898,0.145209960788,0.983361404306));
#495 = PCURVE('',#496,#501);
#496 = PLANE('',#497);
#497 = AXIS2_PLACEMENT_3D('',#498,#499,#500);
#498 = CARTESIAN_POINT('',(7.625124998542,46.297892165765,1.625860175184
    ));
#499 = DIRECTION('',(-0.799350304764,-0.60086528463,-0.));
#500 = DIRECTION('',(0.60086528463,-0.799350304764,0.));
#501 = DEFINITIONAL_REPRESENTATION('',(#502),#506);
#502 = LINE('',#503,#504);
#503 = CARTESIAN_POINT('',(0.151240359348,-1.625860175184));
#504 = VECTOR('',#505,1.);
#505 = DIRECTION('',(-0.181659980514,0.983361404306));
#506 = ( GEOMETRIC_REPRESENTATION_CONTEXT(2) 
PARAMETRIC_REPRESENTATION_CONTEXT() REPRESENTATION_CONTEXT('2D SPACE',''
  ) );
#507 = ORIENTED_EDGE('',*,*,#508,.T.);
#508 = EDGE_CURVE('',#486,#509,#511,.T.);
#509 = VERTEX_POINT('',#510);
#510 = CARTESIAN_POINT('',(7.716000080109,46.176998138428,3.));
#511 = SURFACE_CURVE('',#512,(#516),.PCURVE_S1.);
#512 = LINE('',#513,#514);
#513 = CARTESIAN_POINT('',(7.716000080109,46.176998138428,0.));
#514 = VECTOR('',#515,1.);
#515 = DIRECTION('',(0.,0.,1.));
#516 = PCURVE('',#496,#517);
#517 = DEFINITIONAL_REPRESENTATION('',(#518),#522);
#518 = LINE('',#519,#520);
#519 = CARTESIAN_POINT('',(0.151240359348,-1.625860175184));
#520 = VECTOR('',#521,1.);
#521 = DIRECTION('',(0.,1.));
#522 = ( GEOMETRIC_REPRESENTATION_CONTEXT(2) 
PARAMETRIC_REPRESENTATION_CONTEXT() REPRESENTATION_CONTEXT('2D SPACE',''
  ) );
#523 = ORIENTED_EDGE('',*,*,#524,.T.);
#524 = EDGE_CURVE('',#509,#488,#525,.T.);
#525 = SURFACE_CURVE('',#526,(#530),.PCURVE_S1.);
#526 = LINE('',#527,#528);
#527 = CARTESIAN_POINT('',(7.716000080109,46.176998138428,3.));
#528 = VECTOR('',#529,1.);
#529 = DIRECTION('',(-0.60086528463,0.799350304764,0.));
#530 = PCURVE('',#496,#531);
#531 = DEFINITIONAL_REPRESENTATION('',(#532),#536);
#532 = LINE('',#533,#534);
#533 = CARTESIAN_POINT('',(0.151240359348,1.374139824816));
#534 = VECTOR('',#535,1.);
#535 = DIRECTION('',(-1.,0.));
#536 = ( GEOMETRIC_REPRESENTATION_CONTEXT(2) 
PARAMETRIC_REPRESENTATION_CONTEXT() REPRESENTATION_CONTEXT('2D SPACE',''
  ) );
#537 = SHELL_BASED_SURFACE_MODEL('',(#538));
#538 = OPEN_SHELL('',(#539));
#539 = ADVANCED_FACE('',(#540),#554,.T.);
#540 = FACE_BOUND('',#541,.T.);
#541 = EDGE_LOOP('',(#542,#565,#581));
#542 = ORIENTED_EDGE('',*,*,#543,.T.);
#543 = EDGE_CURVE('',#544,#546,#548,.T.);
#544 = VERTEX_POINT('',#545);
#545 = CARTESIAN_POINT('',(7.928999900818,45.618999481201,0.));
#546 = VERTEX_POINT('',#547);
#547 = CARTESIAN_POINT('',(7.716000080109,46.176998138428,3.));
#548 = SURFACE_CURVE('',#549,(#553),.PCURVE_S1.);
#549 = LINE('',#550,#551);
#550 = CARTESIAN_POINT('',(7.928999900818,45.618999481201,0.));
#551 = VECTOR('',#552,1.);
#552 = DIRECTION('',(-6.963332864585E-02,0.182419420604,0.980751933227)
  );
#553 = PCURVE('',#554,#559);
#554 = PLANE('',#555);
#555 = AXIS2_PLACEMENT_3D('',#556,#557,#558);
#556 = CARTESIAN_POINT('',(7.774499291374,46.02374692335,1.365401875307)
  );
#557 = DIRECTION('',(-0.934248629561,-0.356622346698,-0.));
#558 = DIRECTION('',(0.356622346698,-0.934248629561,0.));
#559 = DEFINITIONAL_REPRESENTATION('',(#560),#564);
#560 = LINE('',#561,#562);
#561 = CARTESIAN_POINT('',(0.433233113052,-1.365401875307));
#562 = VECTOR('',#563,1.);
#563 = DIRECTION('',(-0.195257894775,0.980751933227));
#564 = ( GEOMETRIC_REPRESENTATION_CONTEXT(2) 
PARAMETRIC_REPRESENTATION_CONTEXT() REPRESENTATION_CONTEXT('2D SPACE',''
  ) );
#565 = ORIENTED_EDGE('',*,*,#566,.F.);
#566 = EDGE_CURVE('',#567,#546,#569,.T.);
#567 = VERTEX_POINT('',#568);
#568 = CARTESIAN_POINT('',(7.716000080109,46.176998138428,0.));
#569 = SURFACE_CURVE('',#570,(#574),.PCURVE_S1.);
#570 = LINE('',#571,#572);
#571 = CARTESIAN_POINT('',(7.716000080109,46.176998138428,0.));
#572 = VECTOR('',#573,1.);
#573 = DIRECTION('',(0.,0.,1.));
#574 = PCURVE('',#554,#575);
#575 = DEFINITIONAL_REPRESENTATION('',(#576),#580);
#576 = LINE('',#577,#578);
#577 = CARTESIAN_POINT('',(-0.164036863666,-1.365401875307));
#578 = VECTOR('',#579,1.);
#579 = DIRECTION('',(0.,1.));
#580 = ( GEOMETRIC_REPRESENTATION_CONTEXT(2) 
PARAMETRIC_REPRESENTATION_CONTEXT() REPRESENTATION_CONTEXT('2D SPACE',''
  ) );
#581 = ORIENTED_EDGE('',*,*,#582,.T.);
#582 = EDGE_CURVE('',#567,#544,#583,.T.);
#583 = SURFACE_CURVE('',#584,(#588),.PCURVE_S1.);
#584 = LINE('',#585,#586);
#585 = CARTESIAN_POINT('',(7.716000080109,46.176998138428,0.));
#586 = VECTOR('',#587,1.);
#587 = DIRECTION('',(0.356622346698,-0.934248629561,0.));
#588 = PCURVE('',#554,#589);
#589 = DEFINITIONAL_REPRESENTATION('',(#590),#594);
#590 = LINE('',#591,#592);
#591 = CARTESIAN_POINT('',(-0.164036863666,-1.365401875307));
#592 = VECTOR('',#593,1.);
#593 = DIRECTION('',(1.,0.));
#594 = ( GEOMETRIC_REPRESENTATION_CONTEXT(2) 
PARAMETRIC_REPRESENTATION_CONTEXT() REPRESENTATION_CONTEXT('2D SPACE',''
  ) );
#595 = SHELL_BASED_SURFACE_MODEL('',(#596));
#596 = OPEN_SHELL('',(#597));
#597 = ADVANCED_FACE('',(#598),#612,.T.);
#598 = FACE_BOUND('',#599,.T.);
#599 = EDGE_LOOP('',(#600,#623,#639));
#600 = ORIENTED_EDGE('',*,*,#601,.T.);
#601 = EDGE_CURVE('',#602,#604,#606,.T.);
#602 = VERTEX_POINT('',#603);
#603 = CARTESIAN_POINT('',(7.928999900818,45.618999481201,3.));
#604 = VERTEX_POINT('',#605);
#605 = CARTESIAN_POINT('',(7.716000080109,46.176998138428,3.));
#606 = SURFACE_CURVE('',#607,(#611),.PCURVE_S1.);
#607 = LINE('',#608,#609);
#608 = CARTESIAN_POINT('',(7.928999900818,45.618999481201,3.));
#609 = VECTOR('',#610,1.);
#610 = DIRECTION('',(-0.356622346698,0.934248629561,0.));
#611 = PCURVE('',#612,#617);
#612 = PLANE('',#613);
#613 = AXIS2_PLACEMENT_3D('',#614,#615,#616);
#614 = CARTESIAN_POINT('',(7.870500689552,45.772250696279,1.634598124693
    ));
#615 = DIRECTION('',(-0.934248629561,-0.356622346698,-0.));
#616 = DIRECTION('',(0.356622346698,-0.934248629561,0.));
#617 = DEFINITIONAL_REPRESENTATION('',(#618),#622);
#618 = LINE('',#619,#620);
#619 = CARTESIAN_POINT('',(0.164036863666,1.365401875307));
#620 = VECTOR('',#621,1.);
#621 = DIRECTION('',(-1.,0.));
#622 = ( GEOMETRIC_REPRESENTATION_CONTEXT(2) 
PARAMETRIC_REPRESENTATION_CONTEXT() REPRESENTATION_CONTEXT('2D SPACE',''
  ) );
#623 = ORIENTED_EDGE('',*,*,#624,.F.);
#624 = EDGE_CURVE('',#625,#604,#627,.T.);
#625 = VERTEX_POINT('',#626);
#626 = CARTESIAN_POINT('',(7.928999900818,45.618999481201,0.));
#627 = SURFACE_CURVE('',#628,(#632),.PCURVE_S1.);
#628 = LINE('',#629,#630);
#629 = CARTESIAN_POINT('',(7.928999900818,45.618999481201,0.));
#630 = VECTOR('',#631,1.);
#631 = DIRECTION('',(-6.963332864585E-02,0.182419420604,0.980751933227)
  );
#632 = PCURVE('',#612,#633);
#633 = DEFINITIONAL_REPRESENTATION('',(#634),#638);
#634 = LINE('',#635,#636);
#635 = CARTESIAN_POINT('',(0.164036863666,-1.634598124693));
#636 = VECTOR('',#637,1.);
#637 = DIRECTION('',(-0.195257894775,0.980751933227));
#638 = ( GEOMETRIC_REPRESENTATION_CONTEXT(2) 
PARAMETRIC_REPRESENTATION_CONTEXT() REPRESENTATION_CONTEXT('2D SPACE',''
  ) );
#639 = ORIENTED_EDGE('',*,*,#640,.T.);
#640 = EDGE_CURVE('',#625,#602,#641,.T.);
#641 = SURFACE_CURVE('',#642,(#646),.PCURVE_S1.);
#642 = LINE('',#643,#644);
#643 = CARTESIAN_POINT('',(7.928999900818,45.618999481201,0.));
#644 = VECTOR('',#645,1.);
#645 = DIRECTION('',(0.,0.,1.));
#646 = PCURVE('',#612,#647);
#647 = DEFINITIONAL_REPRESENTATION('',(#648),#652);
#648 = LINE('',#649,#650);
#649 = CARTESIAN_POINT('',(0.164036863666,-1.634598124693));
#650 = VECTOR('',#651,1.);
#651 = DIRECTION('',(0.,1.));
#652 = ( GEOMETRIC_REPRESENTATION_CONTEXT(2) 
PARAMETRIC_REPRESENTATION_CONTEXT() REPRESENTATION_CONTEXT('2D SPACE',''
  ) );
#653 = SHELL_BASED_SURFACE_MODEL('',(#654));
#654 = OPEN_SHELL('',(#655));
#655 = ADVANCED_FACE('',(#656),#670,.T.);
#656 = FACE_BOUND('',#657,.T.);
#657 = EDGE_LOOP('',(#658,#681,#697));
#658 = ORIENTED_EDGE('',*,*,#659,.T.);
#659 = EDGE_CURVE('',#660,#662,#664,.T.);
#660 = VERTEX_POINT('',#661);
#661 = CARTESIAN_POINT('',(7.928999900818,45.618999481201,0.));
#662 = VERTEX_POINT('',#663);
#663 = CARTESIAN_POINT('',(8.001999855042,45.,3.));
#664 = SURFACE_CURVE('',#665,(#669),.PCURVE_S1.);
#665 = LINE('',#666,#667);
#666 = CARTESIAN_POINT('',(7.928999900818,45.618999481201,0.));
#667 = VECTOR('',#668,1.);
#668 = DIRECTION('',(2.382455122788E-02,-0.202019097228,0.979091760314)
  );
#669 = PCURVE('',#670,#675);
#670 = PLANE('',#671);
#671 = AXIS2_PLACEMENT_3D('',#672,#673,#674);
#672 = CARTESIAN_POINT('',(7.949125697298,45.448343790901,1.639806237683
    ));
#673 = DIRECTION('',(-0.993117707772,-0.117120529835,-0.));
#674 = DIRECTION('',(0.117120529835,-0.993117707772,0.));
#675 = DEFINITIONAL_REPRESENTATION('',(#676),#680);
#676 = LINE('',#677,#678);
#677 = CARTESIAN_POINT('',(-0.171838331917,-1.639806237683));
#678 = VECTOR('',#679,1.);
#679 = DIRECTION('',(0.203419086828,0.979091760314));
#680 = ( GEOMETRIC_REPRESENTATION_CONTEXT(2) 
PARAMETRIC_REPRESENTATION_CONTEXT() REPRESENTATION_CONTEXT('2D SPACE',''
  ) );
#681 = ORIENTED_EDGE('',*,*,#682,.T.);
#682 = EDGE_CURVE('',#662,#683,#685,.T.);
#683 = VERTEX_POINT('',#684);
#684 = CARTESIAN_POINT('',(7.928999900818,45.618999481201,3.));
#685 = SURFACE_CURVE('',#686,(#690),.PCURVE_S1.);
#686 = LINE('',#687,#688);
#687 = CARTESIAN_POINT('',(8.001999855042,45.,3.));
#688 = VECTOR('',#689,1.);
#689 = DIRECTION('',(-0.117120529835,0.993117707772,0.));
#690 = PCURVE('',#670,#691);
#691 = DEFINITIONAL_REPRESENTATION('',(#692),#696);
#692 = LINE('',#693,#694);
#693 = CARTESIAN_POINT('',(0.451450807283,1.360193762317));
#694 = VECTOR('',#695,1.);
#695 = DIRECTION('',(-1.,0.));
#696 = ( GEOMETRIC_REPRESENTATION_CONTEXT(2) 
PARAMETRIC_REPRESENTATION_CONTEXT() REPRESENTATION_CONTEXT('2D SPACE',''
  ) );
#697 = ORIENTED_EDGE('',*,*,#698,.F.);
#698 = EDGE_CURVE('',#660,#683,#699,.T.);
#699 = SURFACE_CURVE('',#700,(#704),.PCURVE_S1.);
#700 = LINE('',#701,#702);
#701 = CARTESIAN_POINT('',(7.928999900818,45.618999481201,0.));
#702 = VECTOR('',#703,1.);
#703 = DIRECTION('',(0.,0.,1.));
#704 = PCURVE('',#670,#705);
#705 = DEFINITIONAL_REPRESENTATION('',(#706),#710);
#706 = LINE('',#707,#708);
#707 = CARTESIAN_POINT('',(-0.171838331917,-1.639806237683));
#708 = VECTOR('',#709,1.);
#709 = DIRECTION('',(0.,1.));
#710 = ( GEOMETRIC_REPRESENTATION_CONTEXT(2) 
PARAMETRIC_REPRESENTATION_CONTEXT() REPRESENTATION_CONTEXT('2D SPACE',''
  ) );
#711 = SHELL_BASED_SURFACE_MODEL('',(#712));
#712 = OPEN_SHELL('',(#713));
#713 = ADVANCED_FACE('',(#714),#728,.T.);
#714 = FACE_BOUND('',#715,.T.);
#715 = EDGE_LOOP('',(#716,#739,#755));
#716 = ORIENTED_EDGE('',*,*,#717,.T.);
#717 = EDGE_CURVE('',#718,#720,#722,.T.);
#718 = VERTEX_POINT('',#719);
#719 = CARTESIAN_POINT('',(-12.03600025177,14.904000282288,3.));
#720 = VERTEX_POINT('',#721);
#721 = CARTESIAN_POINT('',(-11.61699962616,14.619999885559,3.));
#722 = SURFACE_CURVE('',#723,(#727),.PCURVE_S1.);
#723 = LINE('',#724,#725);
#724 = CARTESIAN_POINT('',(-12.03600025177,14.904000282288,3.));
#725 = VECTOR('',#726,1.);
#726 = DIRECTION('',(0.827770729126,-0.561066502299,0.));
#727 = PCURVE('',#728,#733);
#728 = PLANE('',#729);
#729 = AXIS2_PLACEMENT_3D('',#730,#731,#732);
#730 = CARTESIAN_POINT('',(-2.962201875763,28.822740553461,3.));
#731 = DIRECTION('',(0.,0.,1.));
#732 = DIRECTION('',(1.,0.,-0.));
#733 = DEFINITIONAL_REPRESENTATION('',(#734),#738);
#734 = LINE('',#735,#736);
#735 = CARTESIAN_POINT('',(-9.073798376007,-13.91874027117));
#736 = VECTOR('',#737,1.);
#737 = DIRECTION('',(0.827770729126,-0.561066502299));
#738 = ( GEOMETRIC_REPRESENTATION_CONTEXT(2) 
PARAMETRIC_REPRESENTATION_CONTEXT() REPRESENTATION_CONTEXT('2D SPACE',''
  ) );
#739 = ORIENTED_EDGE('',*,*,#740,.T.);
#740 = EDGE_CURVE('',#720,#741,#743,.T.);
#741 = VERTEX_POINT('',#742);
#742 = CARTESIAN_POINT('',(6.035999774933,43.096000671387,3.));
#743 = SURFACE_CURVE('',#744,(#748),.PCURVE_S1.);
#744 = LINE('',#745,#746);
#745 = CARTESIAN_POINT('',(-11.61699962616,14.619999885559,3.));
#746 = VECTOR('',#747,1.);
#747 = DIRECTION('',(0.526893938077,0.849931043096,0.));
#748 = PCURVE('',#728,#749);
#749 = DEFINITIONAL_REPRESENTATION('',(#750),#754);
#750 = LINE('',#751,#752);
#751 = CARTESIAN_POINT('',(-8.654797750397,-14.2027406679));
#752 = VECTOR('',#753,1.);
#753 = DIRECTION('',(0.526893938077,0.849931043096));
#754 = ( GEOMETRIC_REPRESENTATION_CONTEXT(2) 
PARAMETRIC_REPRESENTATION_CONTEXT() REPRESENTATION_CONTEXT('2D SPACE',''
  ) );
#755 = ORIENTED_EDGE('',*,*,#756,.T.);
#756 = EDGE_CURVE('',#741,#718,#757,.T.);
#757 = SURFACE_CURVE('',#758,(#762),.PCURVE_S1.);
#758 = LINE('',#759,#760);
#759 = CARTESIAN_POINT('',(6.035999774933,43.096000671387,3.));
#760 = VECTOR('',#761,1.);
#761 = DIRECTION('',(-0.539670451574,-0.841876358914,0.));
#762 = PCURVE('',#728,#763);
#763 = DEFINITIONAL_REPRESENTATION('',(#764),#768);
#764 = LINE('',#765,#766);
#765 = CARTESIAN_POINT('',(8.998201650696,14.273260117926));
#766 = VECTOR('',#767,1.);
#767 = DIRECTION('',(-0.539670451574,-0.841876358914));
#768 = ( GEOMETRIC_REPRESENTATION_CONTEXT(2) 
PARAMETRIC_REPRESENTATION_CONTEXT() REPRESENTATION_CONTEXT('2D SPACE',''
  ) );
#769 = SHELL_BASED_SURFACE_MODEL('',(#770));
#770 = OPEN_SHELL('',(#771));
#771 = ADVANCED_FACE('',(#772),#786,.T.);
#772 = FACE_BOUND('',#773,.T.);
#773 = EDGE_LOOP('',(#774,#797,#813));
#774 = ORIENTED_EDGE('',*,*,#775,.T.);
#775 = EDGE_CURVE('',#776,#778,#780,.T.);
#776 = VERTEX_POINT('',#777);
#777 = CARTESIAN_POINT('',(-10.99800014495,13.,3.));
#778 = VERTEX_POINT('',#779);
#779 = CARTESIAN_POINT('',(-6.002999782562,7.002999782562,3.));
#780 = SURFACE_CURVE('',#781,(#785),.PCURVE_S1.);
#781 = LINE('',#782,#783);
#782 = CARTESIAN_POINT('',(-10.99800014495,13.,3.));
#783 = VECTOR('',#784,1.);
#784 = DIRECTION('',(0.639995353872,-0.768378778353,0.));
#785 = PCURVE('',#786,#791);
#786 = PLANE('',#787);
#787 = AXIS2_PLACEMENT_3D('',#788,#789,#790);
#788 = CARTESIAN_POINT('',(-6.285346005837,9.388200841615,3.));
#789 = DIRECTION('',(0.,0.,1.));
#790 = DIRECTION('',(1.,0.,-0.));
#791 = DEFINITIONAL_REPRESENTATION('',(#792),#796);
#792 = LINE('',#793,#794);
#793 = CARTESIAN_POINT('',(-4.712654139121,3.611799158385));
#794 = VECTOR('',#795,1.);
#795 = DIRECTION('',(0.639995353872,-0.768378778353));
#796 = ( GEOMETRIC_REPRESENTATION_CONTEXT(2) 
PARAMETRIC_REPRESENTATION_CONTEXT() REPRESENTATION_CONTEXT('2D SPACE',''
  ) );
#797 = ORIENTED_EDGE('',*,*,#798,.T.);
#798 = EDGE_CURVE('',#778,#799,#801,.T.);
#799 = VERTEX_POINT('',#800);
#800 = CARTESIAN_POINT('',(-0.998000025749,7.002999782562,3.));
#801 = SURFACE_CURVE('',#802,(#806),.PCURVE_S1.);
#802 = LINE('',#803,#804);
#803 = CARTESIAN_POINT('',(-6.002999782562,7.002999782562,3.));
#804 = VECTOR('',#805,1.);
#805 = DIRECTION('',(1.,0.,0.));
#806 = PCURVE('',#786,#807);
#807 = DEFINITIONAL_REPRESENTATION('',(#808),#812);
#808 = LINE('',#809,#810);
#809 = CARTESIAN_POINT('',(0.282346223275,-2.385201059053));
#810 = VECTOR('',#811,1.);
#811 = DIRECTION('',(1.,0.));
#812 = ( GEOMETRIC_REPRESENTATION_CONTEXT(2) 
PARAMETRIC_REPRESENTATION_CONTEXT() REPRESENTATION_CONTEXT('2D SPACE',''
  ) );
#813 = ORIENTED_EDGE('',*,*,#814,.T.);
#814 = EDGE_CURVE('',#799,#776,#815,.T.);
#815 = SURFACE_CURVE('',#816,(#820),.PCURVE_S1.);
#816 = LINE('',#817,#818);
#817 = CARTESIAN_POINT('',(-0.998000025749,7.002999782562,3.));
#818 = VECTOR('',#819,1.);
#819 = DIRECTION('',(-0.857606406055,0.514306574228,0.));
#820 = PCURVE('',#786,#821);
#821 = DEFINITIONAL_REPRESENTATION('',(#822),#826);
#822 = LINE('',#823,#824);
#823 = CARTESIAN_POINT('',(5.287345980088,-2.385201059053));
#824 = VECTOR('',#825,1.);
#825 = DIRECTION('',(-0.857606406055,0.514306574228));
#826 = ( GEOMETRIC_REPRESENTATION_CONTEXT(2) 
PARAMETRIC_REPRESENTATION_CONTEXT() REPRESENTATION_CONTEXT('2D SPACE',''
  ) );
#827 = SHELL_BASED_SURFACE_MODEL('',(#828));
#828 = OPEN_SHELL('',(#829));
#829 = ADVANCED_FACE('',(#830),#844,.T.);
#830 = FACE_BOUND('',#831,.T.);
#831 = EDGE_LOOP('',(#832,#855,#871));
#832 = ORIENTED_EDGE('',*,*,#833,.T.);
#833 = EDGE_CURVE('',#834,#836,#838,.T.);
#834 = VERTEX_POINT('',#835);
#835 = CARTESIAN_POINT('',(-12.5,15.003000259399,3.));
#836 = VERTEX_POINT('',#837);
#837 = CARTESIAN_POINT('',(-12.03600025177,14.904000282288,3.));
#838 = SURFACE_CURVE('',#839,(#843),.PCURVE_S1.);
#839 = LINE('',#840,#841);
#840 = CARTESIAN_POINT('',(-12.5,15.003000259399,3.));
#841 = VECTOR('',#842,1.);
#842 = DIRECTION('',(0.977987088447,-0.208665413594,0.));
#843 = PCURVE('',#844,#849);
#844 = PLANE('',#845);
#845 = AXIS2_PLACEMENT_3D('',#846,#847,#848);
#846 = CARTESIAN_POINT('',(-3.388499806505,29.067123327596,3.));
#847 = DIRECTION('',(0.,0.,1.));
#848 = DIRECTION('',(1.,0.,-0.));
#849 = DEFINITIONAL_REPRESENTATION('',(#850),#854);
#850 = LINE('',#851,#852);
#851 = CARTESIAN_POINT('',(-9.111500193495,-14.06412306819));
#852 = VECTOR('',#853,1.);
#853 = DIRECTION('',(0.977987088447,-0.208665413594));
#854 = ( GEOMETRIC_REPRESENTATION_CONTEXT(2) 
PARAMETRIC_REPRESENTATION_CONTEXT() REPRESENTATION_CONTEXT('2D SPACE',''
  ) );
#855 = ORIENTED_EDGE('',*,*,#856,.T.);
#856 = EDGE_CURVE('',#836,#857,#859,.T.);
#857 = VERTEX_POINT('',#858);
#858 = CARTESIAN_POINT('',(5.617000102997,43.380001068115,3.));
#859 = SURFACE_CURVE('',#860,(#864),.PCURVE_S1.);
#860 = LINE('',#861,#862);
#861 = CARTESIAN_POINT('',(-12.03600025177,14.904000282288,3.));
#862 = VECTOR('',#863,1.);
#863 = DIRECTION('',(0.52689395864,0.849931030348,0.));
#864 = PCURVE('',#844,#865);
#865 = DEFINITIONAL_REPRESENTATION('',(#866),#870);
#866 = LINE('',#867,#868);
#867 = CARTESIAN_POINT('',(-8.647500445265,-14.1631230453));
#868 = VECTOR('',#869,1.);
#869 = DIRECTION('',(0.52689395864,0.849931030348));
#870 = ( GEOMETRIC_REPRESENTATION_CONTEXT(2) 
PARAMETRIC_REPRESENTATION_CONTEXT() REPRESENTATION_CONTEXT('2D SPACE',''
  ) );
#871 = ORIENTED_EDGE('',*,*,#872,.T.);
#872 = EDGE_CURVE('',#857,#834,#873,.T.);
#873 = SURFACE_CURVE('',#874,(#878),.PCURVE_S1.);
#874 = LINE('',#875,#876);
#875 = CARTESIAN_POINT('',(5.617000102997,43.380001068115,3.));
#876 = VECTOR('',#877,1.);
#877 = DIRECTION('',(-0.538120307143,-0.842868041297,0.));
#878 = PCURVE('',#844,#879);
#879 = DEFINITIONAL_REPRESENTATION('',(#880),#884);
#880 = LINE('',#881,#882);
#881 = CARTESIAN_POINT('',(9.005499909502,14.31287774052));
#882 = VECTOR('',#883,1.);
#883 = DIRECTION('',(-0.538120307143,-0.842868041297));
#884 = ( GEOMETRIC_REPRESENTATION_CONTEXT(2) 
PARAMETRIC_REPRESENTATION_CONTEXT() REPRESENTATION_CONTEXT('2D SPACE',''
  ) );
#885 = SHELL_BASED_SURFACE_MODEL('',(#886));
#886 = OPEN_SHELL('',(#887));
#887 = ADVANCED_FACE('',(#888),#902,.T.);
#888 = FACE_BOUND('',#889,.T.);
#889 = EDGE_LOOP('',(#890,#913,#929));
#890 = ORIENTED_EDGE('',*,*,#891,.T.);
#891 = EDGE_CURVE('',#892,#894,#896,.T.);
#892 = VERTEX_POINT('',#893);
#893 = CARTESIAN_POINT('',(-11.61699962616,14.619999885559,3.));
#894 = VERTEX_POINT('',#895);
#895 = CARTESIAN_POINT('',(-11.28400039672,14.177000045776,3.));
#896 = SURFACE_CURVE('',#897,(#901),.PCURVE_S1.);
#897 = LINE('',#898,#899);
#898 = CARTESIAN_POINT('',(-11.61699962616,14.619999885559,3.));
#899 = VECTOR('',#900,1.);
#900 = DIRECTION('',(0.600865011607,-0.799350509993,0.));
#901 = PCURVE('',#902,#907);
#902 = PLANE('',#903);
#903 = AXIS2_PLACEMENT_3D('',#904,#905,#906);
#904 = CARTESIAN_POINT('',(-2.778500698597,28.629570941638,3.));
#905 = DIRECTION('',(0.,0.,1.));
#906 = DIRECTION('',(1.,0.,-0.));
#907 = DEFINITIONAL_REPRESENTATION('',(#908),#912);
#908 = LINE('',#909,#910);
#909 = CARTESIAN_POINT('',(-8.838498927563,-14.00957105607));
#910 = VECTOR('',#911,1.);
#911 = DIRECTION('',(0.600865011607,-0.799350509993));
#912 = ( GEOMETRIC_REPRESENTATION_CONTEXT(2) 
PARAMETRIC_REPRESENTATION_CONTEXT() REPRESENTATION_CONTEXT('2D SPACE',''
  ) );
#913 = ORIENTED_EDGE('',*,*,#914,.T.);
#914 = EDGE_CURVE('',#894,#915,#917,.T.);
#915 = VERTEX_POINT('',#916);
#916 = CARTESIAN_POINT('',(6.035999774933,43.096000671387,3.));
#917 = SURFACE_CURVE('',#918,(#922),.PCURVE_S1.);
#918 = LINE('',#919,#920);
#919 = CARTESIAN_POINT('',(-11.28400039672,14.177000045776,3.));
#920 = VECTOR('',#921,1.);
#921 = DIRECTION('',(0.513810657222,0.857903612608,0.));
#922 = PCURVE('',#902,#923);
#923 = DEFINITIONAL_REPRESENTATION('',(#924),#928);
#924 = LINE('',#925,#926);
#925 = CARTESIAN_POINT('',(-8.505499698132,-14.45257089586));
#926 = VECTOR('',#927,1.);
#927 = DIRECTION('',(0.513810657222,0.857903612608));
#928 = ( GEOMETRIC_REPRESENTATION_CONTEXT(2) 
PARAMETRIC_REPRESENTATION_CONTEXT() REPRESENTATION_CONTEXT('2D SPACE',''
  ) );
#929 = ORIENTED_EDGE('',*,*,#930,.F.);
#930 = EDGE_CURVE('',#892,#915,#931,.T.);
#931 = SURFACE_CURVE('',#932,(#936),.PCURVE_S1.);
#932 = LINE('',#933,#934);
#933 = CARTESIAN_POINT('',(-11.61699962616,14.619999885559,3.));
#934 = VECTOR('',#935,1.);
#935 = DIRECTION('',(0.526893938077,0.849931043096,0.));
#936 = PCURVE('',#902,#937);
#937 = DEFINITIONAL_REPRESENTATION('',(#938),#942);
#938 = LINE('',#939,#940);
#939 = CARTESIAN_POINT('',(-8.838498927563,-14.00957105607));
#940 = VECTOR('',#941,1.);
#941 = DIRECTION('',(0.526893938077,0.849931043096));
#942 = ( GEOMETRIC_REPRESENTATION_CONTEXT(2) 
PARAMETRIC_REPRESENTATION_CONTEXT() REPRESENTATION_CONTEXT('2D SPACE',''
  ) );
#943 = SHELL_BASED_SURFACE_MODEL('',(#944));
#944 = OPEN_SHELL('',(#945));
#945 = ADVANCED_FACE('',(#946),#960,.T.);
#946 = FACE_BOUND('',#947,.T.);
#947 = EDGE_LOOP('',(#948,#971,#987));
#948 = ORIENTED_EDGE('',*,*,#949,.T.);
#949 = EDGE_CURVE('',#950,#952,#954,.T.);
#950 = VERTEX_POINT('',#951);
#951 = CARTESIAN_POINT('',(-11.28400039672,14.177000045776,3.));
#952 = VERTEX_POINT('',#953);
#953 = CARTESIAN_POINT('',(-11.07100009918,13.619000434875,3.));
#954 = SURFACE_CURVE('',#955,(#959),.PCURVE_S1.);
#955 = LINE('',#956,#957);
#956 = CARTESIAN_POINT('',(-11.28400039672,14.177000045776,3.));
#957 = VECTOR('',#958,1.);
#958 = DIRECTION('',(0.356622511537,-0.934248566638,0.));
#959 = PCURVE('',#960,#965);
#960 = PLANE('',#961);
#961 = AXIS2_PLACEMENT_3D('',#962,#963,#964);
#962 = CARTESIAN_POINT('',(-2.645628233427,28.368738557454,3.));
#963 = DIRECTION('',(0.,0.,1.));
#964 = DIRECTION('',(1.,0.,-0.));
#965 = DEFINITIONAL_REPRESENTATION('',(#966),#970);
#966 = LINE('',#967,#968);
#967 = CARTESIAN_POINT('',(-8.638372163302,-14.19173851167));
#968 = VECTOR('',#969,1.);
#969 = DIRECTION('',(0.356622511537,-0.934248566638));
#970 = ( GEOMETRIC_REPRESENTATION_CONTEXT(2) 
PARAMETRIC_REPRESENTATION_CONTEXT() REPRESENTATION_CONTEXT('2D SPACE',''
  ) );
#971 = ORIENTED_EDGE('',*,*,#972,.T.);
#972 = EDGE_CURVE('',#952,#973,#975,.T.);
#973 = VERTEX_POINT('',#974);
#974 = CARTESIAN_POINT('',(6.035999774933,43.096000671387,3.));
#975 = SURFACE_CURVE('',#976,(#980),.PCURVE_S1.);
#976 = LINE('',#977,#978);
#977 = CARTESIAN_POINT('',(-11.07100009918,13.619000434875,3.));
#978 = VECTOR('',#979,1.);
#979 = DIRECTION('',(0.501945087926,0.864899490523,0.));
#980 = PCURVE('',#960,#981);
#981 = DEFINITIONAL_REPRESENTATION('',(#982),#986);
#982 = LINE('',#983,#984);
#983 = CARTESIAN_POINT('',(-8.425371865755,-14.74973812257));
#984 = VECTOR('',#985,1.);
#985 = DIRECTION('',(0.501945087926,0.864899490523));
#986 = ( GEOMETRIC_REPRESENTATION_CONTEXT(2) 
PARAMETRIC_REPRESENTATION_CONTEXT() REPRESENTATION_CONTEXT('2D SPACE',''
  ) );
#987 = ORIENTED_EDGE('',*,*,#988,.F.);
#988 = EDGE_CURVE('',#950,#973,#989,.T.);
#989 = SURFACE_CURVE('',#990,(#994),.PCURVE_S1.);
#990 = LINE('',#991,#992);
#991 = CARTESIAN_POINT('',(-11.28400039672,14.177000045776,3.));
#992 = VECTOR('',#993,1.);
#993 = DIRECTION('',(0.513810657222,0.857903612608,0.));
#994 = PCURVE('',#960,#995);
#995 = DEFINITIONAL_REPRESENTATION('',(#996),#1000);
#996 = LINE('',#997,#998);
#997 = CARTESIAN_POINT('',(-8.638372163302,-14.19173851167));
#998 = VECTOR('',#999,1.);
#999 = DIRECTION('',(0.513810657222,0.857903612608));
#1000 = ( GEOMETRIC_REPRESENTATION_CONTEXT(2) 
PARAMETRIC_REPRESENTATION_CONTEXT() REPRESENTATION_CONTEXT('2D SPACE',''
  ) );
#1001 = SHELL_BASED_SURFACE_MODEL('',(#1002));
#1002 = OPEN_SHELL('',(#1003));
#1003 = ADVANCED_FACE('',(#1004),#1018,.T.);
#1004 = FACE_BOUND('',#1005,.T.);
#1005 = EDGE_LOOP('',(#1006,#1029,#1045));
#1006 = ORIENTED_EDGE('',*,*,#1007,.T.);
#1007 = EDGE_CURVE('',#1008,#1010,#1012,.T.);
#1008 = VERTEX_POINT('',#1009);
#1009 = CARTESIAN_POINT('',(11.,42.998001098633,3.));
#1010 = VERTEX_POINT('',#1011);
#1011 = CARTESIAN_POINT('',(7.382999897003,43.380001068115,3.));
#1012 = SURFACE_CURVE('',#1013,(#1017),.PCURVE_S1.);
#1013 = LINE('',#1014,#1015);
#1014 = CARTESIAN_POINT('',(11.,42.998001098633,3.));
#1015 = VECTOR('',#1016,1.);
#1016 = DIRECTION('',(-0.994469237889,0.105028257591,0.));
#1017 = PCURVE('',#1018,#1023);
#1018 = PLANE('',#1019);
#1019 = AXIS2_PLACEMENT_3D('',#1020,#1021,#1022);
#1020 = CARTESIAN_POINT('',(4.338592657295,25.929211553935,3.));
#1021 = DIRECTION('',(0.,0.,1.));
#1022 = DIRECTION('',(1.,0.,-0.));
#1023 = DEFINITIONAL_REPRESENTATION('',(#1024),#1028);
#1024 = LINE('',#1025,#1026);
#1025 = CARTESIAN_POINT('',(6.661407342705,17.068789544697));
#1026 = VECTOR('',#1027,1.);
#1027 = DIRECTION('',(-0.994469237889,0.105028257591));
#1028 = ( GEOMETRIC_REPRESENTATION_CONTEXT(2) 
PARAMETRIC_REPRESENTATION_CONTEXT() REPRESENTATION_CONTEXT('2D SPACE',''
  ) );
#1029 = ORIENTED_EDGE('',*,*,#1030,.T.);
#1030 = EDGE_CURVE('',#1010,#1031,#1033,.T.);
#1031 = VERTEX_POINT('',#1032);
#1032 = CARTESIAN_POINT('',(-0.998000025749,7.002999782562,3.));
#1033 = SURFACE_CURVE('',#1034,(#1038),.PCURVE_S1.);
#1034 = LINE('',#1035,#1036);
#1035 = CARTESIAN_POINT('',(7.382999897003,43.380001068115,3.));
#1036 = VECTOR('',#1037,1.);
#1037 = DIRECTION('',(-0.224511237258,-0.974471500017,0.));
#1038 = PCURVE('',#1018,#1039);
#1039 = DEFINITIONAL_REPRESENTATION('',(#1040),#1044);
#1040 = LINE('',#1041,#1042);
#1041 = CARTESIAN_POINT('',(3.044407239708,17.45078951418));
#1042 = VECTOR('',#1043,1.);
#1043 = DIRECTION('',(-0.224511237258,-0.974471500017));
#1044 = ( GEOMETRIC_REPRESENTATION_CONTEXT(2) 
PARAMETRIC_REPRESENTATION_CONTEXT() REPRESENTATION_CONTEXT('2D SPACE',''
  ) );
#1045 = ORIENTED_EDGE('',*,*,#1046,.T.);
#1046 = EDGE_CURVE('',#1031,#1008,#1047,.T.);
#1047 = SURFACE_CURVE('',#1048,(#1052),.PCURVE_S1.);
#1048 = LINE('',#1049,#1050);
#1049 = CARTESIAN_POINT('',(-0.998000025749,7.002999782562,3.));
#1050 = VECTOR('',#1051,1.);
#1051 = DIRECTION('',(0.316219849397,0.948685936887,0.));
#1052 = PCURVE('',#1018,#1053);
#1053 = DEFINITIONAL_REPRESENTATION('',(#1054),#1058);
#1054 = LINE('',#1055,#1056);
#1055 = CARTESIAN_POINT('',(-5.336592683045,-18.92621177137));
#1056 = VECTOR('',#1057,1.);
#1057 = DIRECTION('',(0.316219849397,0.948685936887));
#1058 = ( GEOMETRIC_REPRESENTATION_CONTEXT(2) 
PARAMETRIC_REPRESENTATION_CONTEXT() REPRESENTATION_CONTEXT('2D SPACE',''
  ) );
#1059 = SHELL_BASED_SURFACE_MODEL('',(#1060));
#1060 = OPEN_SHELL('',(#1061));
#1061 = ADVANCED_FACE('',(#1062),#1076,.T.);
#1062 = FACE_BOUND('',#1063,.T.);
#1063 = EDGE_LOOP('',(#1064,#1087,#1103));
#1064 = ORIENTED_EDGE('',*,*,#1065,.T.);
#1065 = EDGE_CURVE('',#1066,#1068,#1070,.T.);
#1066 = VERTEX_POINT('',#1067);
#1067 = CARTESIAN_POINT('',(-0.998000025749,7.002999782562,3.));
#1068 = VERTEX_POINT('',#1069);
#1069 = CARTESIAN_POINT('',(-11.07100009918,13.619000434875,3.));
#1070 = SURFACE_CURVE('',#1071,(#1075),.PCURVE_S1.);
#1071 = LINE('',#1072,#1073);
#1072 = CARTESIAN_POINT('',(-0.998000025749,7.002999782562,3.));
#1073 = VECTOR('',#1074,1.);
#1074 = DIRECTION('',(-0.835834914726,0.548980869725,0.));
#1075 = PCURVE('',#1076,#1081);
#1076 = PLANE('',#1077);
#1077 = AXIS2_PLACEMENT_3D('',#1078,#1079,#1080);
#1078 = CARTESIAN_POINT('',(-6.145074930021,10.239500477231,3.));
#1079 = DIRECTION('',(0.,0.,1.));
#1080 = DIRECTION('',(1.,0.,-0.));
#1081 = DEFINITIONAL_REPRESENTATION('',(#1082),#1086);
#1082 = LINE('',#1083,#1084);
#1083 = CARTESIAN_POINT('',(5.147074904271,-3.236500694669));
#1084 = VECTOR('',#1085,1.);
#1085 = DIRECTION('',(-0.835834914726,0.548980869725));
#1086 = ( GEOMETRIC_REPRESENTATION_CONTEXT(2) 
PARAMETRIC_REPRESENTATION_CONTEXT() REPRESENTATION_CONTEXT('2D SPACE',''
  ) );
#1087 = ORIENTED_EDGE('',*,*,#1088,.T.);
#1088 = EDGE_CURVE('',#1068,#1089,#1091,.T.);
#1089 = VERTEX_POINT('',#1090);
#1090 = CARTESIAN_POINT('',(-10.99800014495,13.,3.));
#1091 = SURFACE_CURVE('',#1092,(#1096),.PCURVE_S1.);
#1092 = LINE('',#1093,#1094);
#1093 = CARTESIAN_POINT('',(-11.07100009918,13.619000434875,3.));
#1094 = VECTOR('',#1095,1.);
#1095 = DIRECTION('',(0.117120351867,-0.993117728761,0.));
#1096 = PCURVE('',#1076,#1097);
#1097 = DEFINITIONAL_REPRESENTATION('',(#1098),#1102);
#1098 = LINE('',#1099,#1100);
#1099 = CARTESIAN_POINT('',(-4.925925169161,3.379499957644));
#1100 = VECTOR('',#1101,1.);
#1101 = DIRECTION('',(0.117120351867,-0.993117728761));
#1102 = ( GEOMETRIC_REPRESENTATION_CONTEXT(2) 
PARAMETRIC_REPRESENTATION_CONTEXT() REPRESENTATION_CONTEXT('2D SPACE',''
  ) );
#1103 = ORIENTED_EDGE('',*,*,#1104,.F.);
#1104 = EDGE_CURVE('',#1066,#1089,#1105,.T.);
#1105 = SURFACE_CURVE('',#1106,(#1110),.PCURVE_S1.);
#1106 = LINE('',#1107,#1108);
#1107 = CARTESIAN_POINT('',(-0.998000025749,7.002999782562,3.));
#1108 = VECTOR('',#1109,1.);
#1109 = DIRECTION('',(-0.857606406055,0.514306574228,0.));
#1110 = PCURVE('',#1076,#1111);
#1111 = DEFINITIONAL_REPRESENTATION('',(#1112),#1116);
#1112 = LINE('',#1113,#1114);
#1113 = CARTESIAN_POINT('',(5.147074904271,-3.236500694669));
#1114 = VECTOR('',#1115,1.);
#1115 = DIRECTION('',(-0.857606406055,0.514306574228));
#1116 = ( GEOMETRIC_REPRESENTATION_CONTEXT(2) 
PARAMETRIC_REPRESENTATION_CONTEXT() REPRESENTATION_CONTEXT('2D SPACE',''
  ) );
#1117 = SHELL_BASED_SURFACE_MODEL('',(#1118));
#1118 = OPEN_SHELL('',(#1119));
#1119 = ADVANCED_FACE('',(#1120),#1134,.T.);
#1120 = FACE_BOUND('',#1121,.T.);
#1121 = EDGE_LOOP('',(#1122,#1145,#1161));
#1122 = ORIENTED_EDGE('',*,*,#1123,.T.);
#1123 = EDGE_CURVE('',#1124,#1126,#1128,.T.);
#1124 = VERTEX_POINT('',#1125);
#1125 = CARTESIAN_POINT('',(5.071000099182,44.381000518799,3.));
#1126 = VERTEX_POINT('',#1127);
#1127 = CARTESIAN_POINT('',(4.998000144958,45.,3.));
#1128 = SURFACE_CURVE('',#1129,(#1133),.PCURVE_S1.);
#1129 = LINE('',#1130,#1131);
#1130 = CARTESIAN_POINT('',(5.071000099182,44.381000518799,3.));
#1131 = VECTOR('',#1132,1.);
#1132 = DIRECTION('',(-0.117120529835,0.993117707772,0.));
#1133 = PCURVE('',#1134,#1139);
#1134 = PLANE('',#1135);
#1135 = AXIS2_PLACEMENT_3D('',#1136,#1137,#1138);
#1136 = CARTESIAN_POINT('',(-5.836720228716,48.295972996073,3.));
#1137 = DIRECTION('',(0.,0.,1.));
#1138 = DIRECTION('',(1.,0.,-0.));
#1139 = DEFINITIONAL_REPRESENTATION('',(#1140),#1144);
#1140 = LINE('',#1141,#1142);
#1141 = CARTESIAN_POINT('',(10.907720327898,-3.914972477274));
#1142 = VECTOR('',#1143,1.);
#1143 = DIRECTION('',(-0.117120529835,0.993117707772));
#1144 = ( GEOMETRIC_REPRESENTATION_CONTEXT(2) 
PARAMETRIC_REPRESENTATION_CONTEXT() REPRESENTATION_CONTEXT('2D SPACE',''
  ) );
#1145 = ORIENTED_EDGE('',*,*,#1146,.T.);
#1146 = EDGE_CURVE('',#1126,#1147,#1149,.T.);
#1147 = VERTEX_POINT('',#1148);
#1148 = CARTESIAN_POINT('',(-17.,52.,3.));
#1149 = SURFACE_CURVE('',#1150,(#1154),.PCURVE_S1.);
#1150 = LINE('',#1151,#1152);
#1151 = CARTESIAN_POINT('',(4.998000144958,45.,3.));
#1152 = VECTOR('',#1153,1.);
#1153 = DIRECTION('',(-0.952917815531,0.30322868737,0.));
#1154 = PCURVE('',#1134,#1155);
#1155 = DEFINITIONAL_REPRESENTATION('',(#1156),#1160);
#1156 = LINE('',#1157,#1158);
#1157 = CARTESIAN_POINT('',(10.834720373674,-3.295972996073));
#1158 = VECTOR('',#1159,1.);
#1159 = DIRECTION('',(-0.952917815531,0.30322868737));
#1160 = ( GEOMETRIC_REPRESENTATION_CONTEXT(2) 
PARAMETRIC_REPRESENTATION_CONTEXT() REPRESENTATION_CONTEXT('2D SPACE',''
  ) );
#1161 = ORIENTED_EDGE('',*,*,#1162,.T.);
#1162 = EDGE_CURVE('',#1147,#1124,#1163,.T.);
#1163 = SURFACE_CURVE('',#1164,(#1168),.PCURVE_S1.);
#1164 = LINE('',#1165,#1166);
#1165 = CARTESIAN_POINT('',(-17.,52.,3.));
#1166 = VECTOR('',#1167,1.);
#1167 = DIRECTION('',(0.945263247654,-0.326308738214,0.));
#1168 = PCURVE('',#1134,#1169);
#1169 = DEFINITIONAL_REPRESENTATION('',(#1170),#1174);
#1170 = LINE('',#1171,#1172);
#1171 = CARTESIAN_POINT('',(-11.16327977128,3.704027003927));
#1172 = VECTOR('',#1173,1.);
#1173 = DIRECTION('',(0.945263247654,-0.326308738214));
#1174 = ( GEOMETRIC_REPRESENTATION_CONTEXT(2) 
PARAMETRIC_REPRESENTATION_CONTEXT() REPRESENTATION_CONTEXT('2D SPACE',''
  ) );
#1175 = SHELL_BASED_SURFACE_MODEL('',(#1176));
#1176 = OPEN_SHELL('',(#1177));
#1177 = ADVANCED_FACE('',(#1178),#1192,.T.);
#1178 = FACE_BOUND('',#1179,.T.);
#1179 = EDGE_LOOP('',(#1180,#1203,#1219));
#1180 = ORIENTED_EDGE('',*,*,#1181,.T.);
#1181 = EDGE_CURVE('',#1182,#1184,#1186,.T.);
#1182 = VERTEX_POINT('',#1183);
#1183 = CARTESIAN_POINT('',(-12.5,15.003000259399,3.));
#1184 = VERTEX_POINT('',#1185);
#1185 = CARTESIAN_POINT('',(5.283999919891,43.823001861572,3.));
#1186 = SURFACE_CURVE('',#1187,(#1191),.PCURVE_S1.);
#1187 = LINE('',#1188,#1189);
#1188 = CARTESIAN_POINT('',(-12.5,15.003000259399,3.));
#1189 = VECTOR('',#1190,1.);
#1190 = DIRECTION('',(0.525138246041,0.851016934347,0.));
#1191 = PCURVE('',#1192,#1197);
#1192 = PLANE('',#1193);
#1193 = AXIS2_PLACEMENT_3D('',#1194,#1195,#1196);
#1194 = CARTESIAN_POINT('',(-3.584684481355,29.679746766468,3.));
#1195 = DIRECTION('',(0.,0.,1.));
#1196 = DIRECTION('',(1.,0.,-0.));
#1197 = DEFINITIONAL_REPRESENTATION('',(#1198),#1202);
#1198 = LINE('',#1199,#1200);
#1199 = CARTESIAN_POINT('',(-8.915315518645,-14.67674650706));
#1200 = VECTOR('',#1201,1.);
#1201 = DIRECTION('',(0.525138246041,0.851016934347));
#1202 = ( GEOMETRIC_REPRESENTATION_CONTEXT(2) 
PARAMETRIC_REPRESENTATION_CONTEXT() REPRESENTATION_CONTEXT('2D SPACE',''
  ) );
#1203 = ORIENTED_EDGE('',*,*,#1204,.T.);
#1204 = EDGE_CURVE('',#1184,#1205,#1207,.T.);
#1205 = VERTEX_POINT('',#1206);
#1206 = CARTESIAN_POINT('',(5.071000099182,44.381000518799,3.));
#1207 = SURFACE_CURVE('',#1208,(#1212),.PCURVE_S1.);
#1208 = LINE('',#1209,#1210);
#1209 = CARTESIAN_POINT('',(5.283999919891,43.823001861572,3.));
#1210 = VECTOR('',#1211,1.);
#1211 = DIRECTION('',(-0.356622346698,0.934248629561,0.));
#1212 = PCURVE('',#1192,#1213);
#1213 = DEFINITIONAL_REPRESENTATION('',(#1214),#1218);
#1214 = LINE('',#1215,#1216);
#1215 = CARTESIAN_POINT('',(8.868684401246,14.143255095104));
#1216 = VECTOR('',#1217,1.);
#1217 = DIRECTION('',(-0.356622346698,0.934248629561));
#1218 = ( GEOMETRIC_REPRESENTATION_CONTEXT(2) 
PARAMETRIC_REPRESENTATION_CONTEXT() REPRESENTATION_CONTEXT('2D SPACE',''
  ) );
#1219 = ORIENTED_EDGE('',*,*,#1220,.T.);
#1220 = EDGE_CURVE('',#1205,#1182,#1221,.T.);
#1221 = SURFACE_CURVE('',#1222,(#1226),.PCURVE_S1.);
#1222 = LINE('',#1223,#1224);
#1223 = CARTESIAN_POINT('',(5.071000099182,44.381000518799,3.));
#1224 = VECTOR('',#1225,1.);
#1225 = DIRECTION('',(-0.513296670975,-0.858211237148,0.));
#1226 = PCURVE('',#1192,#1227);
#1227 = DEFINITIONAL_REPRESENTATION('',(#1228),#1232);
#1228 = LINE('',#1229,#1230);
#1229 = CARTESIAN_POINT('',(8.655684580537,14.701253752331));
#1230 = VECTOR('',#1231,1.);
#1231 = DIRECTION('',(-0.513296670975,-0.858211237148));
#1232 = ( GEOMETRIC_REPRESENTATION_CONTEXT(2) 
PARAMETRIC_REPRESENTATION_CONTEXT() REPRESENTATION_CONTEXT('2D SPACE',''
  ) );
#1233 = SHELL_BASED_SURFACE_MODEL('',(#1234));
#1234 = OPEN_SHELL('',(#1235));
#1235 = ADVANCED_FACE('',(#1236),#1250,.T.);
#1236 = FACE_BOUND('',#1237,.T.);
#1237 = EDGE_LOOP('',(#1238,#1261,#1277));
#1238 = ORIENTED_EDGE('',*,*,#1239,.F.);
#1239 = EDGE_CURVE('',#1240,#1242,#1244,.T.);
#1240 = VERTEX_POINT('',#1241);
#1241 = CARTESIAN_POINT('',(-0.998000025749,7.002999782562,3.));
#1242 = VERTEX_POINT('',#1243);
#1243 = CARTESIAN_POINT('',(11.,42.998001098633,3.));
#1244 = SURFACE_CURVE('',#1245,(#1249),.PCURVE_S1.);
#1245 = LINE('',#1246,#1247);
#1246 = CARTESIAN_POINT('',(-0.998000025749,7.002999782562,3.));
#1247 = VECTOR('',#1248,1.);
#1248 = DIRECTION('',(0.316219849397,0.948685936887,0.));
#1249 = PCURVE('',#1250,#1255);
#1250 = PLANE('',#1251);
#1251 = AXIS2_PLACEMENT_3D('',#1252,#1253,#1254);
#1252 = CARTESIAN_POINT('',(4.372375767951,20.099509514286,3.));
#1253 = DIRECTION('',(0.,0.,1.));
#1254 = DIRECTION('',(1.,0.,-0.));
#1255 = DEFINITIONAL_REPRESENTATION('',(#1256),#1260);
#1256 = LINE('',#1257,#1258);
#1257 = CARTESIAN_POINT('',(-5.370375793701,-13.09650973172));
#1258 = VECTOR('',#1259,1.);
#1259 = DIRECTION('',(0.316219849397,0.948685936887));
#1260 = ( GEOMETRIC_REPRESENTATION_CONTEXT(2) 
PARAMETRIC_REPRESENTATION_CONTEXT() REPRESENTATION_CONTEXT('2D SPACE',''
  ) );
#1261 = ORIENTED_EDGE('',*,*,#1262,.T.);
#1262 = EDGE_CURVE('',#1240,#1263,#1265,.T.);
#1263 = VERTEX_POINT('',#1264);
#1264 = CARTESIAN_POINT('',(-0.998000025749,-3.003000020981,3.));
#1265 = SURFACE_CURVE('',#1266,(#1270),.PCURVE_S1.);
#1266 = LINE('',#1267,#1268);
#1267 = CARTESIAN_POINT('',(-0.998000025749,7.002999782562,3.));
#1268 = VECTOR('',#1269,1.);
#1269 = DIRECTION('',(0.,-1.,0.));
#1270 = PCURVE('',#1250,#1271);
#1271 = DEFINITIONAL_REPRESENTATION('',(#1272),#1276);
#1272 = LINE('',#1273,#1274);
#1273 = CARTESIAN_POINT('',(-5.370375793701,-13.09650973172));
#1274 = VECTOR('',#1275,1.);
#1275 = DIRECTION('',(0.,-1.));
#1276 = ( GEOMETRIC_REPRESENTATION_CONTEXT(2) 
PARAMETRIC_REPRESENTATION_CONTEXT() REPRESENTATION_CONTEXT('2D SPACE',''
  ) );
#1277 = ORIENTED_EDGE('',*,*,#1278,.T.);
#1278 = EDGE_CURVE('',#1263,#1242,#1279,.T.);
#1279 = SURFACE_CURVE('',#1280,(#1284),.PCURVE_S1.);
#1280 = LINE('',#1281,#1282);
#1281 = CARTESIAN_POINT('',(-0.998000025749,-3.003000020981,3.));
#1282 = VECTOR('',#1283,1.);
#1283 = DIRECTION('',(0.252377364549,0.967628888502,0.));
#1284 = PCURVE('',#1250,#1285);
#1285 = DEFINITIONAL_REPRESENTATION('',(#1286),#1290);
#1286 = LINE('',#1287,#1288);
#1287 = CARTESIAN_POINT('',(-5.370375793701,-23.10250953526));
#1288 = VECTOR('',#1289,1.);
#1289 = DIRECTION('',(0.252377364549,0.967628888502));
#1290 = ( GEOMETRIC_REPRESENTATION_CONTEXT(2) 
PARAMETRIC_REPRESENTATION_CONTEXT() REPRESENTATION_CONTEXT('2D SPACE',''
  ) );
#1291 = SHELL_BASED_SURFACE_MODEL('',(#1292));
#1292 = OPEN_SHELL('',(#1293));
#1293 = ADVANCED_FACE('',(#1294),#1308,.T.);
#1294 = FACE_BOUND('',#1295,.T.);
#1295 = EDGE_LOOP('',(#1296,#1319,#1335));
#1296 = ORIENTED_EDGE('',*,*,#1297,.T.);
#1297 = EDGE_CURVE('',#1298,#1300,#1302,.T.);
#1298 = VERTEX_POINT('',#1299);
#1299 = CARTESIAN_POINT('',(-0.998000025749,-3.003000020981,0.));
#1300 = VERTEX_POINT('',#1301);
#1301 = CARTESIAN_POINT('',(11.,-47.,0.));
#1302 = SURFACE_CURVE('',#1303,(#1307),.PCURVE_S1.);
#1303 = LINE('',#1304,#1305);
#1304 = CARTESIAN_POINT('',(-0.998000025749,-3.003000020981,0.));
#1305 = VECTOR('',#1306,1.);
#1306 = DIRECTION('',(0.263093285448,-0.96477039919,0.));
#1307 = PCURVE('',#1308,#1313);
#1308 = PLANE('',#1309);
#1309 = AXIS2_PLACEMENT_3D('',#1310,#1311,#1312);
#1310 = CARTESIAN_POINT('',(-2.302266845839,-30.11656950319,0.));
#1311 = DIRECTION('',(-0.,-0.,-1.));
#1312 = DIRECTION('',(-1.,0.,0.));
#1313 = DEFINITIONAL_REPRESENTATION('',(#1314),#1318);
#1314 = LINE('',#1315,#1316);
#1315 = CARTESIAN_POINT('',(-1.30426682009,27.113569482209));
#1316 = VECTOR('',#1317,1.);
#1317 = DIRECTION('',(-0.263093285448,-0.96477039919));
#1318 = ( GEOMETRIC_REPRESENTATION_CONTEXT(2) 
PARAMETRIC_REPRESENTATION_CONTEXT() REPRESENTATION_CONTEXT('2D SPACE',''
  ) );
#1319 = ORIENTED_EDGE('',*,*,#1320,.T.);
#1320 = EDGE_CURVE('',#1300,#1321,#1323,.T.);
#1321 = VERTEX_POINT('',#1322);
#1322 = CARTESIAN_POINT('',(-17.,-47.,0.));
#1323 = SURFACE_CURVE('',#1324,(#1328),.PCURVE_S1.);
#1324 = LINE('',#1325,#1326);
#1325 = CARTESIAN_POINT('',(11.,-47.,0.));
#1326 = VECTOR('',#1327,1.);
#1327 = DIRECTION('',(-1.,0.,0.));
#1328 = PCURVE('',#1308,#1329);
#1329 = DEFINITIONAL_REPRESENTATION('',(#1330),#1334);
#1330 = LINE('',#1331,#1332);
#1331 = CARTESIAN_POINT('',(-13.30226684583,-16.88343049681));
#1332 = VECTOR('',#1333,1.);
#1333 = DIRECTION('',(1.,0.));
#1334 = ( GEOMETRIC_REPRESENTATION_CONTEXT(2) 
PARAMETRIC_REPRESENTATION_CONTEXT() REPRESENTATION_CONTEXT('2D SPACE',''
  ) );
#1335 = ORIENTED_EDGE('',*,*,#1336,.T.);
#1336 = EDGE_CURVE('',#1321,#1298,#1337,.T.);
#1337 = SURFACE_CURVE('',#1338,(#1342),.PCURVE_S1.);
#1338 = LINE('',#1339,#1340);
#1339 = CARTESIAN_POINT('',(-17.,-47.,0.));
#1340 = VECTOR('',#1341,1.);
#1341 = DIRECTION('',(0.341801373098,0.9397722178,0.));
#1342 = PCURVE('',#1308,#1343);
#1343 = DEFINITIONAL_REPRESENTATION('',(#1344),#1348);
#1344 = LINE('',#1345,#1346);
#1345 = CARTESIAN_POINT('',(14.697733154161,-16.88343049681));
#1346 = VECTOR('',#1347,1.);
#1347 = DIRECTION('',(-0.341801373098,0.9397722178));
#1348 = ( GEOMETRIC_REPRESENTATION_CONTEXT(2) 
PARAMETRIC_REPRESENTATION_CONTEXT() REPRESENTATION_CONTEXT('2D SPACE',''
  ) );
#1349 = SHELL_BASED_SURFACE_MODEL('',(#1350));
#1350 = OPEN_SHELL('',(#1351));
#1351 = ADVANCED_FACE('',(#1352),#1366,.T.);
#1352 = FACE_BOUND('',#1353,.T.);
#1353 = EDGE_LOOP('',(#1354,#1377,#1393));
#1354 = ORIENTED_EDGE('',*,*,#1355,.T.);
#1355 = EDGE_CURVE('',#1356,#1358,#1360,.T.);
#1356 = VERTEX_POINT('',#1357);
#1357 = CARTESIAN_POINT('',(-17.,-47.,0.));
#1358 = VERTEX_POINT('',#1359);
#1359 = CARTESIAN_POINT('',(-6.002999782562,-3.003000020981,0.));
#1360 = SURFACE_CURVE('',#1361,(#1365),.PCURVE_S1.);
#1361 = LINE('',#1362,#1363);
#1362 = CARTESIAN_POINT('',(-17.,-47.,0.));
#1363 = VECTOR('',#1364,1.);
#1364 = DIRECTION('',(0.242488934281,0.97015417164,0.));
#1365 = PCURVE('',#1366,#1371);
#1366 = PLANE('',#1367);
#1367 = AXIS2_PLACEMENT_3D('',#1368,#1369,#1370);
#1368 = CARTESIAN_POINT('',(-9.883714982575,-23.8684341618,0.));
#1369 = DIRECTION('',(-0.,-0.,-1.));
#1370 = DIRECTION('',(-1.,0.,0.));
#1371 = DEFINITIONAL_REPRESENTATION('',(#1372),#1376);
#1372 = LINE('',#1373,#1374);
#1373 = CARTESIAN_POINT('',(7.116285017425,-23.13156583819));
#1374 = VECTOR('',#1375,1.);
#1375 = DIRECTION('',(-0.242488934281,0.97015417164));
#1376 = ( GEOMETRIC_REPRESENTATION_CONTEXT(2) 
PARAMETRIC_REPRESENTATION_CONTEXT() REPRESENTATION_CONTEXT('2D SPACE',''
  ) );
#1377 = ORIENTED_EDGE('',*,*,#1378,.T.);
#1378 = EDGE_CURVE('',#1358,#1379,#1381,.T.);
#1379 = VERTEX_POINT('',#1380);
#1380 = CARTESIAN_POINT('',(-0.998000025749,-3.003000020981,0.));
#1381 = SURFACE_CURVE('',#1382,(#1386),.PCURVE_S1.);
#1382 = LINE('',#1383,#1384);
#1383 = CARTESIAN_POINT('',(-6.002999782562,-3.003000020981,0.));
#1384 = VECTOR('',#1385,1.);
#1385 = DIRECTION('',(1.,0.,0.));
#1386 = PCURVE('',#1366,#1387);
#1387 = DEFINITIONAL_REPRESENTATION('',(#1388),#1392);
#1388 = LINE('',#1389,#1390);
#1389 = CARTESIAN_POINT('',(-3.880715200013,20.865434140824));
#1390 = VECTOR('',#1391,1.);
#1391 = DIRECTION('',(-1.,0.));
#1392 = ( GEOMETRIC_REPRESENTATION_CONTEXT(2) 
PARAMETRIC_REPRESENTATION_CONTEXT() REPRESENTATION_CONTEXT('2D SPACE',''
  ) );
#1393 = ORIENTED_EDGE('',*,*,#1394,.F.);
#1394 = EDGE_CURVE('',#1356,#1379,#1395,.T.);
#1395 = SURFACE_CURVE('',#1396,(#1400),.PCURVE_S1.);
#1396 = LINE('',#1397,#1398);
#1397 = CARTESIAN_POINT('',(-17.,-47.,0.));
#1398 = VECTOR('',#1399,1.);
#1399 = DIRECTION('',(0.341801373098,0.9397722178,0.));
#1400 = PCURVE('',#1366,#1401);
#1401 = DEFINITIONAL_REPRESENTATION('',(#1402),#1406);
#1402 = LINE('',#1403,#1404);
#1403 = CARTESIAN_POINT('',(7.116285017425,-23.13156583819));
#1404 = VECTOR('',#1405,1.);
#1405 = DIRECTION('',(-0.341801373098,0.9397722178));
#1406 = ( GEOMETRIC_REPRESENTATION_CONTEXT(2) 
PARAMETRIC_REPRESENTATION_CONTEXT() REPRESENTATION_CONTEXT('2D SPACE',''
  ) );
#1407 = SHELL_BASED_SURFACE_MODEL('',(#1408));
#1408 = OPEN_SHELL('',(#1409));
#1409 = ADVANCED_FACE('',(#1410),#1424,.T.);
#1410 = FACE_BOUND('',#1411,.T.);
#1411 = EDGE_LOOP('',(#1412,#1435,#1451));
#1412 = ORIENTED_EDGE('',*,*,#1413,.F.);
#1413 = EDGE_CURVE('',#1414,#1416,#1418,.T.);
#1414 = VERTEX_POINT('',#1415);
#1415 = CARTESIAN_POINT('',(-17.,-47.,0.));
#1416 = VERTEX_POINT('',#1417);
#1417 = CARTESIAN_POINT('',(-6.002999782562,-3.003000020981,0.));
#1418 = SURFACE_CURVE('',#1419,(#1423),.PCURVE_S1.);
#1419 = LINE('',#1420,#1421);
#1420 = CARTESIAN_POINT('',(-17.,-47.,0.));
#1421 = VECTOR('',#1422,1.);
#1422 = DIRECTION('',(0.242488934281,0.97015417164,0.));
#1423 = PCURVE('',#1424,#1429);
#1424 = PLANE('',#1425);
#1425 = AXIS2_PLACEMENT_3D('',#1426,#1427,#1428);
#1426 = CARTESIAN_POINT('',(-14.57225765026,-20.71893458699,0.));
#1427 = DIRECTION('',(-0.,-0.,-1.));
#1428 = DIRECTION('',(-1.,0.,0.));
#1429 = DEFINITIONAL_REPRESENTATION('',(#1430),#1434);
#1430 = LINE('',#1431,#1432);
#1431 = CARTESIAN_POINT('',(2.427742349734,-26.281065413));
#1432 = VECTOR('',#1433,1.);
#1433 = DIRECTION('',(-0.242488934281,0.97015417164));
#1434 = ( GEOMETRIC_REPRESENTATION_CONTEXT(2) 
PARAMETRIC_REPRESENTATION_CONTEXT() REPRESENTATION_CONTEXT('2D SPACE',''
  ) );
#1435 = ORIENTED_EDGE('',*,*,#1436,.T.);
#1436 = EDGE_CURVE('',#1414,#1437,#1439,.T.);
#1437 = VERTEX_POINT('',#1438);
#1438 = CARTESIAN_POINT('',(-19.,2.,0.));
#1439 = SURFACE_CURVE('',#1440,(#1444),.PCURVE_S1.);
#1440 = LINE('',#1441,#1442);
#1441 = CARTESIAN_POINT('',(-17.,-47.,0.));
#1442 = VECTOR('',#1443,1.);
#1443 = DIRECTION('',(-4.078236951431E-02,0.999168053101,0.));
#1444 = PCURVE('',#1424,#1445);
#1445 = DEFINITIONAL_REPRESENTATION('',(#1446),#1450);
#1446 = LINE('',#1447,#1448);
#1447 = CARTESIAN_POINT('',(2.427742349734,-26.281065413));
#1448 = VECTOR('',#1449,1.);
#1449 = DIRECTION('',(4.078236951431E-02,0.999168053101));
#1450 = ( GEOMETRIC_REPRESENTATION_CONTEXT(2) 
PARAMETRIC_REPRESENTATION_CONTEXT() REPRESENTATION_CONTEXT('2D SPACE',''
  ) );
#1451 = ORIENTED_EDGE('',*,*,#1452,.T.);
#1452 = EDGE_CURVE('',#1437,#1416,#1453,.T.);
#1453 = SURFACE_CURVE('',#1454,(#1458),.PCURVE_S1.);
#1454 = LINE('',#1455,#1456);
#1455 = CARTESIAN_POINT('',(-19.,2.,0.));
#1456 = VECTOR('',#1457,1.);
#1457 = DIRECTION('',(0.933245637176,-0.359238890841,0.));
#1458 = PCURVE('',#1424,#1459);
#1459 = DEFINITIONAL_REPRESENTATION('',(#1460),#1464);
#1460 = LINE('',#1461,#1462);
#1461 = CARTESIAN_POINT('',(4.427742349734,22.718934586995));
#1462 = VECTOR('',#1463,1.);
#1463 = DIRECTION('',(-0.933245637176,-0.359238890841));
#1464 = ( GEOMETRIC_REPRESENTATION_CONTEXT(2) 
PARAMETRIC_REPRESENTATION_CONTEXT() REPRESENTATION_CONTEXT('2D SPACE',''
  ) );
#1465 = SHELL_BASED_SURFACE_MODEL('',(#1466));
#1466 = OPEN_SHELL('',(#1467));
#1467 = ADVANCED_FACE('',(#1468),#1482,.T.);
#1468 = FACE_BOUND('',#1469,.T.);
#1469 = EDGE_LOOP('',(#1470,#1493,#1509));
#1470 = ORIENTED_EDGE('',*,*,#1471,.T.);
#1471 = EDGE_CURVE('',#1472,#1474,#1476,.T.);
#1472 = VERTEX_POINT('',#1473);
#1473 = CARTESIAN_POINT('',(-17.,-47.,0.));
#1474 = VERTEX_POINT('',#1475);
#1475 = CARTESIAN_POINT('',(-17.,-48.,0.));
#1476 = SURFACE_CURVE('',#1477,(#1481),.PCURVE_S1.);
#1477 = LINE('',#1478,#1479);
#1478 = CARTESIAN_POINT('',(-17.,-47.,0.));
#1479 = VECTOR('',#1480,1.);
#1480 = DIRECTION('',(0.,-1.,0.));
#1481 = PCURVE('',#1482,#1487);
#1482 = PLANE('',#1483);
#1483 = AXIS2_PLACEMENT_3D('',#1484,#1485,#1486);
#1484 = CARTESIAN_POINT('',(-18.29056941504,-47.70943058495,0.));
#1485 = DIRECTION('',(-0.,-0.,-1.));
#1486 = DIRECTION('',(-1.,0.,0.));
#1487 = DEFINITIONAL_REPRESENTATION('',(#1488),#1492);
#1488 = LINE('',#1489,#1490);
#1489 = CARTESIAN_POINT('',(-1.290569415042,0.709430584958));
#1490 = VECTOR('',#1491,1.);
#1491 = DIRECTION('',(0.,-1.));
#1492 = ( GEOMETRIC_REPRESENTATION_CONTEXT(2) 
PARAMETRIC_REPRESENTATION_CONTEXT() REPRESENTATION_CONTEXT('2D SPACE',''
  ) );
#1493 = ORIENTED_EDGE('',*,*,#1494,.T.);
#1494 = EDGE_CURVE('',#1474,#1495,#1497,.T.);
#1495 = VERTEX_POINT('',#1496);
#1496 = CARTESIAN_POINT('',(-20.,-48.,0.));
#1497 = SURFACE_CURVE('',#1498,(#1502),.PCURVE_S1.);
#1498 = LINE('',#1499,#1500);
#1499 = CARTESIAN_POINT('',(-17.,-48.,0.));
#1500 = VECTOR('',#1501,1.);
#1501 = DIRECTION('',(-1.,0.,0.));
#1502 = PCURVE('',#1482,#1503);
#1503 = DEFINITIONAL_REPRESENTATION('',(#1504),#1508);
#1504 = LINE('',#1505,#1506);
#1505 = CARTESIAN_POINT('',(-1.290569415042,-0.290569415042));
#1506 = VECTOR('',#1507,1.);
#1507 = DIRECTION('',(1.,0.));
#1508 = ( GEOMETRIC_REPRESENTATION_CONTEXT(2) 
PARAMETRIC_REPRESENTATION_CONTEXT() REPRESENTATION_CONTEXT('2D SPACE',''
  ) );
#1509 = ORIENTED_EDGE('',*,*,#1510,.T.);
#1510 = EDGE_CURVE('',#1495,#1472,#1511,.T.);
#1511 = SURFACE_CURVE('',#1512,(#1516),.PCURVE_S1.);
#1512 = LINE('',#1513,#1514);
#1513 = CARTESIAN_POINT('',(-20.,-48.,0.));
#1514 = VECTOR('',#1515,1.);
#1515 = DIRECTION('',(0.948683298051,0.316227766017,0.));
#1516 = PCURVE('',#1482,#1517);
#1517 = DEFINITIONAL_REPRESENTATION('',(#1518),#1522);
#1518 = LINE('',#1519,#1520);
#1519 = CARTESIAN_POINT('',(1.709430584958,-0.290569415042));
#1520 = VECTOR('',#1521,1.);
#1521 = DIRECTION('',(-0.948683298051,0.316227766017));
#1522 = ( GEOMETRIC_REPRESENTATION_CONTEXT(2) 
PARAMETRIC_REPRESENTATION_CONTEXT() REPRESENTATION_CONTEXT('2D SPACE',''
  ) );
#1523 = SHELL_BASED_SURFACE_MODEL('',(#1524));
#1524 = OPEN_SHELL('',(#1525));
#1525 = ADVANCED_FACE('',(#1526),#1540,.T.);
#1526 = FACE_BOUND('',#1527,.T.);
#1527 = EDGE_LOOP('',(#1528,#1551,#1567));
#1528 = ORIENTED_EDGE('',*,*,#1529,.T.);
#1529 = EDGE_CURVE('',#1530,#1532,#1534,.T.);
#1530 = VERTEX_POINT('',#1531);
#1531 = CARTESIAN_POINT('',(-14.00300025939,13.,3.));
#1532 = VERTEX_POINT('',#1533);
#1533 = CARTESIAN_POINT('',(-13.92899990081,12.380999565125,3.));
#1534 = SURFACE_CURVE('',#1535,(#1539),.PCURVE_S1.);
#1535 = LINE('',#1536,#1537);
#1536 = CARTESIAN_POINT('',(-14.00300025939,13.,3.));
#1537 = VECTOR('',#1538,1.);
#1538 = DIRECTION('',(0.118702925141,-0.992929814017,0.));
#1539 = PCURVE('',#1540,#1545);
#1540 = PLANE('',#1541);
#1541 = AXIS2_PLACEMENT_3D('',#1542,#1543,#1544);
#1542 = CARTESIAN_POINT('',(-13.98259830025,12.829341075837,
    1.639829916793));
#1543 = DIRECTION('',(0.992929814017,0.118702925141,0.));
#1544 = DIRECTION('',(-0.118702925141,0.992929814017,0.));
#1545 = DEFINITIONAL_REPRESENTATION('',(#1546),#1550);
#1546 = LINE('',#1547,#1548);
#1547 = CARTESIAN_POINT('',(0.171874106058,1.360170083207));
#1548 = VECTOR('',#1549,1.);
#1549 = DIRECTION('',(-1.,0.));
#1550 = ( GEOMETRIC_REPRESENTATION_CONTEXT(2) 
PARAMETRIC_REPRESENTATION_CONTEXT() REPRESENTATION_CONTEXT('2D SPACE',''
  ) );
#1551 = ORIENTED_EDGE('',*,*,#1552,.T.);
#1552 = EDGE_CURVE('',#1532,#1553,#1555,.T.);
#1553 = VERTEX_POINT('',#1554);
#1554 = CARTESIAN_POINT('',(-14.00300025939,13.,0.));
#1555 = SURFACE_CURVE('',#1556,(#1560),.PCURVE_S1.);
#1556 = LINE('',#1557,#1558);
#1557 = CARTESIAN_POINT('',(-13.92899990081,12.380999565125,3.));
#1558 = VECTOR('',#1559,1.);
#1559 = DIRECTION('',(-2.41508564505E-02,0.202017813589,-0.979084030676)
  );
#1560 = PCURVE('',#1540,#1561);
#1561 = DEFINITIONAL_REPRESENTATION('',(#1562),#1566);
#1562 = LINE('',#1563,#1564);
#1563 = CARTESIAN_POINT('',(-0.451533939644,1.360170083207));
#1564 = VECTOR('',#1565,1.);
#1565 = DIRECTION('',(0.203456287381,-0.979084030676));
#1566 = ( GEOMETRIC_REPRESENTATION_CONTEXT(2) 
PARAMETRIC_REPRESENTATION_CONTEXT() REPRESENTATION_CONTEXT('2D SPACE',''
  ) );
#1567 = ORIENTED_EDGE('',*,*,#1568,.T.);
#1568 = EDGE_CURVE('',#1553,#1530,#1569,.T.);
#1569 = SURFACE_CURVE('',#1570,(#1574),.PCURVE_S1.);
#1570 = LINE('',#1571,#1572);
#1571 = CARTESIAN_POINT('',(-14.00300025939,13.,0.));
#1572 = VECTOR('',#1573,1.);
#1573 = DIRECTION('',(0.,0.,1.));
#1574 = PCURVE('',#1540,#1575);
#1575 = DEFINITIONAL_REPRESENTATION('',(#1576),#1580);
#1576 = LINE('',#1577,#1578);
#1577 = CARTESIAN_POINT('',(0.171874106058,-1.639829916793));
#1578 = VECTOR('',#1579,1.);
#1579 = DIRECTION('',(0.,1.));
#1580 = ( GEOMETRIC_REPRESENTATION_CONTEXT(2) 
PARAMETRIC_REPRESENTATION_CONTEXT() REPRESENTATION_CONTEXT('2D SPACE',''
  ) );
#1581 = SHELL_BASED_SURFACE_MODEL('',(#1582));
#1582 = OPEN_SHELL('',(#1583));
#1583 = ADVANCED_FACE('',(#1584),#1598,.T.);
#1584 = FACE_BOUND('',#1585,.T.);
#1585 = EDGE_LOOP('',(#1586,#1609,#1625));
#1586 = ORIENTED_EDGE('',*,*,#1587,.T.);
#1587 = EDGE_CURVE('',#1588,#1590,#1592,.T.);
#1588 = VERTEX_POINT('',#1589);
#1589 = CARTESIAN_POINT('',(-17.,52.,3.));
#1590 = VERTEX_POINT('',#1591);
#1591 = CARTESIAN_POINT('',(-17.,-47.,3.));
#1592 = SURFACE_CURVE('',#1593,(#1597),.PCURVE_S1.);
#1593 = LINE('',#1594,#1595);
#1594 = CARTESIAN_POINT('',(-17.,52.,3.));
#1595 = VECTOR('',#1596,1.);
#1596 = DIRECTION('',(0.,-1.,0.));
#1597 = PCURVE('',#1598,#1603);
#1598 = PLANE('',#1599);
#1599 = AXIS2_PLACEMENT_3D('',#1600,#1601,#1602);
#1600 = CARTESIAN_POINT('',(-16.25003257809,2.510045250946,3.));
#1601 = DIRECTION('',(0.,0.,1.));
#1602 = DIRECTION('',(1.,0.,-0.));
#1603 = DEFINITIONAL_REPRESENTATION('',(#1604),#1608);
#1604 = LINE('',#1605,#1606);
#1605 = CARTESIAN_POINT('',(-0.749967421908,49.489954749054));
#1606 = VECTOR('',#1607,1.);
#1607 = DIRECTION('',(0.,-1.));
#1608 = ( GEOMETRIC_REPRESENTATION_CONTEXT(2) 
PARAMETRIC_REPRESENTATION_CONTEXT() REPRESENTATION_CONTEXT('2D SPACE',''
  ) );
#1609 = ORIENTED_EDGE('',*,*,#1610,.T.);
#1610 = EDGE_CURVE('',#1590,#1611,#1613,.T.);
#1611 = VERTEX_POINT('',#1612);
#1612 = CARTESIAN_POINT('',(-14.00300025939,13.,3.));
#1613 = SURFACE_CURVE('',#1614,(#1618),.PCURVE_S1.);
#1614 = LINE('',#1615,#1616);
#1615 = CARTESIAN_POINT('',(-17.,-47.,3.));
#1616 = VECTOR('',#1617,1.);
#1617 = DIRECTION('',(4.988779936619E-02,0.998754828511,0.));
#1618 = PCURVE('',#1598,#1619);
#1619 = DEFINITIONAL_REPRESENTATION('',(#1620),#1624);
#1620 = LINE('',#1621,#1622);
#1621 = CARTESIAN_POINT('',(-0.749967421908,-49.51004525094));
#1622 = VECTOR('',#1623,1.);
#1623 = DIRECTION('',(4.988779936619E-02,0.998754828511));
#1624 = ( GEOMETRIC_REPRESENTATION_CONTEXT(2) 
PARAMETRIC_REPRESENTATION_CONTEXT() REPRESENTATION_CONTEXT('2D SPACE',''
  ) );
#1625 = ORIENTED_EDGE('',*,*,#1626,.T.);
#1626 = EDGE_CURVE('',#1611,#1588,#1627,.T.);
#1627 = SURFACE_CURVE('',#1628,(#1632),.PCURVE_S1.);
#1628 = LINE('',#1629,#1630);
#1629 = CARTESIAN_POINT('',(-14.00300025939,13.,3.));
#1630 = VECTOR('',#1631,1.);
#1631 = DIRECTION('',(-7.662024627641E-02,0.997060348154,0.));
#1632 = PCURVE('',#1598,#1633);
#1633 = DEFINITIONAL_REPRESENTATION('',(#1634),#1638);
#1634 = LINE('',#1635,#1636);
#1635 = CARTESIAN_POINT('',(2.247032318693,10.489954749054));
#1636 = VECTOR('',#1637,1.);
#1637 = DIRECTION('',(-7.662024627641E-02,0.997060348154));
#1638 = ( GEOMETRIC_REPRESENTATION_CONTEXT(2) 
PARAMETRIC_REPRESENTATION_CONTEXT() REPRESENTATION_CONTEXT('2D SPACE',''
  ) );
#1639 = SHELL_BASED_SURFACE_MODEL('',(#1640));
#1640 = OPEN_SHELL('',(#1641));
#1641 = ADVANCED_FACE('',(#1642),#1656,.T.);
#1642 = FACE_BOUND('',#1643,.T.);
#1643 = EDGE_LOOP('',(#1644,#1667,#1683));
#1644 = ORIENTED_EDGE('',*,*,#1645,.T.);
#1645 = EDGE_CURVE('',#1646,#1648,#1650,.T.);
#1646 = VERTEX_POINT('',#1647);
#1647 = CARTESIAN_POINT('',(14.,3.,0.));
#1648 = VERTEX_POINT('',#1649);
#1649 = CARTESIAN_POINT('',(14.,-47.,0.));
#1650 = SURFACE_CURVE('',#1651,(#1655),.PCURVE_S1.);
#1651 = LINE('',#1652,#1653);
#1652 = CARTESIAN_POINT('',(14.,3.,0.));
#1653 = VECTOR('',#1654,1.);
#1654 = DIRECTION('',(0.,-1.,0.));
#1655 = PCURVE('',#1656,#1661);
#1656 = PLANE('',#1657);
#1657 = AXIS2_PLACEMENT_3D('',#1658,#1659,#1660);
#1658 = CARTESIAN_POINT('',(13.227520213632,-22.72752021363,0.));
#1659 = DIRECTION('',(-0.,-0.,-1.));
#1660 = DIRECTION('',(-1.,0.,0.));
#1661 = DEFINITIONAL_REPRESENTATION('',(#1662),#1666);
#1662 = LINE('',#1663,#1664);
#1663 = CARTESIAN_POINT('',(-0.772479786368,25.727520213632));
#1664 = VECTOR('',#1665,1.);
#1665 = DIRECTION('',(0.,-1.));
#1666 = ( GEOMETRIC_REPRESENTATION_CONTEXT(2) 
PARAMETRIC_REPRESENTATION_CONTEXT() REPRESENTATION_CONTEXT('2D SPACE',''
  ) );
#1667 = ORIENTED_EDGE('',*,*,#1668,.T.);
#1668 = EDGE_CURVE('',#1648,#1669,#1671,.T.);
#1669 = VERTEX_POINT('',#1670);
#1670 = CARTESIAN_POINT('',(11.,-47.,0.));
#1671 = SURFACE_CURVE('',#1672,(#1676),.PCURVE_S1.);
#1672 = LINE('',#1673,#1674);
#1673 = CARTESIAN_POINT('',(14.,-47.,0.));
#1674 = VECTOR('',#1675,1.);
#1675 = DIRECTION('',(-1.,0.,0.));
#1676 = PCURVE('',#1656,#1677);
#1677 = DEFINITIONAL_REPRESENTATION('',(#1678),#1682);
#1678 = LINE('',#1679,#1680);
#1679 = CARTESIAN_POINT('',(-0.772479786368,-24.27247978636));
#1680 = VECTOR('',#1681,1.);
#1681 = DIRECTION('',(1.,0.));
#1682 = ( GEOMETRIC_REPRESENTATION_CONTEXT(2) 
PARAMETRIC_REPRESENTATION_CONTEXT() REPRESENTATION_CONTEXT('2D SPACE',''
  ) );
#1683 = ORIENTED_EDGE('',*,*,#1684,.T.);
#1684 = EDGE_CURVE('',#1669,#1646,#1685,.T.);
#1685 = SURFACE_CURVE('',#1686,(#1690),.PCURVE_S1.);
#1686 = LINE('',#1687,#1688);
#1687 = CARTESIAN_POINT('',(11.,-47.,0.));
#1688 = VECTOR('',#1689,1.);
#1689 = DIRECTION('',(5.989229072795E-02,0.998204845466,0.));
#1690 = PCURVE('',#1656,#1691);
#1691 = DEFINITIONAL_REPRESENTATION('',(#1692),#1696);
#1692 = LINE('',#1693,#1694);
#1693 = CARTESIAN_POINT('',(2.227520213632,-24.27247978636));
#1694 = VECTOR('',#1695,1.);
#1695 = DIRECTION('',(-5.989229072795E-02,0.998204845466));
#1696 = ( GEOMETRIC_REPRESENTATION_CONTEXT(2) 
PARAMETRIC_REPRESENTATION_CONTEXT() REPRESENTATION_CONTEXT('2D SPACE',''
  ) );
#1697 = SHELL_BASED_SURFACE_MODEL('',(#1698));
#1698 = OPEN_SHELL('',(#1699));
#1699 = ADVANCED_FACE('',(#1700),#1714,.T.);
#1700 = FACE_BOUND('',#1701,.T.);
#1701 = EDGE_LOOP('',(#1702,#1725,#1741));
#1702 = ORIENTED_EDGE('',*,*,#1703,.T.);
#1703 = EDGE_CURVE('',#1704,#1706,#1708,.T.);
#1704 = VERTEX_POINT('',#1705);
#1705 = CARTESIAN_POINT('',(12.,55.,0.));
#1706 = VERTEX_POINT('',#1707);
#1707 = CARTESIAN_POINT('',(-18.,52.,0.));
#1708 = SURFACE_CURVE('',#1709,(#1713),.PCURVE_S1.);
#1709 = LINE('',#1710,#1711);
#1710 = CARTESIAN_POINT('',(12.,55.,0.));
#1711 = VECTOR('',#1712,1.);
#1712 = DIRECTION('',(-0.99503719021,-9.9503719021E-02,0.));
#1713 = PCURVE('',#1714,#1719);
#1714 = PLANE('',#1715);
#1715 = AXIS2_PLACEMENT_3D('',#1716,#1717,#1718);
#1716 = CARTESIAN_POINT('',(-3.712593284159,54.212593284159,0.));
#1717 = DIRECTION('',(-0.,-0.,-1.));
#1718 = DIRECTION('',(-1.,0.,0.));
#1719 = DEFINITIONAL_REPRESENTATION('',(#1720),#1724);
#1720 = LINE('',#1721,#1722);
#1721 = CARTESIAN_POINT('',(-15.71259328415,0.787406715841));
#1722 = VECTOR('',#1723,1.);
#1723 = DIRECTION('',(0.99503719021,-9.9503719021E-02));
#1724 = ( GEOMETRIC_REPRESENTATION_CONTEXT(2) 
PARAMETRIC_REPRESENTATION_CONTEXT() REPRESENTATION_CONTEXT('2D SPACE',''
  ) );
#1725 = ORIENTED_EDGE('',*,*,#1726,.T.);
#1726 = EDGE_CURVE('',#1706,#1727,#1729,.T.);
#1727 = VERTEX_POINT('',#1728);
#1728 = CARTESIAN_POINT('',(-18.,55.,0.));
#1729 = SURFACE_CURVE('',#1730,(#1734),.PCURVE_S1.);
#1730 = LINE('',#1731,#1732);
#1731 = CARTESIAN_POINT('',(-18.,52.,0.));
#1732 = VECTOR('',#1733,1.);
#1733 = DIRECTION('',(0.,1.,0.));
#1734 = PCURVE('',#1714,#1735);
#1735 = DEFINITIONAL_REPRESENTATION('',(#1736),#1740);
#1736 = LINE('',#1737,#1738);
#1737 = CARTESIAN_POINT('',(14.287406715841,-2.212593284159));
#1738 = VECTOR('',#1739,1.);
#1739 = DIRECTION('',(0.,1.));
#1740 = ( GEOMETRIC_REPRESENTATION_CONTEXT(2) 
PARAMETRIC_REPRESENTATION_CONTEXT() REPRESENTATION_CONTEXT('2D SPACE',''
  ) );
#1741 = ORIENTED_EDGE('',*,*,#1742,.T.);
#1742 = EDGE_CURVE('',#1727,#1704,#1743,.T.);
#1743 = SURFACE_CURVE('',#1744,(#1748),.PCURVE_S1.);
#1744 = LINE('',#1745,#1746);
#1745 = CARTESIAN_POINT('',(-18.,55.,0.));
#1746 = VECTOR('',#1747,1.);
#1747 = DIRECTION('',(1.,0.,0.));
#1748 = PCURVE('',#1714,#1749);
#1749 = DEFINITIONAL_REPRESENTATION('',(#1750),#1754);
#1750 = LINE('',#1751,#1752);
#1751 = CARTESIAN_POINT('',(14.287406715841,0.787406715841));
#1752 = VECTOR('',#1753,1.);
#1753 = DIRECTION('',(-1.,0.));
#1754 = ( GEOMETRIC_REPRESENTATION_CONTEXT(2) 
PARAMETRIC_REPRESENTATION_CONTEXT() REPRESENTATION_CONTEXT('2D SPACE',''
  ) );
#1755 = SHELL_BASED_SURFACE_MODEL('',(#1756));
#1756 = OPEN_SHELL('',(#1757));
#1757 = ADVANCED_FACE('',(#1758),#1772,.T.);
#1758 = FACE_BOUND('',#1759,.T.);
#1759 = EDGE_LOOP('',(#1760,#1783,#1799));
#1760 = ORIENTED_EDGE('',*,*,#1761,.T.);
#1761 = EDGE_CURVE('',#1762,#1764,#1766,.T.);
#1762 = VERTEX_POINT('',#1763);
#1763 = CARTESIAN_POINT('',(6.035999774933,43.096000671387,0.));
#1764 = VERTEX_POINT('',#1765);
#1765 = CARTESIAN_POINT('',(-11.28400039672,14.177000045776,0.));
#1766 = SURFACE_CURVE('',#1767,(#1771),.PCURVE_S1.);
#1767 = LINE('',#1768,#1769);
#1768 = CARTESIAN_POINT('',(6.035999774933,43.096000671387,0.));
#1769 = VECTOR('',#1770,1.);
#1770 = DIRECTION('',(-0.513810657222,-0.857903612608,0.));
#1771 = PCURVE('',#1772,#1777);
#1772 = PLANE('',#1773);
#1773 = AXIS2_PLACEMENT_3D('',#1774,#1775,#1776);
#1774 = CARTESIAN_POINT('',(-2.778500698597,28.629570941638,0.));
#1775 = DIRECTION('',(-0.,-0.,-1.));
#1776 = DIRECTION('',(-1.,0.,0.));
#1777 = DEFINITIONAL_REPRESENTATION('',(#1778),#1782);
#1778 = LINE('',#1779,#1780);
#1779 = CARTESIAN_POINT('',(-8.81450047353,14.466429729749));
#1780 = VECTOR('',#1781,1.);
#1781 = DIRECTION('',(0.513810657222,-0.857903612608));
#1782 = ( GEOMETRIC_REPRESENTATION_CONTEXT(2) 
PARAMETRIC_REPRESENTATION_CONTEXT() REPRESENTATION_CONTEXT('2D SPACE',''
  ) );
#1783 = ORIENTED_EDGE('',*,*,#1784,.T.);
#1784 = EDGE_CURVE('',#1764,#1785,#1787,.T.);
#1785 = VERTEX_POINT('',#1786);
#1786 = CARTESIAN_POINT('',(-11.61699962616,14.619999885559,0.));
#1787 = SURFACE_CURVE('',#1788,(#1792),.PCURVE_S1.);
#1788 = LINE('',#1789,#1790);
#1789 = CARTESIAN_POINT('',(-11.28400039672,14.177000045776,0.));
#1790 = VECTOR('',#1791,1.);
#1791 = DIRECTION('',(-0.600865011607,0.799350509993,0.));
#1792 = PCURVE('',#1772,#1793);
#1793 = DEFINITIONAL_REPRESENTATION('',(#1794),#1798);
#1794 = LINE('',#1795,#1796);
#1795 = CARTESIAN_POINT('',(8.505499698132,-14.45257089586));
#1796 = VECTOR('',#1797,1.);
#1797 = DIRECTION('',(0.600865011607,0.799350509993));
#1798 = ( GEOMETRIC_REPRESENTATION_CONTEXT(2) 
PARAMETRIC_REPRESENTATION_CONTEXT() REPRESENTATION_CONTEXT('2D SPACE',''
  ) );
#1799 = ORIENTED_EDGE('',*,*,#1800,.T.);
#1800 = EDGE_CURVE('',#1785,#1762,#1801,.T.);
#1801 = SURFACE_CURVE('',#1802,(#1806),.PCURVE_S1.);
#1802 = LINE('',#1803,#1804);
#1803 = CARTESIAN_POINT('',(-11.61699962616,14.619999885559,0.));
#1804 = VECTOR('',#1805,1.);
#1805 = DIRECTION('',(0.526893938077,0.849931043096,0.));
#1806 = PCURVE('',#1772,#1807);
#1807 = DEFINITIONAL_REPRESENTATION('',(#1808),#1812);
#1808 = LINE('',#1809,#1810);
#1809 = CARTESIAN_POINT('',(8.838498927563,-14.00957105607));
#1810 = VECTOR('',#1811,1.);
#1811 = DIRECTION('',(-0.526893938077,0.849931043096));
#1812 = ( GEOMETRIC_REPRESENTATION_CONTEXT(2) 
PARAMETRIC_REPRESENTATION_CONTEXT() REPRESENTATION_CONTEXT('2D SPACE',''
  ) );
#1813 = SHELL_BASED_SURFACE_MODEL('',(#1814));
#1814 = OPEN_SHELL('',(#1815));
#1815 = ADVANCED_FACE('',(#1816),#1830,.T.);
#1816 = FACE_BOUND('',#1817,.T.);
#1817 = EDGE_LOOP('',(#1818,#1841,#1857));
#1818 = ORIENTED_EDGE('',*,*,#1819,.T.);
#1819 = EDGE_CURVE('',#1820,#1822,#1824,.T.);
#1820 = VERTEX_POINT('',#1821);
#1821 = CARTESIAN_POINT('',(-14.00300025939,13.,0.));
#1822 = VERTEX_POINT('',#1823);
#1823 = CARTESIAN_POINT('',(-13.92899990081,13.619000434875,3.));
#1824 = SURFACE_CURVE('',#1825,(#1829),.PCURVE_S1.);
#1825 = LINE('',#1826,#1827);
#1826 = CARTESIAN_POINT('',(-14.00300025939,13.,0.));
#1827 = VECTOR('',#1828,1.);
#1828 = DIRECTION('',(2.41508564505E-02,0.202017813589,0.979084030676));
#1829 = PCURVE('',#1830,#1835);
#1830 = PLANE('',#1831);
#1831 = AXIS2_PLACEMENT_3D('',#1832,#1833,#1834);
#1832 = CARTESIAN_POINT('',(-13.98259830025,13.170658924163,
    1.639829916793));
#1833 = DIRECTION('',(0.992929814017,-0.118702925141,0.));
#1834 = DIRECTION('',(0.118702925141,0.992929814017,0.));
#1835 = DEFINITIONAL_REPRESENTATION('',(#1836),#1840);
#1836 = LINE('',#1837,#1838);
#1837 = CARTESIAN_POINT('',(-0.171874106058,-1.639829916793));
#1838 = VECTOR('',#1839,1.);
#1839 = DIRECTION('',(0.203456287381,0.979084030676));
#1840 = ( GEOMETRIC_REPRESENTATION_CONTEXT(2) 
PARAMETRIC_REPRESENTATION_CONTEXT() REPRESENTATION_CONTEXT('2D SPACE',''
  ) );
#1841 = ORIENTED_EDGE('',*,*,#1842,.T.);
#1842 = EDGE_CURVE('',#1822,#1843,#1845,.T.);
#1843 = VERTEX_POINT('',#1844);
#1844 = CARTESIAN_POINT('',(-14.00300025939,13.,3.));
#1845 = SURFACE_CURVE('',#1846,(#1850),.PCURVE_S1.);
#1846 = LINE('',#1847,#1848);
#1847 = CARTESIAN_POINT('',(-13.92899990081,13.619000434875,3.));
#1848 = VECTOR('',#1849,1.);
#1849 = DIRECTION('',(-0.118702925141,-0.992929814017,0.));
#1850 = PCURVE('',#1830,#1851);
#1851 = DEFINITIONAL_REPRESENTATION('',(#1852),#1856);
#1852 = LINE('',#1853,#1854);
#1853 = CARTESIAN_POINT('',(0.451533939644,1.360170083207));
#1854 = VECTOR('',#1855,1.);
#1855 = DIRECTION('',(-1.,0.));
#1856 = ( GEOMETRIC_REPRESENTATION_CONTEXT(2) 
PARAMETRIC_REPRESENTATION_CONTEXT() REPRESENTATION_CONTEXT('2D SPACE',''
  ) );
#1857 = ORIENTED_EDGE('',*,*,#1858,.F.);
#1858 = EDGE_CURVE('',#1820,#1843,#1859,.T.);
#1859 = SURFACE_CURVE('',#1860,(#1864),.PCURVE_S1.);
#1860 = LINE('',#1861,#1862);
#1861 = CARTESIAN_POINT('',(-14.00300025939,13.,0.));
#1862 = VECTOR('',#1863,1.);
#1863 = DIRECTION('',(0.,0.,1.));
#1864 = PCURVE('',#1830,#1865);
#1865 = DEFINITIONAL_REPRESENTATION('',(#1866),#1870);
#1866 = LINE('',#1867,#1868);
#1867 = CARTESIAN_POINT('',(-0.171874106058,-1.639829916793));
#1868 = VECTOR('',#1869,1.);
#1869 = DIRECTION('',(0.,1.));
#1870 = ( GEOMETRIC_REPRESENTATION_CONTEXT(2) 
PARAMETRIC_REPRESENTATION_CONTEXT() REPRESENTATION_CONTEXT('2D SPACE',''
  ) );
#1871 = SHELL_BASED_SURFACE_MODEL('',(#1872));
#1872 = OPEN_SHELL('',(#1873));
#1873 = ADVANCED_FACE('',(#1874),#1888,.T.);
#1874 = FACE_BOUND('',#1875,.T.);
#1875 = EDGE_LOOP('',(#1876,#1899,#1915));
#1876 = ORIENTED_EDGE('',*,*,#1877,.T.);
#1877 = EDGE_CURVE('',#1878,#1880,#1882,.T.);
#1878 = VERTEX_POINT('',#1879);
#1879 = CARTESIAN_POINT('',(11.,52.,18.));
#1880 = VERTEX_POINT('',#1881);
#1881 = CARTESIAN_POINT('',(-18.,55.,18.));
#1882 = SURFACE_CURVE('',#1883,(#1887),.PCURVE_S1.);
#1883 = LINE('',#1884,#1885);
#1884 = CARTESIAN_POINT('',(11.,52.,18.));
#1885 = VECTOR('',#1886,1.);
#1886 = DIRECTION('',(-0.994691793827,0.102899151086,0.));
#1887 = PCURVE('',#1888,#1893);
#1888 = PLANE('',#1889);
#1889 = AXIS2_PLACEMENT_3D('',#1890,#1891,#1892);
#1890 = CARTESIAN_POINT('',(-4.001879546485,52.803679325189,18.));
#1891 = DIRECTION('',(0.,0.,1.));
#1892 = DIRECTION('',(1.,0.,-0.));
#1893 = DEFINITIONAL_REPRESENTATION('',(#1894),#1898);
#1894 = LINE('',#1895,#1896);
#1895 = CARTESIAN_POINT('',(15.001879546485,-0.803679325189));
#1896 = VECTOR('',#1897,1.);
#1897 = DIRECTION('',(-0.994691793827,0.102899151086));
#1898 = ( GEOMETRIC_REPRESENTATION_CONTEXT(2) 
PARAMETRIC_REPRESENTATION_CONTEXT() REPRESENTATION_CONTEXT('2D SPACE',''
  ) );
#1899 = ORIENTED_EDGE('',*,*,#1900,.T.);
#1900 = EDGE_CURVE('',#1880,#1901,#1903,.T.);
#1901 = VERTEX_POINT('',#1902);
#1902 = CARTESIAN_POINT('',(-17.,52.,18.));
#1903 = SURFACE_CURVE('',#1904,(#1908),.PCURVE_S1.);
#1904 = LINE('',#1905,#1906);
#1905 = CARTESIAN_POINT('',(-18.,55.,18.));
#1906 = VECTOR('',#1907,1.);
#1907 = DIRECTION('',(0.316227766017,-0.948683298051,0.));
#1908 = PCURVE('',#1888,#1909);
#1909 = DEFINITIONAL_REPRESENTATION('',(#1910),#1914);
#1910 = LINE('',#1911,#1912);
#1911 = CARTESIAN_POINT('',(-13.99812045351,2.196320674811));
#1912 = VECTOR('',#1913,1.);
#1913 = DIRECTION('',(0.316227766017,-0.948683298051));
#1914 = ( GEOMETRIC_REPRESENTATION_CONTEXT(2) 
PARAMETRIC_REPRESENTATION_CONTEXT() REPRESENTATION_CONTEXT('2D SPACE',''
  ) );
#1915 = ORIENTED_EDGE('',*,*,#1916,.T.);
#1916 = EDGE_CURVE('',#1901,#1878,#1917,.T.);
#1917 = SURFACE_CURVE('',#1918,(#1922),.PCURVE_S1.);
#1918 = LINE('',#1919,#1920);
#1919 = CARTESIAN_POINT('',(-17.,52.,18.));
#1920 = VECTOR('',#1921,1.);
#1921 = DIRECTION('',(1.,0.,0.));
#1922 = PCURVE('',#1888,#1923);
#1923 = DEFINITIONAL_REPRESENTATION('',(#1924),#1928);
#1924 = LINE('',#1925,#1926);
#1925 = CARTESIAN_POINT('',(-12.99812045351,-0.803679325189));
#1926 = VECTOR('',#1927,1.);
#1927 = DIRECTION('',(1.,0.));
#1928 = ( GEOMETRIC_REPRESENTATION_CONTEXT(2) 
PARAMETRIC_REPRESENTATION_CONTEXT() REPRESENTATION_CONTEXT('2D SPACE',''
  ) );
#1929 = SHELL_BASED_SURFACE_MODEL('',(#1930));
#1930 = OPEN_SHELL('',(#1931));
#1931 = ADVANCED_FACE('',(#1932),#1946,.T.);
#1932 = FACE_BOUND('',#1933,.T.);
#1933 = EDGE_LOOP('',(#1934,#1957,#1973));
#1934 = ORIENTED_EDGE('',*,*,#1935,.T.);
#1935 = EDGE_CURVE('',#1936,#1938,#1940,.T.);
#1936 = VERTEX_POINT('',#1937);
#1937 = CARTESIAN_POINT('',(-17.,52.,3.));
#1938 = VERTEX_POINT('',#1939);
#1939 = CARTESIAN_POINT('',(11.,52.,3.));
#1940 = SURFACE_CURVE('',#1941,(#1945),.PCURVE_S1.);
#1941 = LINE('',#1942,#1943);
#1942 = CARTESIAN_POINT('',(-17.,52.,3.));
#1943 = VECTOR('',#1944,1.);
#1944 = DIRECTION('',(1.,0.,0.));
#1945 = PCURVE('',#1946,#1951);
#1946 = PLANE('',#1947);
#1947 = AXIS2_PLACEMENT_3D('',#1948,#1949,#1950);
#1948 = CARTESIAN_POINT('',(-0.191190087134,52.,7.691190087134));
#1949 = DIRECTION('',(-0.,-1.,-0.));
#1950 = DIRECTION('',(0.,0.,-1.));
#1951 = DEFINITIONAL_REPRESENTATION('',(#1952),#1956);
#1952 = LINE('',#1953,#1954);
#1953 = CARTESIAN_POINT('',(4.691190087134,-16.80880991286));
#1954 = VECTOR('',#1955,1.);
#1955 = DIRECTION('',(0.,1.));
#1956 = ( GEOMETRIC_REPRESENTATION_CONTEXT(2) 
PARAMETRIC_REPRESENTATION_CONTEXT() REPRESENTATION_CONTEXT('2D SPACE',''
  ) );
#1957 = ORIENTED_EDGE('',*,*,#1958,.T.);
#1958 = EDGE_CURVE('',#1938,#1959,#1961,.T.);
#1959 = VERTEX_POINT('',#1960);
#1960 = CARTESIAN_POINT('',(11.,52.,18.));
#1961 = SURFACE_CURVE('',#1962,(#1966),.PCURVE_S1.);
#1962 = LINE('',#1963,#1964);
#1963 = CARTESIAN_POINT('',(11.,52.,3.));
#1964 = VECTOR('',#1965,1.);
#1965 = DIRECTION('',(0.,0.,1.));
#1966 = PCURVE('',#1946,#1967);
#1967 = DEFINITIONAL_REPRESENTATION('',(#1968),#1972);
#1968 = LINE('',#1969,#1970);
#1969 = CARTESIAN_POINT('',(4.691190087134,11.191190087134));
#1970 = VECTOR('',#1971,1.);
#1971 = DIRECTION('',(-1.,0.));
#1972 = ( GEOMETRIC_REPRESENTATION_CONTEXT(2) 
PARAMETRIC_REPRESENTATION_CONTEXT() REPRESENTATION_CONTEXT('2D SPACE',''
  ) );
#1973 = ORIENTED_EDGE('',*,*,#1974,.T.);
#1974 = EDGE_CURVE('',#1959,#1936,#1975,.T.);
#1975 = SURFACE_CURVE('',#1976,(#1980),.PCURVE_S1.);
#1976 = LINE('',#1977,#1978);
#1977 = CARTESIAN_POINT('',(11.,52.,18.));
#1978 = VECTOR('',#1979,1.);
#1979 = DIRECTION('',(-0.881479970029,0.,-0.472221412515));
#1980 = PCURVE('',#1946,#1981);
#1981 = DEFINITIONAL_REPRESENTATION('',(#1982),#1986);
#1982 = LINE('',#1983,#1984);
#1983 = CARTESIAN_POINT('',(-10.30880991286,11.191190087134));
#1984 = VECTOR('',#1985,1.);
#1985 = DIRECTION('',(0.472221412515,-0.881479970029));
#1986 = ( GEOMETRIC_REPRESENTATION_CONTEXT(2) 
PARAMETRIC_REPRESENTATION_CONTEXT() REPRESENTATION_CONTEXT('2D SPACE',''
  ) );
#1987 = SHELL_BASED_SURFACE_MODEL('',(#1988));
#1988 = OPEN_SHELL('',(#1989));
#1989 = ADVANCED_FACE('',(#1990),#2004,.T.);
#1990 = FACE_BOUND('',#1991,.T.);
#1991 = EDGE_LOOP('',(#1992,#2015,#2031));
#1992 = ORIENTED_EDGE('',*,*,#1993,.F.);
#1993 = EDGE_CURVE('',#1994,#1996,#1998,.T.);
#1994 = VERTEX_POINT('',#1995);
#1995 = CARTESIAN_POINT('',(-17.,52.,18.));
#1996 = VERTEX_POINT('',#1997);
#1997 = CARTESIAN_POINT('',(11.,52.,18.));
#1998 = SURFACE_CURVE('',#1999,(#2003),.PCURVE_S1.);
#1999 = LINE('',#2000,#2001);
#2000 = CARTESIAN_POINT('',(-17.,52.,18.));
#2001 = VECTOR('',#2002,1.);
#2002 = DIRECTION('',(1.,0.,0.));
#2003 = PCURVE('',#2004,#2009);
#2004 = PLANE('',#2005);
#2005 = AXIS2_PLACEMENT_3D('',#2006,#2007,#2008);
#2006 = CARTESIAN_POINT('',(-5.808809912866,52.,13.308809912866));
#2007 = DIRECTION('',(-0.,-1.,-0.));
#2008 = DIRECTION('',(0.,0.,-1.));
#2009 = DEFINITIONAL_REPRESENTATION('',(#2010),#2014);
#2010 = LINE('',#2011,#2012);
#2011 = CARTESIAN_POINT('',(-4.691190087134,-11.19119008713));
#2012 = VECTOR('',#2013,1.);
#2013 = DIRECTION('',(0.,1.));
#2014 = ( GEOMETRIC_REPRESENTATION_CONTEXT(2) 
PARAMETRIC_REPRESENTATION_CONTEXT() REPRESENTATION_CONTEXT('2D SPACE',''
  ) );
#2015 = ORIENTED_EDGE('',*,*,#2016,.T.);
#2016 = EDGE_CURVE('',#1994,#2017,#2019,.T.);
#2017 = VERTEX_POINT('',#2018);
#2018 = CARTESIAN_POINT('',(-17.,52.,3.));
#2019 = SURFACE_CURVE('',#2020,(#2024),.PCURVE_S1.);
#2020 = LINE('',#2021,#2022);
#2021 = CARTESIAN_POINT('',(-17.,52.,18.));
#2022 = VECTOR('',#2023,1.);
#2023 = DIRECTION('',(0.,0.,-1.));
#2024 = PCURVE('',#2004,#2025);
#2025 = DEFINITIONAL_REPRESENTATION('',(#2026),#2030);
#2026 = LINE('',#2027,#2028);
#2027 = CARTESIAN_POINT('',(-4.691190087134,-11.19119008713));
#2028 = VECTOR('',#2029,1.);
#2029 = DIRECTION('',(1.,0.));
#2030 = ( GEOMETRIC_REPRESENTATION_CONTEXT(2) 
PARAMETRIC_REPRESENTATION_CONTEXT() REPRESENTATION_CONTEXT('2D SPACE',''
  ) );
#2031 = ORIENTED_EDGE('',*,*,#2032,.F.);
#2032 = EDGE_CURVE('',#1996,#2017,#2033,.T.);
#2033 = SURFACE_CURVE('',#2034,(#2038),.PCURVE_S1.);
#2034 = LINE('',#2035,#2036);
#2035 = CARTESIAN_POINT('',(11.,52.,18.));
#2036 = VECTOR('',#2037,1.);
#2037 = DIRECTION('',(-0.881479970029,0.,-0.472221412515));
#2038 = PCURVE('',#2004,#2039);
#2039 = DEFINITIONAL_REPRESENTATION('',(#2040),#2044);
#2040 = LINE('',#2041,#2042);
#2041 = CARTESIAN_POINT('',(-4.691190087134,16.808809912866));
#2042 = VECTOR('',#2043,1.);
#2043 = DIRECTION('',(0.472221412515,-0.881479970029));
#2044 = ( GEOMETRIC_REPRESENTATION_CONTEXT(2) 
PARAMETRIC_REPRESENTATION_CONTEXT() REPRESENTATION_CONTEXT('2D SPACE',''
  ) );
#2045 = SHELL_BASED_SURFACE_MODEL('',(#2046));
#2046 = OPEN_SHELL('',(#2047));
#2047 = ADVANCED_FACE('',(#2048),#2062,.T.);
#2048 = FACE_BOUND('',#2049,.T.);
#2049 = EDGE_LOOP('',(#2050,#2073,#2089));
#2050 = ORIENTED_EDGE('',*,*,#2051,.T.);
#2051 = EDGE_CURVE('',#2052,#2054,#2056,.T.);
#2052 = VERTEX_POINT('',#2053);
#2053 = CARTESIAN_POINT('',(-17.,-47.,3.));
#2054 = VERTEX_POINT('',#2055);
#2055 = CARTESIAN_POINT('',(-17.,-48.,18.));
#2056 = SURFACE_CURVE('',#2057,(#2061),.PCURVE_S1.);
#2057 = LINE('',#2058,#2059);
#2058 = CARTESIAN_POINT('',(-17.,-47.,3.));
#2059 = VECTOR('',#2060,1.);
#2060 = DIRECTION('',(0.,-6.651901052377E-02,0.997785157857));
#2061 = PCURVE('',#2062,#2067);
#2062 = PLANE('',#2063);
#2063 = AXIS2_PLACEMENT_3D('',#2064,#2065,#2066);
#2064 = CARTESIAN_POINT('',(-17.,-47.7486491854,8.967754679551));
#2065 = DIRECTION('',(1.,0.,0.));
#2066 = DIRECTION('',(-0.,0.,1.));
#2067 = DEFINITIONAL_REPRESENTATION('',(#2068),#2072);
#2068 = LINE('',#2069,#2070);
#2069 = CARTESIAN_POINT('',(-5.967754679551,-0.748649185406));
#2070 = VECTOR('',#2071,1.);
#2071 = DIRECTION('',(0.997785157857,6.651901052377E-02));
#2072 = ( GEOMETRIC_REPRESENTATION_CONTEXT(2) 
PARAMETRIC_REPRESENTATION_CONTEXT() REPRESENTATION_CONTEXT('2D SPACE',''
  ) );
#2073 = ORIENTED_EDGE('',*,*,#2074,.T.);
#2074 = EDGE_CURVE('',#2054,#2075,#2077,.T.);
#2075 = VERTEX_POINT('',#2076);
#2076 = CARTESIAN_POINT('',(-17.,-48.,0.));
#2077 = SURFACE_CURVE('',#2078,(#2082),.PCURVE_S1.);
#2078 = LINE('',#2079,#2080);
#2079 = CARTESIAN_POINT('',(-17.,-48.,18.));
#2080 = VECTOR('',#2081,1.);
#2081 = DIRECTION('',(0.,0.,-1.));
#2082 = PCURVE('',#2062,#2083);
#2083 = DEFINITIONAL_REPRESENTATION('',(#2084),#2088);
#2084 = LINE('',#2085,#2086);
#2085 = CARTESIAN_POINT('',(9.032245320449,0.251350814594));
#2086 = VECTOR('',#2087,1.);
#2087 = DIRECTION('',(-1.,0.));
#2088 = ( GEOMETRIC_REPRESENTATION_CONTEXT(2) 
PARAMETRIC_REPRESENTATION_CONTEXT() REPRESENTATION_CONTEXT('2D SPACE',''
  ) );
#2089 = ORIENTED_EDGE('',*,*,#2090,.T.);
#2090 = EDGE_CURVE('',#2075,#2052,#2091,.T.);
#2091 = SURFACE_CURVE('',#2092,(#2096),.PCURVE_S1.);
#2092 = LINE('',#2093,#2094);
#2093 = CARTESIAN_POINT('',(-17.,-48.,0.));
#2094 = VECTOR('',#2095,1.);
#2095 = DIRECTION('',(0.,0.316227766017,0.948683298051));
#2096 = PCURVE('',#2062,#2097);
#2097 = DEFINITIONAL_REPRESENTATION('',(#2098),#2102);
#2098 = LINE('',#2099,#2100);
#2099 = CARTESIAN_POINT('',(-8.967754679551,0.251350814594));
#2100 = VECTOR('',#2101,1.);
#2101 = DIRECTION('',(0.948683298051,-0.316227766017));
#2102 = ( GEOMETRIC_REPRESENTATION_CONTEXT(2) 
PARAMETRIC_REPRESENTATION_CONTEXT() REPRESENTATION_CONTEXT('2D SPACE',''
  ) );
#2103 = SHELL_BASED_SURFACE_MODEL('',(#2104));
#2104 = OPEN_SHELL('',(#2105));
#2105 = ADVANCED_FACE('',(#2106),#2120,.T.);
#2106 = FACE_BOUND('',#2107,.T.);
#2107 = EDGE_LOOP('',(#2108,#2131,#2147));
#2108 = ORIENTED_EDGE('',*,*,#2109,.F.);
#2109 = EDGE_CURVE('',#2110,#2112,#2114,.T.);
#2110 = VERTEX_POINT('',#2111);
#2111 = CARTESIAN_POINT('',(-17.,52.,3.));
#2112 = VERTEX_POINT('',#2113);
#2113 = CARTESIAN_POINT('',(-17.,-47.,3.));
#2114 = SURFACE_CURVE('',#2115,(#2119),.PCURVE_S1.);
#2115 = LINE('',#2116,#2117);
#2116 = CARTESIAN_POINT('',(-17.,52.,3.));
#2117 = VECTOR('',#2118,1.);
#2118 = DIRECTION('',(0.,-1.,0.));
#2119 = PCURVE('',#2120,#2125);
#2120 = PLANE('',#2121);
#2121 = AXIS2_PLACEMENT_3D('',#2122,#2123,#2124);
#2122 = CARTESIAN_POINT('',(-17.,5.967521097582,7.032478902418));
#2123 = DIRECTION('',(1.,0.,0.));
#2124 = DIRECTION('',(-0.,0.,1.));
#2125 = DEFINITIONAL_REPRESENTATION('',(#2126),#2130);
#2126 = LINE('',#2127,#2128);
#2127 = CARTESIAN_POINT('',(-4.032478902418,-46.03247890241));
#2128 = VECTOR('',#2129,1.);
#2129 = DIRECTION('',(0.,1.));
#2130 = ( GEOMETRIC_REPRESENTATION_CONTEXT(2) 
PARAMETRIC_REPRESENTATION_CONTEXT() REPRESENTATION_CONTEXT('2D SPACE',''
  ) );
#2131 = ORIENTED_EDGE('',*,*,#2132,.F.);
#2132 = EDGE_CURVE('',#2133,#2110,#2135,.T.);
#2133 = VERTEX_POINT('',#2134);
#2134 = CARTESIAN_POINT('',(-17.,52.,18.));
#2135 = SURFACE_CURVE('',#2136,(#2140),.PCURVE_S1.);
#2136 = LINE('',#2137,#2138);
#2137 = CARTESIAN_POINT('',(-17.,52.,18.));
#2138 = VECTOR('',#2139,1.);
#2139 = DIRECTION('',(0.,0.,-1.));
#2140 = PCURVE('',#2120,#2141);
#2141 = DEFINITIONAL_REPRESENTATION('',(#2142),#2146);
#2142 = LINE('',#2143,#2144);
#2143 = CARTESIAN_POINT('',(10.967521097582,-46.03247890241));
#2144 = VECTOR('',#2145,1.);
#2145 = DIRECTION('',(-1.,0.));
#2146 = ( GEOMETRIC_REPRESENTATION_CONTEXT(2) 
PARAMETRIC_REPRESENTATION_CONTEXT() REPRESENTATION_CONTEXT('2D SPACE',''
  ) );
#2147 = ORIENTED_EDGE('',*,*,#2148,.T.);
#2148 = EDGE_CURVE('',#2133,#2112,#2149,.T.);
#2149 = SURFACE_CURVE('',#2150,(#2154),.PCURVE_S1.);
#2150 = LINE('',#2151,#2152);
#2151 = CARTESIAN_POINT('',(-17.,52.,18.));
#2152 = VECTOR('',#2153,1.);
#2153 = DIRECTION('',(0.,-0.988715504225,-0.149805379428));
#2154 = PCURVE('',#2120,#2155);
#2155 = DEFINITIONAL_REPRESENTATION('',(#2156),#2160);
#2156 = LINE('',#2157,#2158);
#2157 = CARTESIAN_POINT('',(10.967521097582,-46.03247890241));
#2158 = VECTOR('',#2159,1.);
#2159 = DIRECTION('',(-0.149805379428,0.988715504225));
#2160 = ( GEOMETRIC_REPRESENTATION_CONTEXT(2) 
PARAMETRIC_REPRESENTATION_CONTEXT() REPRESENTATION_CONTEXT('2D SPACE',''
  ) );
#2161 = SHELL_BASED_SURFACE_MODEL('',(#2162));
#2162 = OPEN_SHELL('',(#2163));
#2163 = ADVANCED_FACE('',(#2164),#2178,.T.);
#2164 = FACE_BOUND('',#2165,.T.);
#2165 = EDGE_LOOP('',(#2166,#2189,#2205));
#2166 = ORIENTED_EDGE('',*,*,#2167,.T.);
#2167 = EDGE_CURVE('',#2168,#2170,#2172,.T.);
#2168 = VERTEX_POINT('',#2169);
#2169 = CARTESIAN_POINT('',(-17.,52.,18.));
#2170 = VERTEX_POINT('',#2171);
#2171 = CARTESIAN_POINT('',(-17.,-48.,18.));
#2172 = SURFACE_CURVE('',#2173,(#2177),.PCURVE_S1.);
#2173 = LINE('',#2174,#2175);
#2174 = CARTESIAN_POINT('',(-17.,52.,18.));
#2175 = VECTOR('',#2176,1.);
#2176 = DIRECTION('',(0.,-1.,0.));
#2177 = PCURVE('',#2178,#2183);
#2178 = PLANE('',#2179);
#2179 = AXIS2_PLACEMENT_3D('',#2180,#2181,#2182);
#2180 = CARTESIAN_POINT('',(-17.,-1.225845192175,13.985725989449));
#2181 = DIRECTION('',(1.,0.,0.));
#2182 = DIRECTION('',(-0.,0.,1.));
#2183 = DEFINITIONAL_REPRESENTATION('',(#2184),#2188);
#2184 = LINE('',#2185,#2186);
#2185 = CARTESIAN_POINT('',(4.014274010551,-53.22584519217));
#2186 = VECTOR('',#2187,1.);
#2187 = DIRECTION('',(0.,1.));
#2188 = ( GEOMETRIC_REPRESENTATION_CONTEXT(2) 
PARAMETRIC_REPRESENTATION_CONTEXT() REPRESENTATION_CONTEXT('2D SPACE',''
  ) );
#2189 = ORIENTED_EDGE('',*,*,#2190,.F.);
#2190 = EDGE_CURVE('',#2191,#2170,#2193,.T.);
#2191 = VERTEX_POINT('',#2192);
#2192 = CARTESIAN_POINT('',(-17.,-47.,3.));
#2193 = SURFACE_CURVE('',#2194,(#2198),.PCURVE_S1.);
#2194 = LINE('',#2195,#2196);
#2195 = CARTESIAN_POINT('',(-17.,-47.,3.));
#2196 = VECTOR('',#2197,1.);
#2197 = DIRECTION('',(0.,-6.651901052377E-02,0.997785157857));
#2198 = PCURVE('',#2178,#2199);
#2199 = DEFINITIONAL_REPRESENTATION('',(#2200),#2204);
#2200 = LINE('',#2201,#2202);
#2201 = CARTESIAN_POINT('',(-10.98572598944,45.774154807825));
#2202 = VECTOR('',#2203,1.);
#2203 = DIRECTION('',(0.997785157857,6.651901052377E-02));
#2204 = ( GEOMETRIC_REPRESENTATION_CONTEXT(2) 
PARAMETRIC_REPRESENTATION_CONTEXT() REPRESENTATION_CONTEXT('2D SPACE',''
  ) );
#2205 = ORIENTED_EDGE('',*,*,#2206,.F.);
#2206 = EDGE_CURVE('',#2168,#2191,#2207,.T.);
#2207 = SURFACE_CURVE('',#2208,(#2212),.PCURVE_S1.);
#2208 = LINE('',#2209,#2210);
#2209 = CARTESIAN_POINT('',(-17.,52.,18.));
#2210 = VECTOR('',#2211,1.);
#2211 = DIRECTION('',(0.,-0.988715504225,-0.149805379428));
#2212 = PCURVE('',#2178,#2213);
#2213 = DEFINITIONAL_REPRESENTATION('',(#2214),#2218);
#2214 = LINE('',#2215,#2216);
#2215 = CARTESIAN_POINT('',(4.014274010551,-53.22584519217));
#2216 = VECTOR('',#2217,1.);
#2217 = DIRECTION('',(-0.149805379428,0.988715504225));
#2218 = ( GEOMETRIC_REPRESENTATION_CONTEXT(2) 
PARAMETRIC_REPRESENTATION_CONTEXT() REPRESENTATION_CONTEXT('2D SPACE',''
  ) );
#2219 = SHELL_BASED_SURFACE_MODEL('',(#2220));
#2220 = OPEN_SHELL('',(#2221));
#2221 = ADVANCED_FACE('',(#2222),#2236,.T.);
#2222 = FACE_BOUND('',#2223,.T.);
#2223 = EDGE_LOOP('',(#2224,#2247,#2263));
#2224 = ORIENTED_EDGE('',*,*,#2225,.F.);
#2225 = EDGE_CURVE('',#2226,#2228,#2230,.T.);
#2226 = VERTEX_POINT('',#2227);
#2227 = CARTESIAN_POINT('',(-18.,55.,18.));
#2228 = VERTEX_POINT('',#2229);
#2229 = CARTESIAN_POINT('',(-17.,52.,18.));
#2230 = SURFACE_CURVE('',#2231,(#2235),.PCURVE_S1.);
#2231 = LINE('',#2232,#2233);
#2232 = CARTESIAN_POINT('',(-18.,55.,18.));
#2233 = VECTOR('',#2234,1.);
#2234 = DIRECTION('',(0.316227766017,-0.948683298051,0.));
#2235 = PCURVE('',#2236,#2241);
#2236 = PLANE('',#2237);
#2237 = AXIS2_PLACEMENT_3D('',#2238,#2239,#2240);
#2238 = CARTESIAN_POINT('',(-17.70943058495,53.290569415042,18.));
#2239 = DIRECTION('',(0.,0.,1.));
#2240 = DIRECTION('',(1.,0.,-0.));
#2241 = DEFINITIONAL_REPRESENTATION('',(#2242),#2246);
#2242 = LINE('',#2243,#2244);
#2243 = CARTESIAN_POINT('',(-0.290569415042,1.709430584958));
#2244 = VECTOR('',#2245,1.);
#2245 = DIRECTION('',(0.316227766017,-0.948683298051));
#2246 = ( GEOMETRIC_REPRESENTATION_CONTEXT(2) 
PARAMETRIC_REPRESENTATION_CONTEXT() REPRESENTATION_CONTEXT('2D SPACE',''
  ) );
#2247 = ORIENTED_EDGE('',*,*,#2248,.T.);
#2248 = EDGE_CURVE('',#2226,#2249,#2251,.T.);
#2249 = VERTEX_POINT('',#2250);
#2250 = CARTESIAN_POINT('',(-18.,52.,18.));
#2251 = SURFACE_CURVE('',#2252,(#2256),.PCURVE_S1.);
#2252 = LINE('',#2253,#2254);
#2253 = CARTESIAN_POINT('',(-18.,55.,18.));
#2254 = VECTOR('',#2255,1.);
#2255 = DIRECTION('',(0.,-1.,0.));
#2256 = PCURVE('',#2236,#2257);
#2257 = DEFINITIONAL_REPRESENTATION('',(#2258),#2262);
#2258 = LINE('',#2259,#2260);
#2259 = CARTESIAN_POINT('',(-0.290569415042,1.709430584958));
#2260 = VECTOR('',#2261,1.);
#2261 = DIRECTION('',(0.,-1.));
#2262 = ( GEOMETRIC_REPRESENTATION_CONTEXT(2) 
PARAMETRIC_REPRESENTATION_CONTEXT() REPRESENTATION_CONTEXT('2D SPACE',''
  ) );
#2263 = ORIENTED_EDGE('',*,*,#2264,.T.);
#2264 = EDGE_CURVE('',#2249,#2228,#2265,.T.);
#2265 = SURFACE_CURVE('',#2266,(#2270),.PCURVE_S1.);
#2266 = LINE('',#2267,#2268);
#2267 = CARTESIAN_POINT('',(-18.,52.,18.));
#2268 = VECTOR('',#2269,1.);
#2269 = DIRECTION('',(1.,0.,0.));
#2270 = PCURVE('',#2236,#2271);
#2271 = DEFINITIONAL_REPRESENTATION('',(#2272),#2276);
#2272 = LINE('',#2273,#2274);
#2273 = CARTESIAN_POINT('',(-0.290569415042,-1.290569415042));
#2274 = VECTOR('',#2275,1.);
#2275 = DIRECTION('',(1.,0.));
#2276 = ( GEOMETRIC_REPRESENTATION_CONTEXT(2) 
PARAMETRIC_REPRESENTATION_CONTEXT() REPRESENTATION_CONTEXT('2D SPACE',''
  ) );
#2277 = SHELL_BASED_SURFACE_MODEL('',(#2278));
#2278 = OPEN_SHELL('',(#2279));
#2279 = ADVANCED_FACE('',(#2280),#2294,.T.);
#2280 = FACE_BOUND('',#2281,.T.);
#2281 = EDGE_LOOP('',(#2282,#2305,#2321));
#2282 = ORIENTED_EDGE('',*,*,#2283,.F.);
#2283 = EDGE_CURVE('',#2284,#2286,#2288,.T.);
#2284 = VERTEX_POINT('',#2285);
#2285 = CARTESIAN_POINT('',(-17.,52.,18.));
#2286 = VERTEX_POINT('',#2287);
#2287 = CARTESIAN_POINT('',(-17.,-48.,18.));
#2288 = SURFACE_CURVE('',#2289,(#2293),.PCURVE_S1.);
#2289 = LINE('',#2290,#2291);
#2290 = CARTESIAN_POINT('',(-17.,52.,18.));
#2291 = VECTOR('',#2292,1.);
#2292 = DIRECTION('',(0.,-1.,0.));
#2293 = PCURVE('',#2294,#2299);
#2294 = PLANE('',#2295);
#2295 = AXIS2_PLACEMENT_3D('',#2296,#2297,#2298);
#2296 = CARTESIAN_POINT('',(-17.25124996875,2.248750031248,18.));
#2297 = DIRECTION('',(0.,0.,1.));
#2298 = DIRECTION('',(1.,0.,-0.));
#2299 = DEFINITIONAL_REPRESENTATION('',(#2300),#2304);
#2300 = LINE('',#2301,#2302);
#2301 = CARTESIAN_POINT('',(0.251249968752,49.751249968752));
#2302 = VECTOR('',#2303,1.);
#2303 = DIRECTION('',(0.,-1.));
#2304 = ( GEOMETRIC_REPRESENTATION_CONTEXT(2) 
PARAMETRIC_REPRESENTATION_CONTEXT() REPRESENTATION_CONTEXT('2D SPACE',''
  ) );
#2305 = ORIENTED_EDGE('',*,*,#2306,.F.);
#2306 = EDGE_CURVE('',#2307,#2284,#2309,.T.);
#2307 = VERTEX_POINT('',#2308);
#2308 = CARTESIAN_POINT('',(-18.,52.,18.));
#2309 = SURFACE_CURVE('',#2310,(#2314),.PCURVE_S1.);
#2310 = LINE('',#2311,#2312);
#2311 = CARTESIAN_POINT('',(-18.,52.,18.));
#2312 = VECTOR('',#2313,1.);
#2313 = DIRECTION('',(1.,0.,0.));
#2314 = PCURVE('',#2294,#2315);
#2315 = DEFINITIONAL_REPRESENTATION('',(#2316),#2320);
#2316 = LINE('',#2317,#2318);
#2317 = CARTESIAN_POINT('',(-0.748750031248,49.751249968752));
#2318 = VECTOR('',#2319,1.);
#2319 = DIRECTION('',(1.,0.));
#2320 = ( GEOMETRIC_REPRESENTATION_CONTEXT(2) 
PARAMETRIC_REPRESENTATION_CONTEXT() REPRESENTATION_CONTEXT('2D SPACE',''
  ) );
#2321 = ORIENTED_EDGE('',*,*,#2322,.T.);
#2322 = EDGE_CURVE('',#2307,#2286,#2323,.T.);
#2323 = SURFACE_CURVE('',#2324,(#2328),.PCURVE_S1.);
#2324 = LINE('',#2325,#2326);
#2325 = CARTESIAN_POINT('',(-18.,52.,18.));
#2326 = VECTOR('',#2327,1.);
#2327 = DIRECTION('',(9.999500037497E-03,-0.99995000375,0.));
#2328 = PCURVE('',#2294,#2329);
#2329 = DEFINITIONAL_REPRESENTATION('',(#2330),#2334);
#2330 = LINE('',#2331,#2332);
#2331 = CARTESIAN_POINT('',(-0.748750031248,49.751249968752));
#2332 = VECTOR('',#2333,1.);
#2333 = DIRECTION('',(9.999500037497E-03,-0.99995000375));
#2334 = ( GEOMETRIC_REPRESENTATION_CONTEXT(2) 
PARAMETRIC_REPRESENTATION_CONTEXT() REPRESENTATION_CONTEXT('2D SPACE',''
  ) );
#2335 = SHELL_BASED_SURFACE_MODEL('',(#2336));
#2336 = OPEN_SHELL('',(#2337));
#2337 = ADVANCED_FACE('',(#2338),#2352,.T.);
#2338 = FACE_BOUND('',#2339,.T.);
#2339 = EDGE_LOOP('',(#2340,#2363,#2379));
#2340 = ORIENTED_EDGE('',*,*,#2341,.T.);
#2341 = EDGE_CURVE('',#2342,#2344,#2346,.T.);
#2342 = VERTEX_POINT('',#2343);
#2343 = CARTESIAN_POINT('',(-17.,-48.,18.));
#2344 = VERTEX_POINT('',#2345);
#2345 = CARTESIAN_POINT('',(-20.,-48.,18.));
#2346 = SURFACE_CURVE('',#2347,(#2351),.PCURVE_S1.);
#2347 = LINE('',#2348,#2349);
#2348 = CARTESIAN_POINT('',(-17.,-48.,18.));
#2349 = VECTOR('',#2350,1.);
#2350 = DIRECTION('',(-1.,0.,0.));
#2351 = PCURVE('',#2352,#2357);
#2352 = PLANE('',#2353);
#2353 = AXIS2_PLACEMENT_3D('',#2354,#2355,#2356);
#2354 = CARTESIAN_POINT('',(-17.81207189772,-48.,9.687928102276));
#2355 = DIRECTION('',(-0.,-1.,-0.));
#2356 = DIRECTION('',(0.,0.,-1.));
#2357 = DEFINITIONAL_REPRESENTATION('',(#2358),#2362);
#2358 = LINE('',#2359,#2360);
#2359 = CARTESIAN_POINT('',(-8.312071897724,0.812071897724));
#2360 = VECTOR('',#2361,1.);
#2361 = DIRECTION('',(0.,-1.));
#2362 = ( GEOMETRIC_REPRESENTATION_CONTEXT(2) 
PARAMETRIC_REPRESENTATION_CONTEXT() REPRESENTATION_CONTEXT('2D SPACE',''
  ) );
#2363 = ORIENTED_EDGE('',*,*,#2364,.T.);
#2364 = EDGE_CURVE('',#2344,#2365,#2367,.T.);
#2365 = VERTEX_POINT('',#2366);
#2366 = CARTESIAN_POINT('',(-17.,-48.,0.));
#2367 = SURFACE_CURVE('',#2368,(#2372),.PCURVE_S1.);
#2368 = LINE('',#2369,#2370);
#2369 = CARTESIAN_POINT('',(-20.,-48.,18.));
#2370 = VECTOR('',#2371,1.);
#2371 = DIRECTION('',(0.164398987305,0.,-0.986393923832));
#2372 = PCURVE('',#2352,#2373);
#2373 = DEFINITIONAL_REPRESENTATION('',(#2374),#2378);
#2374 = LINE('',#2375,#2376);
#2375 = CARTESIAN_POINT('',(-8.312071897724,-2.187928102276));
#2376 = VECTOR('',#2377,1.);
#2377 = DIRECTION('',(0.986393923832,0.164398987305));
#2378 = ( GEOMETRIC_REPRESENTATION_CONTEXT(2) 
PARAMETRIC_REPRESENTATION_CONTEXT() REPRESENTATION_CONTEXT('2D SPACE',''
  ) );
#2379 = ORIENTED_EDGE('',*,*,#2380,.F.);
#2380 = EDGE_CURVE('',#2342,#2365,#2381,.T.);
#2381 = SURFACE_CURVE('',#2382,(#2386),.PCURVE_S1.);
#2382 = LINE('',#2383,#2384);
#2383 = CARTESIAN_POINT('',(-17.,-48.,18.));
#2384 = VECTOR('',#2385,1.);
#2385 = DIRECTION('',(0.,0.,-1.));
#2386 = PCURVE('',#2352,#2387);
#2387 = DEFINITIONAL_REPRESENTATION('',(#2388),#2392);
#2388 = LINE('',#2389,#2390);
#2389 = CARTESIAN_POINT('',(-8.312071897724,0.812071897724));
#2390 = VECTOR('',#2391,1.);
#2391 = DIRECTION('',(1.,0.));
#2392 = ( GEOMETRIC_REPRESENTATION_CONTEXT(2) 
PARAMETRIC_REPRESENTATION_CONTEXT() REPRESENTATION_CONTEXT('2D SPACE',''
  ) );
#2393 = SHELL_BASED_SURFACE_MODEL('',(#2394));
#2394 = OPEN_SHELL('',(#2395));
#2395 = ADVANCED_FACE('',(#2396),#2410,.T.);
#2396 = FACE_BOUND('',#2397,.T.);
#2397 = EDGE_LOOP('',(#2398,#2421,#2437));
#2398 = ORIENTED_EDGE('',*,*,#2399,.T.);
#2399 = EDGE_CURVE('',#2400,#2402,#2404,.T.);
#2400 = VERTEX_POINT('',#2401);
#2401 = CARTESIAN_POINT('',(-18.,52.,0.));
#2402 = VERTEX_POINT('',#2403);
#2403 = CARTESIAN_POINT('',(-18.,55.,18.));
#2404 = SURFACE_CURVE('',#2405,(#2409),.PCURVE_S1.);
#2405 = LINE('',#2406,#2407);
#2406 = CARTESIAN_POINT('',(-18.,52.,0.));
#2407 = VECTOR('',#2408,1.);
#2408 = DIRECTION('',(0.,0.164398987305,0.986393923832));
#2409 = PCURVE('',#2410,#2415);
#2410 = PLANE('',#2411);
#2411 = AXIS2_PLACEMENT_3D('',#2412,#2413,#2414);
#2412 = CARTESIAN_POINT('',(-18.,54.187928102276,8.312071897724));
#2413 = DIRECTION('',(-1.,-0.,-0.));
#2414 = DIRECTION('',(0.,0.,-1.));
#2415 = DEFINITIONAL_REPRESENTATION('',(#2416),#2420);
#2416 = LINE('',#2417,#2418);
#2417 = CARTESIAN_POINT('',(8.312071897724,2.187928102276));
#2418 = VECTOR('',#2419,1.);
#2419 = DIRECTION('',(-0.986393923832,-0.164398987305));
#2420 = ( GEOMETRIC_REPRESENTATION_CONTEXT(2) 
PARAMETRIC_REPRESENTATION_CONTEXT() REPRESENTATION_CONTEXT('2D SPACE',''
  ) );
#2421 = ORIENTED_EDGE('',*,*,#2422,.T.);
#2422 = EDGE_CURVE('',#2402,#2423,#2425,.T.);
#2423 = VERTEX_POINT('',#2424);
#2424 = CARTESIAN_POINT('',(-18.,55.,0.));
#2425 = SURFACE_CURVE('',#2426,(#2430),.PCURVE_S1.);
#2426 = LINE('',#2427,#2428);
#2427 = CARTESIAN_POINT('',(-18.,55.,18.));
#2428 = VECTOR('',#2429,1.);
#2429 = DIRECTION('',(0.,0.,-1.));
#2430 = PCURVE('',#2410,#2431);
#2431 = DEFINITIONAL_REPRESENTATION('',(#2432),#2436);
#2432 = LINE('',#2433,#2434);
#2433 = CARTESIAN_POINT('',(-9.687928102276,-0.812071897724));
#2434 = VECTOR('',#2435,1.);
#2435 = DIRECTION('',(1.,0.));
#2436 = ( GEOMETRIC_REPRESENTATION_CONTEXT(2) 
PARAMETRIC_REPRESENTATION_CONTEXT() REPRESENTATION_CONTEXT('2D SPACE',''
  ) );
#2437 = ORIENTED_EDGE('',*,*,#2438,.F.);
#2438 = EDGE_CURVE('',#2400,#2423,#2439,.T.);
#2439 = SURFACE_CURVE('',#2440,(#2444),.PCURVE_S1.);
#2440 = LINE('',#2441,#2442);
#2441 = CARTESIAN_POINT('',(-18.,52.,0.));
#2442 = VECTOR('',#2443,1.);
#2443 = DIRECTION('',(0.,1.,0.));
#2444 = PCURVE('',#2410,#2445);
#2445 = DEFINITIONAL_REPRESENTATION('',(#2446),#2450);
#2446 = LINE('',#2447,#2448);
#2447 = CARTESIAN_POINT('',(8.312071897724,2.187928102276));
#2448 = VECTOR('',#2449,1.);
#2449 = DIRECTION('',(0.,-1.));
#2450 = ( GEOMETRIC_REPRESENTATION_CONTEXT(2) 
PARAMETRIC_REPRESENTATION_CONTEXT() REPRESENTATION_CONTEXT('2D SPACE',''
  ) );
#2451 = SHELL_BASED_SURFACE_MODEL('',(#2452));
#2452 = OPEN_SHELL('',(#2453));
#2453 = ADVANCED_FACE('',(#2454),#2468,.T.);
#2454 = FACE_BOUND('',#2455,.T.);
#2455 = EDGE_LOOP('',(#2456,#2479,#2495));
#2456 = ORIENTED_EDGE('',*,*,#2457,.F.);
#2457 = EDGE_CURVE('',#2458,#2460,#2462,.T.);
#2458 = VERTEX_POINT('',#2459);
#2459 = CARTESIAN_POINT('',(-18.,55.,18.));
#2460 = VERTEX_POINT('',#2461);
#2461 = CARTESIAN_POINT('',(-18.,52.,18.));
#2462 = SURFACE_CURVE('',#2463,(#2467),.PCURVE_S1.);
#2463 = LINE('',#2464,#2465);
#2464 = CARTESIAN_POINT('',(-18.,55.,18.));
#2465 = VECTOR('',#2466,1.);
#2466 = DIRECTION('',(0.,-1.,0.));
#2467 = PCURVE('',#2468,#2473);
#2468 = PLANE('',#2469);
#2469 = AXIS2_PLACEMENT_3D('',#2470,#2471,#2472);
#2470 = CARTESIAN_POINT('',(-18.,52.812071897724,9.687928102276));
#2471 = DIRECTION('',(-1.,-0.,-0.));
#2472 = DIRECTION('',(0.,0.,-1.));
#2473 = DEFINITIONAL_REPRESENTATION('',(#2474),#2478);
#2474 = LINE('',#2475,#2476);
#2475 = CARTESIAN_POINT('',(-8.312071897724,-2.187928102276));
#2476 = VECTOR('',#2477,1.);
#2477 = DIRECTION('',(0.,1.));
#2478 = ( GEOMETRIC_REPRESENTATION_CONTEXT(2) 
PARAMETRIC_REPRESENTATION_CONTEXT() REPRESENTATION_CONTEXT('2D SPACE',''
  ) );
#2479 = ORIENTED_EDGE('',*,*,#2480,.F.);
#2480 = EDGE_CURVE('',#2481,#2458,#2483,.T.);
#2481 = VERTEX_POINT('',#2482);
#2482 = CARTESIAN_POINT('',(-18.,52.,0.));
#2483 = SURFACE_CURVE('',#2484,(#2488),.PCURVE_S1.);
#2484 = LINE('',#2485,#2486);
#2485 = CARTESIAN_POINT('',(-18.,52.,0.));
#2486 = VECTOR('',#2487,1.);
#2487 = DIRECTION('',(0.,0.164398987305,0.986393923832));
#2488 = PCURVE('',#2468,#2489);
#2489 = DEFINITIONAL_REPRESENTATION('',(#2490),#2494);
#2490 = LINE('',#2491,#2492);
#2491 = CARTESIAN_POINT('',(9.687928102276,0.812071897724));
#2492 = VECTOR('',#2493,1.);
#2493 = DIRECTION('',(-0.986393923832,-0.164398987305));
#2494 = ( GEOMETRIC_REPRESENTATION_CONTEXT(2) 
PARAMETRIC_REPRESENTATION_CONTEXT() REPRESENTATION_CONTEXT('2D SPACE',''
  ) );
#2495 = ORIENTED_EDGE('',*,*,#2496,.T.);
#2496 = EDGE_CURVE('',#2481,#2460,#2497,.T.);
#2497 = SURFACE_CURVE('',#2498,(#2502),.PCURVE_S1.);
#2498 = LINE('',#2499,#2500);
#2499 = CARTESIAN_POINT('',(-18.,52.,0.));
#2500 = VECTOR('',#2501,1.);
#2501 = DIRECTION('',(0.,0.,1.));
#2502 = PCURVE('',#2468,#2503);
#2503 = DEFINITIONAL_REPRESENTATION('',(#2504),#2508);
#2504 = LINE('',#2505,#2506);
#2505 = CARTESIAN_POINT('',(9.687928102276,0.812071897724));
#2506 = VECTOR('',#2507,1.);
#2507 = DIRECTION('',(-1.,0.));
#2508 = ( GEOMETRIC_REPRESENTATION_CONTEXT(2) 
PARAMETRIC_REPRESENTATION_CONTEXT() REPRESENTATION_CONTEXT('2D SPACE',''
  ) );
#2509 = SHELL_BASED_SURFACE_MODEL('',(#2510));
#2510 = OPEN_SHELL('',(#2511));
#2511 = ADVANCED_FACE('',(#2512),#2526,.T.);
#2512 = FACE_BOUND('',#2513,.T.);
#2513 = EDGE_LOOP('',(#2514,#2537,#2553));
#2514 = ORIENTED_EDGE('',*,*,#2515,.T.);
#2515 = EDGE_CURVE('',#2516,#2518,#2520,.T.);
#2516 = VERTEX_POINT('',#2517);
#2517 = CARTESIAN_POINT('',(-18.,55.,18.));
#2518 = VERTEX_POINT('',#2519);
#2519 = CARTESIAN_POINT('',(12.,55.,18.));
#2520 = SURFACE_CURVE('',#2521,(#2525),.PCURVE_S1.);
#2521 = LINE('',#2522,#2523);
#2522 = CARTESIAN_POINT('',(-18.,55.,18.));
#2523 = VECTOR('',#2524,1.);
#2524 = DIRECTION('',(1.,0.,0.));
#2525 = PCURVE('',#2526,#2531);
#2526 = PLANE('',#2527);
#2527 = AXIS2_PLACEMENT_3D('',#2528,#2529,#2530);
#2528 = CARTESIAN_POINT('',(0.253572157732,55.,12.253572157732));
#2529 = DIRECTION('',(0.,1.,0.));
#2530 = DIRECTION('',(0.,-0.,1.));
#2531 = DEFINITIONAL_REPRESENTATION('',(#2532),#2536);
#2532 = LINE('',#2533,#2534);
#2533 = CARTESIAN_POINT('',(5.746427842268,-18.25357215773));
#2534 = VECTOR('',#2535,1.);
#2535 = DIRECTION('',(0.,1.));
#2536 = ( GEOMETRIC_REPRESENTATION_CONTEXT(2) 
PARAMETRIC_REPRESENTATION_CONTEXT() REPRESENTATION_CONTEXT('2D SPACE',''
  ) );
#2537 = ORIENTED_EDGE('',*,*,#2538,.T.);
#2538 = EDGE_CURVE('',#2518,#2539,#2541,.T.);
#2539 = VERTEX_POINT('',#2540);
#2540 = CARTESIAN_POINT('',(12.,55.,0.));
#2541 = SURFACE_CURVE('',#2542,(#2546),.PCURVE_S1.);
#2542 = LINE('',#2543,#2544);
#2543 = CARTESIAN_POINT('',(12.,55.,18.));
#2544 = VECTOR('',#2545,1.);
#2545 = DIRECTION('',(0.,0.,-1.));
#2546 = PCURVE('',#2526,#2547);
#2547 = DEFINITIONAL_REPRESENTATION('',(#2548),#2552);
#2548 = LINE('',#2549,#2550);
#2549 = CARTESIAN_POINT('',(5.746427842268,11.746427842268));
#2550 = VECTOR('',#2551,1.);
#2551 = DIRECTION('',(-1.,0.));
#2552 = ( GEOMETRIC_REPRESENTATION_CONTEXT(2) 
PARAMETRIC_REPRESENTATION_CONTEXT() REPRESENTATION_CONTEXT('2D SPACE',''
  ) );
#2553 = ORIENTED_EDGE('',*,*,#2554,.T.);
#2554 = EDGE_CURVE('',#2539,#2516,#2555,.T.);
#2555 = SURFACE_CURVE('',#2556,(#2560),.PCURVE_S1.);
#2556 = LINE('',#2557,#2558);
#2557 = CARTESIAN_POINT('',(12.,55.,0.));
#2558 = VECTOR('',#2559,1.);
#2559 = DIRECTION('',(-0.857492925713,0.,0.514495755428));
#2560 = PCURVE('',#2526,#2561);
#2561 = DEFINITIONAL_REPRESENTATION('',(#2562),#2566);
#2562 = LINE('',#2563,#2564);
#2563 = CARTESIAN_POINT('',(-12.25357215773,11.746427842268));
#2564 = VECTOR('',#2565,1.);
#2565 = DIRECTION('',(0.514495755428,-0.857492925713));
#2566 = ( GEOMETRIC_REPRESENTATION_CONTEXT(2) 
PARAMETRIC_REPRESENTATION_CONTEXT() REPRESENTATION_CONTEXT('2D SPACE',''
  ) );
#2567 = SHELL_BASED_SURFACE_MODEL('',(#2568));
#2568 = OPEN_SHELL('',(#2569));
#2569 = ADVANCED_FACE('',(#2570),#2584,.T.);
#2570 = FACE_BOUND('',#2571,.T.);
#2571 = EDGE_LOOP('',(#2572,#2595,#2611));
#2572 = ORIENTED_EDGE('',*,*,#2573,.T.);
#2573 = EDGE_CURVE('',#2574,#2576,#2578,.T.);
#2574 = VERTEX_POINT('',#2575);
#2575 = CARTESIAN_POINT('',(-18.,52.,0.));
#2576 = VERTEX_POINT('',#2577);
#2577 = CARTESIAN_POINT('',(-20.,52.,18.));
#2578 = SURFACE_CURVE('',#2579,(#2583),.PCURVE_S1.);
#2579 = LINE('',#2580,#2581);
#2580 = CARTESIAN_POINT('',(-18.,52.,0.));
#2581 = VECTOR('',#2582,1.);
#2582 = DIRECTION('',(-0.110431526075,0.,0.993883734674));
#2583 = PCURVE('',#2584,#2589);
#2584 = PLANE('',#2585);
#2585 = AXIS2_PLACEMENT_3D('',#2586,#2587,#2588);
#2586 = CARTESIAN_POINT('',(-18.52769256906,52.,9.472307430931));
#2587 = DIRECTION('',(0.,1.,0.));
#2588 = DIRECTION('',(0.,-0.,1.));
#2589 = DEFINITIONAL_REPRESENTATION('',(#2590),#2594);
#2590 = LINE('',#2591,#2592);
#2591 = CARTESIAN_POINT('',(-9.472307430931,0.527692569069));
#2592 = VECTOR('',#2593,1.);
#2593 = DIRECTION('',(0.993883734674,-0.110431526075));
#2594 = ( GEOMETRIC_REPRESENTATION_CONTEXT(2) 
PARAMETRIC_REPRESENTATION_CONTEXT() REPRESENTATION_CONTEXT('2D SPACE',''
  ) );
#2595 = ORIENTED_EDGE('',*,*,#2596,.T.);
#2596 = EDGE_CURVE('',#2576,#2597,#2599,.T.);
#2597 = VERTEX_POINT('',#2598);
#2598 = CARTESIAN_POINT('',(-18.,52.,18.));
#2599 = SURFACE_CURVE('',#2600,(#2604),.PCURVE_S1.);
#2600 = LINE('',#2601,#2602);
#2601 = CARTESIAN_POINT('',(-20.,52.,18.));
#2602 = VECTOR('',#2603,1.);
#2603 = DIRECTION('',(1.,0.,0.));
#2604 = PCURVE('',#2584,#2605);
#2605 = DEFINITIONAL_REPRESENTATION('',(#2606),#2610);
#2606 = LINE('',#2607,#2608);
#2607 = CARTESIAN_POINT('',(8.527692569069,-1.472307430931));
#2608 = VECTOR('',#2609,1.);
#2609 = DIRECTION('',(0.,1.));
#2610 = ( GEOMETRIC_REPRESENTATION_CONTEXT(2) 
PARAMETRIC_REPRESENTATION_CONTEXT() REPRESENTATION_CONTEXT('2D SPACE',''
  ) );
#2611 = ORIENTED_EDGE('',*,*,#2612,.F.);
#2612 = EDGE_CURVE('',#2574,#2597,#2613,.T.);
#2613 = SURFACE_CURVE('',#2614,(#2618),.PCURVE_S1.);
#2614 = LINE('',#2615,#2616);
#2615 = CARTESIAN_POINT('',(-18.,52.,0.));
#2616 = VECTOR('',#2617,1.);
#2617 = DIRECTION('',(0.,0.,1.));
#2618 = PCURVE('',#2584,#2619);
#2619 = DEFINITIONAL_REPRESENTATION('',(#2620),#2624);
#2620 = LINE('',#2621,#2622);
#2621 = CARTESIAN_POINT('',(-9.472307430931,0.527692569069));
#2622 = VECTOR('',#2623,1.);
#2623 = DIRECTION('',(1.,0.));
#2624 = ( GEOMETRIC_REPRESENTATION_CONTEXT(2) 
PARAMETRIC_REPRESENTATION_CONTEXT() REPRESENTATION_CONTEXT('2D SPACE',''
  ) );
#2625 = SHELL_BASED_SURFACE_MODEL('',(#2626));
#2626 = OPEN_SHELL('',(#2627));
#2627 = ADVANCED_FACE('',(#2628),#2642,.T.);
#2628 = FACE_BOUND('',#2629,.T.);
#2629 = EDGE_LOOP('',(#2630,#2653,#2669));
#2630 = ORIENTED_EDGE('',*,*,#2631,.T.);
#2631 = EDGE_CURVE('',#2632,#2634,#2636,.T.);
#2632 = VERTEX_POINT('',#2633);
#2633 = CARTESIAN_POINT('',(-0.998000025749,-3.003000020981,3.));
#2634 = VERTEX_POINT('',#2635);
#2635 = CARTESIAN_POINT('',(-6.002999782562,-3.003000020981,3.));
#2636 = SURFACE_CURVE('',#2637,(#2641),.PCURVE_S1.);
#2637 = LINE('',#2638,#2639);
#2638 = CARTESIAN_POINT('',(-0.998000025749,-3.003000020981,3.));
#2639 = VECTOR('',#2640,1.);
#2640 = DIRECTION('',(-1.,0.,0.));
#2641 = PCURVE('',#2642,#2647);
#2642 = PLANE('',#2643);
#2643 = AXIS2_PLACEMENT_3D('',#2644,#2645,#2646);
#2644 = CARTESIAN_POINT('',(-9.883714982575,-23.8684341618,3.));
#2645 = DIRECTION('',(0.,0.,1.));
#2646 = DIRECTION('',(1.,0.,-0.));
#2647 = DEFINITIONAL_REPRESENTATION('',(#2648),#2652);
#2648 = LINE('',#2649,#2650);
#2649 = CARTESIAN_POINT('',(8.885714956826,20.865434140824));
#2650 = VECTOR('',#2651,1.);
#2651 = DIRECTION('',(-1.,0.));
#2652 = ( GEOMETRIC_REPRESENTATION_CONTEXT(2) 
PARAMETRIC_REPRESENTATION_CONTEXT() REPRESENTATION_CONTEXT('2D SPACE',''
  ) );
#2653 = ORIENTED_EDGE('',*,*,#2654,.T.);
#2654 = EDGE_CURVE('',#2634,#2655,#2657,.T.);
#2655 = VERTEX_POINT('',#2656);
#2656 = CARTESIAN_POINT('',(-17.,-47.,3.));
#2657 = SURFACE_CURVE('',#2658,(#2662),.PCURVE_S1.);
#2658 = LINE('',#2659,#2660);
#2659 = CARTESIAN_POINT('',(-6.002999782562,-3.003000020981,3.));
#2660 = VECTOR('',#2661,1.);
#2661 = DIRECTION('',(-0.242488934281,-0.97015417164,0.));
#2662 = PCURVE('',#2642,#2663);
#2663 = DEFINITIONAL_REPRESENTATION('',(#2664),#2668);
#2664 = LINE('',#2665,#2666);
#2665 = CARTESIAN_POINT('',(3.880715200013,20.865434140824));
#2666 = VECTOR('',#2667,1.);
#2667 = DIRECTION('',(-0.242488934281,-0.97015417164));
#2668 = ( GEOMETRIC_REPRESENTATION_CONTEXT(2) 
PARAMETRIC_REPRESENTATION_CONTEXT() REPRESENTATION_CONTEXT('2D SPACE',''
  ) );
#2669 = ORIENTED_EDGE('',*,*,#2670,.T.);
#2670 = EDGE_CURVE('',#2655,#2632,#2671,.T.);
#2671 = SURFACE_CURVE('',#2672,(#2676),.PCURVE_S1.);
#2672 = LINE('',#2673,#2674);
#2673 = CARTESIAN_POINT('',(-17.,-47.,3.));
#2674 = VECTOR('',#2675,1.);
#2675 = DIRECTION('',(0.341801373098,0.9397722178,0.));
#2676 = PCURVE('',#2642,#2677);
#2677 = DEFINITIONAL_REPRESENTATION('',(#2678),#2682);
#2678 = LINE('',#2679,#2680);
#2679 = CARTESIAN_POINT('',(-7.116285017425,-23.13156583819));
#2680 = VECTOR('',#2681,1.);
#2681 = DIRECTION('',(0.341801373098,0.9397722178));
#2682 = ( GEOMETRIC_REPRESENTATION_CONTEXT(2) 
PARAMETRIC_REPRESENTATION_CONTEXT() REPRESENTATION_CONTEXT('2D SPACE',''
  ) );
#2683 = SHELL_BASED_SURFACE_MODEL('',(#2684));
#2684 = OPEN_SHELL('',(#2685));
#2685 = ADVANCED_FACE('',(#2686),#2700,.T.);
#2686 = FACE_BOUND('',#2687,.T.);
#2687 = EDGE_LOOP('',(#2688,#2711,#2727));
#2688 = ORIENTED_EDGE('',*,*,#2689,.T.);
#2689 = EDGE_CURVE('',#2690,#2692,#2694,.T.);
#2690 = VERTEX_POINT('',#2691);
#2691 = CARTESIAN_POINT('',(-6.002999782562,-3.003000020981,3.));
#2692 = VERTEX_POINT('',#2693);
#2693 = CARTESIAN_POINT('',(-6.002999782562,7.002999782562,3.));
#2694 = SURFACE_CURVE('',#2695,(#2699),.PCURVE_S1.);
#2695 = LINE('',#2696,#2697);
#2696 = CARTESIAN_POINT('',(-6.002999782562,-3.003000020981,3.));
#2697 = VECTOR('',#2698,1.);
#2698 = DIRECTION('',(0.,1.,0.));
#2699 = PCURVE('',#2700,#2705);
#2700 = PLANE('',#2701);
#2701 = AXIS2_PLACEMENT_3D('',#2702,#2703,#2704);
#2702 = CARTESIAN_POINT('',(-8.094543980964,4.536710733288,3.));
#2703 = DIRECTION('',(0.,0.,1.));
#2704 = DIRECTION('',(1.,0.,-0.));
#2705 = DEFINITIONAL_REPRESENTATION('',(#2706),#2710);
#2706 = LINE('',#2707,#2708);
#2707 = CARTESIAN_POINT('',(2.091544198402,-7.539710754269));
#2708 = VECTOR('',#2709,1.);
#2709 = DIRECTION('',(0.,1.));
#2710 = ( GEOMETRIC_REPRESENTATION_CONTEXT(2) 
PARAMETRIC_REPRESENTATION_CONTEXT() REPRESENTATION_CONTEXT('2D SPACE',''
  ) );
#2711 = ORIENTED_EDGE('',*,*,#2712,.T.);
#2712 = EDGE_CURVE('',#2692,#2713,#2715,.T.);
#2713 = VERTEX_POINT('',#2714);
#2714 = CARTESIAN_POINT('',(-12.03600025177,11.095999717712,3.));
#2715 = SURFACE_CURVE('',#2716,(#2720),.PCURVE_S1.);
#2716 = LINE('',#2717,#2718);
#2717 = CARTESIAN_POINT('',(-6.002999782562,7.002999782562,3.));
#2718 = VECTOR('',#2719,1.);
#2719 = DIRECTION('',(-0.827528146263,0.56142423099,0.));
#2720 = PCURVE('',#2700,#2721);
#2721 = DEFINITIONAL_REPRESENTATION('',(#2722),#2726);
#2722 = LINE('',#2723,#2724);
#2723 = CARTESIAN_POINT('',(2.091544198402,2.466289049274));
#2724 = VECTOR('',#2725,1.);
#2725 = DIRECTION('',(-0.827528146263,0.56142423099));
#2726 = ( GEOMETRIC_REPRESENTATION_CONTEXT(2) 
PARAMETRIC_REPRESENTATION_CONTEXT() REPRESENTATION_CONTEXT('2D SPACE',''
  ) );
#2727 = ORIENTED_EDGE('',*,*,#2728,.T.);
#2728 = EDGE_CURVE('',#2713,#2690,#2729,.T.);
#2729 = SURFACE_CURVE('',#2730,(#2734),.PCURVE_S1.);
#2730 = LINE('',#2731,#2732);
#2731 = CARTESIAN_POINT('',(-12.03600025177,11.095999717712,3.));
#2732 = VECTOR('',#2733,1.);
#2733 = DIRECTION('',(0.393399852314,-0.919367476148,0.));
#2734 = PCURVE('',#2700,#2735);
#2735 = DEFINITIONAL_REPRESENTATION('',(#2736),#2740);
#2736 = LINE('',#2737,#2738);
#2737 = CARTESIAN_POINT('',(-3.941456270806,6.559288984424));
#2738 = VECTOR('',#2739,1.);
#2739 = DIRECTION('',(0.393399852314,-0.919367476148));
#2740 = ( GEOMETRIC_REPRESENTATION_CONTEXT(2) 
PARAMETRIC_REPRESENTATION_CONTEXT() REPRESENTATION_CONTEXT('2D SPACE',''
  ) );
#2741 = SHELL_BASED_SURFACE_MODEL('',(#2742));
#2742 = OPEN_SHELL('',(#2743));
#2743 = ADVANCED_FACE('',(#2744),#2758,.T.);
#2744 = FACE_BOUND('',#2745,.T.);
#2745 = EDGE_LOOP('',(#2746,#2769,#2785));
#2746 = ORIENTED_EDGE('',*,*,#2747,.T.);
#2747 = EDGE_CURVE('',#2748,#2750,#2752,.T.);
#2748 = VERTEX_POINT('',#2749);
#2749 = CARTESIAN_POINT('',(-17.,-47.,3.));
#2750 = VERTEX_POINT('',#2751);
#2751 = CARTESIAN_POINT('',(11.,-47.,3.));
#2752 = SURFACE_CURVE('',#2753,(#2757),.PCURVE_S1.);
#2753 = LINE('',#2754,#2755);
#2754 = CARTESIAN_POINT('',(-17.,-47.,3.));
#2755 = VECTOR('',#2756,1.);
#2756 = DIRECTION('',(1.,0.,0.));
#2757 = PCURVE('',#2758,#2763);
#2758 = PLANE('',#2759);
#2759 = AXIS2_PLACEMENT_3D('',#2760,#2761,#2762);
#2760 = CARTESIAN_POINT('',(-2.302266845839,-30.11656950319,3.));
#2761 = DIRECTION('',(0.,0.,1.));
#2762 = DIRECTION('',(1.,0.,-0.));
#2763 = DEFINITIONAL_REPRESENTATION('',(#2764),#2768);
#2764 = LINE('',#2765,#2766);
#2765 = CARTESIAN_POINT('',(-14.69773315416,-16.88343049681));
#2766 = VECTOR('',#2767,1.);
#2767 = DIRECTION('',(1.,0.));
#2768 = ( GEOMETRIC_REPRESENTATION_CONTEXT(2) 
PARAMETRIC_REPRESENTATION_CONTEXT() REPRESENTATION_CONTEXT('2D SPACE',''
  ) );
#2769 = ORIENTED_EDGE('',*,*,#2770,.T.);
#2770 = EDGE_CURVE('',#2750,#2771,#2773,.T.);
#2771 = VERTEX_POINT('',#2772);
#2772 = CARTESIAN_POINT('',(-0.998000025749,-3.003000020981,3.));
#2773 = SURFACE_CURVE('',#2774,(#2778),.PCURVE_S1.);
#2774 = LINE('',#2775,#2776);
#2775 = CARTESIAN_POINT('',(11.,-47.,3.));
#2776 = VECTOR('',#2777,1.);
#2777 = DIRECTION('',(-0.263093285448,0.96477039919,0.));
#2778 = PCURVE('',#2758,#2779);
#2779 = DEFINITIONAL_REPRESENTATION('',(#2780),#2784);
#2780 = LINE('',#2781,#2782);
#2781 = CARTESIAN_POINT('',(13.302266845839,-16.88343049681));
#2782 = VECTOR('',#2783,1.);
#2783 = DIRECTION('',(-0.263093285448,0.96477039919));
#2784 = ( GEOMETRIC_REPRESENTATION_CONTEXT(2) 
PARAMETRIC_REPRESENTATION_CONTEXT() REPRESENTATION_CONTEXT('2D SPACE',''
  ) );
#2785 = ORIENTED_EDGE('',*,*,#2786,.F.);
#2786 = EDGE_CURVE('',#2748,#2771,#2787,.T.);
#2787 = SURFACE_CURVE('',#2788,(#2792),.PCURVE_S1.);
#2788 = LINE('',#2789,#2790);
#2789 = CARTESIAN_POINT('',(-17.,-47.,3.));
#2790 = VECTOR('',#2791,1.);
#2791 = DIRECTION('',(0.341801373098,0.9397722178,0.));
#2792 = PCURVE('',#2758,#2793);
#2793 = DEFINITIONAL_REPRESENTATION('',(#2794),#2798);
#2794 = LINE('',#2795,#2796);
#2795 = CARTESIAN_POINT('',(-14.69773315416,-16.88343049681));
#2796 = VECTOR('',#2797,1.);
#2797 = DIRECTION('',(0.341801373098,0.9397722178));
#2798 = ( GEOMETRIC_REPRESENTATION_CONTEXT(2) 
PARAMETRIC_REPRESENTATION_CONTEXT() REPRESENTATION_CONTEXT('2D SPACE',''
  ) );
#2799 = SHELL_BASED_SURFACE_MODEL('',(#2800));
#2800 = OPEN_SHELL('',(#2801));
#2801 = ADVANCED_FACE('',(#2802),#2816,.T.);
#2802 = FACE_BOUND('',#2803,.T.);
#2803 = EDGE_LOOP('',(#2804,#2827,#2843));
#2804 = ORIENTED_EDGE('',*,*,#2805,.F.);
#2805 = EDGE_CURVE('',#2806,#2808,#2810,.T.);
#2806 = VERTEX_POINT('',#2807);
#2807 = CARTESIAN_POINT('',(11.,-47.,3.));
#2808 = VERTEX_POINT('',#2809);
#2809 = CARTESIAN_POINT('',(-0.998000025749,-3.003000020981,3.));
#2810 = SURFACE_CURVE('',#2811,(#2815),.PCURVE_S1.);
#2811 = LINE('',#2812,#2813);
#2812 = CARTESIAN_POINT('',(11.,-47.,3.));
#2813 = VECTOR('',#2814,1.);
#2814 = DIRECTION('',(-0.263093285448,0.96477039919,0.));
#2815 = PCURVE('',#2816,#2821);
#2816 = PLANE('',#2817);
#2817 = AXIS2_PLACEMENT_3D('',#2818,#2819,#2820);
#2818 = CARTESIAN_POINT('',(7.94898258182,-2.017918553026,3.));
#2819 = DIRECTION('',(0.,0.,1.));
#2820 = DIRECTION('',(1.,0.,-0.));
#2821 = DEFINITIONAL_REPRESENTATION('',(#2822),#2826);
#2822 = LINE('',#2823,#2824);
#2823 = CARTESIAN_POINT('',(3.05101741818,-44.98208144697));
#2824 = VECTOR('',#2825,1.);
#2825 = DIRECTION('',(-0.263093285448,0.96477039919));
#2826 = ( GEOMETRIC_REPRESENTATION_CONTEXT(2) 
PARAMETRIC_REPRESENTATION_CONTEXT() REPRESENTATION_CONTEXT('2D SPACE',''
  ) );
#2827 = ORIENTED_EDGE('',*,*,#2828,.T.);
#2828 = EDGE_CURVE('',#2806,#2829,#2831,.T.);
#2829 = VERTEX_POINT('',#2830);
#2830 = CARTESIAN_POINT('',(11.,42.998001098633,3.));
#2831 = SURFACE_CURVE('',#2832,(#2836),.PCURVE_S1.);
#2832 = LINE('',#2833,#2834);
#2833 = CARTESIAN_POINT('',(11.,-47.,3.));
#2834 = VECTOR('',#2835,1.);
#2835 = DIRECTION('',(0.,1.,0.));
#2836 = PCURVE('',#2816,#2837);
#2837 = DEFINITIONAL_REPRESENTATION('',(#2838),#2842);
#2838 = LINE('',#2839,#2840);
#2839 = CARTESIAN_POINT('',(3.05101741818,-44.98208144697));
#2840 = VECTOR('',#2841,1.);
#2841 = DIRECTION('',(0.,1.));
#2842 = ( GEOMETRIC_REPRESENTATION_CONTEXT(2) 
PARAMETRIC_REPRESENTATION_CONTEXT() REPRESENTATION_CONTEXT('2D SPACE',''
  ) );
#2843 = ORIENTED_EDGE('',*,*,#2844,.F.);
#2844 = EDGE_CURVE('',#2808,#2829,#2845,.T.);
#2845 = SURFACE_CURVE('',#2846,(#2850),.PCURVE_S1.);
#2846 = LINE('',#2847,#2848);
#2847 = CARTESIAN_POINT('',(-0.998000025749,-3.003000020981,3.));
#2848 = VECTOR('',#2849,1.);
#2849 = DIRECTION('',(0.252377364549,0.967628888502,0.));
#2850 = PCURVE('',#2816,#2851);
#2851 = DEFINITIONAL_REPRESENTATION('',(#2852),#2856);
#2852 = LINE('',#2853,#2854);
#2853 = CARTESIAN_POINT('',(-8.946982607569,-0.985081467955));
#2854 = VECTOR('',#2855,1.);
#2855 = DIRECTION('',(0.252377364549,0.967628888502));
#2856 = ( GEOMETRIC_REPRESENTATION_CONTEXT(2) 
PARAMETRIC_REPRESENTATION_CONTEXT() REPRESENTATION_CONTEXT('2D SPACE',''
  ) );
#2857 = SHELL_BASED_SURFACE_MODEL('',(#2858));
#2858 = OPEN_SHELL('',(#2859));
#2859 = ADVANCED_FACE('',(#2860),#2874,.T.);
#2860 = FACE_BOUND('',#2861,.T.);
#2861 = EDGE_LOOP('',(#2862,#2885,#2901));
#2862 = ORIENTED_EDGE('',*,*,#2863,.F.);
#2863 = EDGE_CURVE('',#2864,#2866,#2868,.T.);
#2864 = VERTEX_POINT('',#2865);
#2865 = CARTESIAN_POINT('',(-0.998000025749,7.002999782562,3.));
#2866 = VERTEX_POINT('',#2867);
#2867 = CARTESIAN_POINT('',(-11.07100009918,13.619000434875,3.));
#2868 = SURFACE_CURVE('',#2869,(#2873),.PCURVE_S1.);
#2869 = LINE('',#2870,#2871);
#2870 = CARTESIAN_POINT('',(-0.998000025749,7.002999782562,3.));
#2871 = VECTOR('',#2872,1.);
#2872 = DIRECTION('',(-0.835834914726,0.548980869725,0.));
#2873 = PCURVE('',#2874,#2879);
#2874 = PLANE('',#2875);
#2875 = AXIS2_PLACEMENT_3D('',#2876,#2877,#2878);
#2876 = CARTESIAN_POINT('',(-0.794833417119,24.266933855078,3.));
#2877 = DIRECTION('',(0.,0.,1.));
#2878 = DIRECTION('',(1.,0.,-0.));
#2879 = DEFINITIONAL_REPRESENTATION('',(#2880),#2884);
#2880 = LINE('',#2881,#2882);
#2881 = CARTESIAN_POINT('',(-0.203166608631,-17.26393407251));
#2882 = VECTOR('',#2883,1.);
#2883 = DIRECTION('',(-0.835834914726,0.548980869725));
#2884 = ( GEOMETRIC_REPRESENTATION_CONTEXT(2) 
PARAMETRIC_REPRESENTATION_CONTEXT() REPRESENTATION_CONTEXT('2D SPACE',''
  ) );
#2885 = ORIENTED_EDGE('',*,*,#2886,.T.);
#2886 = EDGE_CURVE('',#2864,#2887,#2889,.T.);
#2887 = VERTEX_POINT('',#2888);
#2888 = CARTESIAN_POINT('',(6.035999774933,43.096000671387,3.));
#2889 = SURFACE_CURVE('',#2890,(#2894),.PCURVE_S1.);
#2890 = LINE('',#2891,#2892);
#2891 = CARTESIAN_POINT('',(-0.998000025749,7.002999782562,3.));
#2892 = VECTOR('',#2893,1.);
#2893 = DIRECTION('',(0.191286710125,0.981534204462,0.));
#2894 = PCURVE('',#2874,#2895);
#2895 = DEFINITIONAL_REPRESENTATION('',(#2896),#2900);
#2896 = LINE('',#2897,#2898);
#2897 = CARTESIAN_POINT('',(-0.203166608631,-17.26393407251));
#2898 = VECTOR('',#2899,1.);
#2899 = DIRECTION('',(0.191286710125,0.981534204462));
#2900 = ( GEOMETRIC_REPRESENTATION_CONTEXT(2) 
PARAMETRIC_REPRESENTATION_CONTEXT() REPRESENTATION_CONTEXT('2D SPACE',''
  ) );
#2901 = ORIENTED_EDGE('',*,*,#2902,.F.);
#2902 = EDGE_CURVE('',#2866,#2887,#2903,.T.);
#2903 = SURFACE_CURVE('',#2904,(#2908),.PCURVE_S1.);
#2904 = LINE('',#2905,#2906);
#2905 = CARTESIAN_POINT('',(-11.07100009918,13.619000434875,3.));
#2906 = VECTOR('',#2907,1.);
#2907 = DIRECTION('',(0.501945087926,0.864899490523,0.));
#2908 = PCURVE('',#2874,#2909);
#2909 = DEFINITIONAL_REPRESENTATION('',(#2910),#2914);
#2910 = LINE('',#2911,#2912);
#2911 = CARTESIAN_POINT('',(-10.27616668206,-10.6479334202));
#2912 = VECTOR('',#2913,1.);
#2913 = DIRECTION('',(0.501945087926,0.864899490523));
#2914 = ( GEOMETRIC_REPRESENTATION_CONTEXT(2) 
PARAMETRIC_REPRESENTATION_CONTEXT() REPRESENTATION_CONTEXT('2D SPACE',''
  ) );
#2915 = SHELL_BASED_SURFACE_MODEL('',(#2916));
#2916 = OPEN_SHELL('',(#2917));
#2917 = ADVANCED_FACE('',(#2918),#2932,.T.);
#2918 = FACE_BOUND('',#2919,.T.);
#2919 = EDGE_LOOP('',(#2920,#2943,#2959));
#2920 = ORIENTED_EDGE('',*,*,#2921,.T.);
#2921 = EDGE_CURVE('',#2922,#2924,#2926,.T.);
#2922 = VERTEX_POINT('',#2923);
#2923 = CARTESIAN_POINT('',(-12.96399974823,11.095999717712,3.));
#2924 = VERTEX_POINT('',#2925);
#2925 = CARTESIAN_POINT('',(-17.,-47.,3.));
#2926 = SURFACE_CURVE('',#2927,(#2931),.PCURVE_S1.);
#2927 = LINE('',#2928,#2929);
#2928 = CARTESIAN_POINT('',(-12.96399974823,11.095999717712,3.));
#2929 = VECTOR('',#2930,1.);
#2930 = DIRECTION('',(-6.930418631906E-02,-0.997595574248,0.));
#2931 = PCURVE('',#2932,#2937);
#2932 = PLANE('',#2933);
#2933 = AXIS2_PLACEMENT_3D('',#2934,#2935,#2936);
#2934 = CARTESIAN_POINT('',(-12.93440085702,-17.73239550719,3.));
#2935 = DIRECTION('',(0.,0.,1.));
#2936 = DIRECTION('',(1.,0.,-0.));
#2937 = DEFINITIONAL_REPRESENTATION('',(#2938),#2942);
#2938 = LINE('',#2939,#2940);
#2939 = CARTESIAN_POINT('',(-2.959889120647E-02,28.828395224909));
#2940 = VECTOR('',#2941,1.);
#2941 = DIRECTION('',(-6.930418631906E-02,-0.997595574248));
#2942 = ( GEOMETRIC_REPRESENTATION_CONTEXT(2) 
PARAMETRIC_REPRESENTATION_CONTEXT() REPRESENTATION_CONTEXT('2D SPACE',''
  ) );
#2943 = ORIENTED_EDGE('',*,*,#2944,.F.);
#2944 = EDGE_CURVE('',#2945,#2924,#2947,.T.);
#2945 = VERTEX_POINT('',#2946);
#2946 = CARTESIAN_POINT('',(-6.002999782562,-3.003000020981,3.));
#2947 = SURFACE_CURVE('',#2948,(#2952),.PCURVE_S1.);
#2948 = LINE('',#2949,#2950);
#2949 = CARTESIAN_POINT('',(-6.002999782562,-3.003000020981,3.));
#2950 = VECTOR('',#2951,1.);
#2951 = DIRECTION('',(-0.242488934281,-0.97015417164,0.));
#2952 = PCURVE('',#2932,#2953);
#2953 = DEFINITIONAL_REPRESENTATION('',(#2954),#2958);
#2954 = LINE('',#2955,#2956);
#2955 = CARTESIAN_POINT('',(6.931401074461,14.729395486216));
#2956 = VECTOR('',#2957,1.);
#2957 = DIRECTION('',(-0.242488934281,-0.97015417164));
#2958 = ( GEOMETRIC_REPRESENTATION_CONTEXT(2) 
PARAMETRIC_REPRESENTATION_CONTEXT() REPRESENTATION_CONTEXT('2D SPACE',''
  ) );
#2959 = ORIENTED_EDGE('',*,*,#2960,.T.);
#2960 = EDGE_CURVE('',#2945,#2922,#2961,.T.);
#2961 = SURFACE_CURVE('',#2962,(#2966),.PCURVE_S1.);
#2962 = LINE('',#2963,#2964);
#2963 = CARTESIAN_POINT('',(-6.002999782562,-3.003000020981,3.));
#2964 = VECTOR('',#2965,1.);
#2965 = DIRECTION('',(-0.442705199892,0.896667221431,0.));
#2966 = PCURVE('',#2932,#2967);
#2967 = DEFINITIONAL_REPRESENTATION('',(#2968),#2972);
#2968 = LINE('',#2969,#2970);
#2969 = CARTESIAN_POINT('',(6.931401074461,14.729395486216));
#2970 = VECTOR('',#2971,1.);
#2971 = DIRECTION('',(-0.442705199892,0.896667221431));
#2972 = ( GEOMETRIC_REPRESENTATION_CONTEXT(2) 
PARAMETRIC_REPRESENTATION_CONTEXT() REPRESENTATION_CONTEXT('2D SPACE',''
  ) );
#2973 = SHELL_BASED_SURFACE_MODEL('',(#2974));
#2974 = OPEN_SHELL('',(#2975));
#2975 = ADVANCED_FACE('',(#2976),#2990,.T.);
#2976 = FACE_BOUND('',#2977,.T.);
#2977 = EDGE_LOOP('',(#2978,#3001,#3017));
#2978 = ORIENTED_EDGE('',*,*,#2979,.T.);
#2979 = EDGE_CURVE('',#2980,#2982,#2984,.T.);
#2980 = VERTEX_POINT('',#2981);
#2981 = CARTESIAN_POINT('',(-12.96399974823,11.095999717712,3.));
#2982 = VERTEX_POINT('',#2983);
#2983 = CARTESIAN_POINT('',(-13.38300037384,11.380000114441,3.));
#2984 = SURFACE_CURVE('',#2985,(#2989),.PCURVE_S1.);
#2985 = LINE('',#2986,#2987);
#2986 = CARTESIAN_POINT('',(-12.96399974823,11.095999717712,3.));
#2987 = VECTOR('',#2988,1.);
#2988 = DIRECTION('',(-0.827770729126,0.561066502299,0.));
#2989 = PCURVE('',#2990,#2995);
#2990 = PLANE('',#2991);
#2991 = AXIS2_PLACEMENT_3D('',#2992,#2993,#2994);
#2992 = CARTESIAN_POINT('',(-15.07871789327,-17.75511851746,3.));
#2993 = DIRECTION('',(0.,0.,1.));
#2994 = DIRECTION('',(1.,0.,-0.));
#2995 = DEFINITIONAL_REPRESENTATION('',(#2996),#3000);
#2996 = LINE('',#2997,#2998);
#2997 = CARTESIAN_POINT('',(2.114718145045,28.851118235173));
#2998 = VECTOR('',#2999,1.);
#2999 = DIRECTION('',(-0.827770729126,0.561066502299));
#3000 = ( GEOMETRIC_REPRESENTATION_CONTEXT(2) 
PARAMETRIC_REPRESENTATION_CONTEXT() REPRESENTATION_CONTEXT('2D SPACE',''
  ) );
#3001 = ORIENTED_EDGE('',*,*,#3002,.T.);
#3002 = EDGE_CURVE('',#2982,#3003,#3005,.T.);
#3003 = VERTEX_POINT('',#3004);
#3004 = CARTESIAN_POINT('',(-17.,-47.,3.));
#3005 = SURFACE_CURVE('',#3006,(#3010),.PCURVE_S1.);
#3006 = LINE('',#3007,#3008);
#3007 = CARTESIAN_POINT('',(-13.38300037384,11.380000114441,3.));
#3008 = VECTOR('',#3009,1.);
#3009 = DIRECTION('',(-6.183757278778E-02,-0.99808622603,0.));
#3010 = PCURVE('',#2990,#3011);
#3011 = DEFINITIONAL_REPRESENTATION('',(#3012),#3016);
#3012 = LINE('',#3013,#3014);
#3013 = CARTESIAN_POINT('',(1.695717519435,29.135118631902));
#3014 = VECTOR('',#3015,1.);
#3015 = DIRECTION('',(-6.183757278778E-02,-0.99808622603));
#3016 = ( GEOMETRIC_REPRESENTATION_CONTEXT(2) 
PARAMETRIC_REPRESENTATION_CONTEXT() REPRESENTATION_CONTEXT('2D SPACE',''
  ) );
#3017 = ORIENTED_EDGE('',*,*,#3018,.F.);
#3018 = EDGE_CURVE('',#2980,#3003,#3019,.T.);
#3019 = SURFACE_CURVE('',#3020,(#3024),.PCURVE_S1.);
#3020 = LINE('',#3021,#3022);
#3021 = CARTESIAN_POINT('',(-12.96399974823,11.095999717712,3.));
#3022 = VECTOR('',#3023,1.);
#3023 = DIRECTION('',(-6.930418631906E-02,-0.997595574248,0.));
#3024 = PCURVE('',#2990,#3025);
#3025 = DEFINITIONAL_REPRESENTATION('',(#3026),#3030);
#3026 = LINE('',#3027,#3028);
#3027 = CARTESIAN_POINT('',(2.114718145045,28.851118235173));
#3028 = VECTOR('',#3029,1.);
#3029 = DIRECTION('',(-6.930418631906E-02,-0.997595574248));
#3030 = ( GEOMETRIC_REPRESENTATION_CONTEXT(2) 
PARAMETRIC_REPRESENTATION_CONTEXT() REPRESENTATION_CONTEXT('2D SPACE',''
  ) );
#3031 = SHELL_BASED_SURFACE_MODEL('',(#3032));
#3032 = OPEN_SHELL('',(#3033));
#3033 = ADVANCED_FACE('',(#3034),#3048,.T.);
#3034 = FACE_BOUND('',#3035,.T.);
#3035 = EDGE_LOOP('',(#3036,#3059,#3075));
#3036 = ORIENTED_EDGE('',*,*,#3037,.T.);
#3037 = EDGE_CURVE('',#3038,#3040,#3042,.T.);
#3038 = VERTEX_POINT('',#3039);
#3039 = CARTESIAN_POINT('',(-13.38300037384,11.380000114441,3.));
#3040 = VERTEX_POINT('',#3041);
#3041 = CARTESIAN_POINT('',(-13.71599960327,11.822999954224,3.));
#3042 = SURFACE_CURVE('',#3043,(#3047),.PCURVE_S1.);
#3043 = LINE('',#3044,#3045);
#3044 = CARTESIAN_POINT('',(-13.38300037384,11.380000114441,3.));
#3045 = VECTOR('',#3046,1.);
#3046 = DIRECTION('',(-0.600865011607,0.799350509993,0.));
#3047 = PCURVE('',#3048,#3053);
#3048 = PLANE('',#3049);
#3049 = AXIS2_PLACEMENT_3D('',#3050,#3051,#3052);
#3050 = CARTESIAN_POINT('',(-15.26694276237,-17.56119322444,3.));
#3051 = DIRECTION('',(0.,0.,1.));
#3052 = DIRECTION('',(1.,0.,-0.));
#3053 = DEFINITIONAL_REPRESENTATION('',(#3054),#3058);
#3054 = LINE('',#3055,#3056);
#3055 = CARTESIAN_POINT('',(1.883942388529,28.941193338887));
#3056 = VECTOR('',#3057,1.);
#3057 = DIRECTION('',(-0.600865011607,0.799350509993));
#3058 = ( GEOMETRIC_REPRESENTATION_CONTEXT(2) 
PARAMETRIC_REPRESENTATION_CONTEXT() REPRESENTATION_CONTEXT('2D SPACE',''
  ) );
#3059 = ORIENTED_EDGE('',*,*,#3060,.T.);
#3060 = EDGE_CURVE('',#3040,#3061,#3063,.T.);
#3061 = VERTEX_POINT('',#3062);
#3062 = CARTESIAN_POINT('',(-17.,-47.,3.));
#3063 = SURFACE_CURVE('',#3064,(#3068),.PCURVE_S1.);
#3064 = LINE('',#3065,#3066);
#3065 = CARTESIAN_POINT('',(-13.71599960327,11.822999954224,3.));
#3066 = VECTOR('',#3067,1.);
#3067 = DIRECTION('',(-5.574170832376E-02,-0.99844522231,0.));
#3068 = PCURVE('',#3048,#3069);
#3069 = DEFINITIONAL_REPRESENTATION('',(#3070),#3074);
#3070 = LINE('',#3071,#3072);
#3071 = CARTESIAN_POINT('',(1.550943159098,29.38419317867));
#3072 = VECTOR('',#3073,1.);
#3073 = DIRECTION('',(-5.574170832376E-02,-0.99844522231));
#3074 = ( GEOMETRIC_REPRESENTATION_CONTEXT(2) 
PARAMETRIC_REPRESENTATION_CONTEXT() REPRESENTATION_CONTEXT('2D SPACE',''
  ) );
#3075 = ORIENTED_EDGE('',*,*,#3076,.F.);
#3076 = EDGE_CURVE('',#3038,#3061,#3077,.T.);
#3077 = SURFACE_CURVE('',#3078,(#3082),.PCURVE_S1.);
#3078 = LINE('',#3079,#3080);
#3079 = CARTESIAN_POINT('',(-13.38300037384,11.380000114441,3.));
#3080 = VECTOR('',#3081,1.);
#3081 = DIRECTION('',(-6.183757278778E-02,-0.99808622603,0.));
#3082 = PCURVE('',#3048,#3083);
#3083 = DEFINITIONAL_REPRESENTATION('',(#3084),#3088);
#3084 = LINE('',#3085,#3086);
#3085 = CARTESIAN_POINT('',(1.883942388529,28.941193338887));
#3086 = VECTOR('',#3087,1.);
#3087 = DIRECTION('',(-6.183757278778E-02,-0.99808622603));
#3088 = ( GEOMETRIC_REPRESENTATION_CONTEXT(2) 
PARAMETRIC_REPRESENTATION_CONTEXT() REPRESENTATION_CONTEXT('2D SPACE',''
  ) );
#3089 = SHELL_BASED_SURFACE_MODEL('',(#3090));
#3090 = OPEN_SHELL('',(#3091));
#3091 = ADVANCED_FACE('',(#3092),#3106,.T.);
#3092 = FACE_BOUND('',#3093,.T.);
#3093 = EDGE_LOOP('',(#3094,#3117,#3133));
#3094 = ORIENTED_EDGE('',*,*,#3095,.F.);
#3095 = EDGE_CURVE('',#3096,#3098,#3100,.T.);
#3096 = VERTEX_POINT('',#3097);
#3097 = CARTESIAN_POINT('',(-12.03600025177,11.095999717712,3.));
#3098 = VERTEX_POINT('',#3099);
#3099 = CARTESIAN_POINT('',(-6.002999782562,-3.003000020981,3.));
#3100 = SURFACE_CURVE('',#3101,(#3105),.PCURVE_S1.);
#3101 = LINE('',#3102,#3103);
#3102 = CARTESIAN_POINT('',(-12.03600025177,11.095999717712,3.));
#3103 = VECTOR('',#3104,1.);
#3104 = DIRECTION('',(0.393399852314,-0.919367476148,0.));
#3105 = PCURVE('',#3106,#3111);
#3106 = PLANE('',#3107);
#3107 = AXIS2_PLACEMENT_3D('',#3108,#3109,#3110);
#3108 = CARTESIAN_POINT('',(-9.1834145361,4.12854803868,3.));
#3109 = DIRECTION('',(0.,0.,1.));
#3110 = DIRECTION('',(1.,0.,-0.));
#3111 = DEFINITIONAL_REPRESENTATION('',(#3112),#3116);
#3112 = LINE('',#3113,#3114);
#3113 = CARTESIAN_POINT('',(-2.85258571567,6.967451679032));
#3114 = VECTOR('',#3115,1.);
#3115 = DIRECTION('',(0.393399852314,-0.919367476148));
#3116 = ( GEOMETRIC_REPRESENTATION_CONTEXT(2) 
PARAMETRIC_REPRESENTATION_CONTEXT() REPRESENTATION_CONTEXT('2D SPACE',''
  ) );
#3117 = ORIENTED_EDGE('',*,*,#3118,.T.);
#3118 = EDGE_CURVE('',#3096,#3119,#3121,.T.);
#3119 = VERTEX_POINT('',#3120);
#3120 = CARTESIAN_POINT('',(-12.5,10.998000144958,3.));
#3121 = SURFACE_CURVE('',#3122,(#3126),.PCURVE_S1.);
#3122 = LINE('',#3123,#3124);
#3123 = CARTESIAN_POINT('',(-12.03600025177,11.095999717712,3.));
#3124 = VECTOR('',#3125,1.);
#3125 = DIRECTION('',(-0.978415498823,-0.206647312259,0.));
#3126 = PCURVE('',#3106,#3127);
#3127 = DEFINITIONAL_REPRESENTATION('',(#3128),#3132);
#3128 = LINE('',#3129,#3130);
#3129 = CARTESIAN_POINT('',(-2.85258571567,6.967451679032));
#3130 = VECTOR('',#3131,1.);
#3131 = DIRECTION('',(-0.978415498823,-0.206647312259));
#3132 = ( GEOMETRIC_REPRESENTATION_CONTEXT(2) 
PARAMETRIC_REPRESENTATION_CONTEXT() REPRESENTATION_CONTEXT('2D SPACE',''
  ) );
#3133 = ORIENTED_EDGE('',*,*,#3134,.T.);
#3134 = EDGE_CURVE('',#3119,#3098,#3135,.T.);
#3135 = SURFACE_CURVE('',#3136,(#3140),.PCURVE_S1.);
#3136 = LINE('',#3137,#3138);
#3137 = CARTESIAN_POINT('',(-12.5,10.998000144958,3.));
#3138 = VECTOR('',#3139,1.);
#3139 = DIRECTION('',(0.420926663244,-0.90709467211,0.));
#3140 = PCURVE('',#3106,#3141);
#3141 = DEFINITIONAL_REPRESENTATION('',(#3142),#3146);
#3142 = LINE('',#3143,#3144);
#3143 = CARTESIAN_POINT('',(-3.3165854639,6.869452106278));
#3144 = VECTOR('',#3145,1.);
#3145 = DIRECTION('',(0.420926663244,-0.90709467211));
#3146 = ( GEOMETRIC_REPRESENTATION_CONTEXT(2) 
PARAMETRIC_REPRESENTATION_CONTEXT() REPRESENTATION_CONTEXT('2D SPACE',''
  ) );
#3147 = SHELL_BASED_SURFACE_MODEL('',(#3148));
#3148 = OPEN_SHELL('',(#3149));
#3149 = ADVANCED_FACE('',(#3150),#3164,.T.);
#3150 = FACE_BOUND('',#3151,.T.);
#3151 = EDGE_LOOP('',(#3152,#3175,#3191));
#3152 = ORIENTED_EDGE('',*,*,#3153,.T.);
#3153 = EDGE_CURVE('',#3154,#3156,#3158,.T.);
#3154 = VERTEX_POINT('',#3155);
#3155 = CARTESIAN_POINT('',(-13.92899990081,12.380999565125,3.));
#3156 = VERTEX_POINT('',#3157);
#3157 = CARTESIAN_POINT('',(-17.,-47.,3.));
#3158 = SURFACE_CURVE('',#3159,(#3163),.PCURVE_S1.);
#3159 = LINE('',#3160,#3161);
#3160 = CARTESIAN_POINT('',(-13.92899990081,12.380999565125,3.));
#3161 = VECTOR('',#3162,1.);
#3162 = DIRECTION('',(-5.16478577032E-02,-0.998665358764,0.));
#3163 = PCURVE('',#3164,#3169);
#3164 = PLANE('',#3165);
#3165 = AXIS2_PLACEMENT_3D('',#3166,#3167,#3168);
#3166 = CARTESIAN_POINT('',(-15.40351821664,-17.3000066116,3.));
#3167 = DIRECTION('',(0.,0.,1.));
#3168 = DIRECTION('',(1.,0.,-0.));
#3169 = DEFINITIONAL_REPRESENTATION('',(#3170),#3174);
#3170 = LINE('',#3171,#3172);
#3171 = CARTESIAN_POINT('',(1.474518315831,29.681006176726));
#3172 = VECTOR('',#3173,1.);
#3173 = DIRECTION('',(-5.16478577032E-02,-0.998665358764));
#3174 = ( GEOMETRIC_REPRESENTATION_CONTEXT(2) 
PARAMETRIC_REPRESENTATION_CONTEXT() REPRESENTATION_CONTEXT('2D SPACE',''
  ) );
#3175 = ORIENTED_EDGE('',*,*,#3176,.F.);
#3176 = EDGE_CURVE('',#3177,#3156,#3179,.T.);
#3177 = VERTEX_POINT('',#3178);
#3178 = CARTESIAN_POINT('',(-13.71599960327,11.822999954224,3.));
#3179 = SURFACE_CURVE('',#3180,(#3184),.PCURVE_S1.);
#3180 = LINE('',#3181,#3182);
#3181 = CARTESIAN_POINT('',(-13.71599960327,11.822999954224,3.));
#3182 = VECTOR('',#3183,1.);
#3183 = DIRECTION('',(-5.574170832376E-02,-0.99844522231,0.));
#3184 = PCURVE('',#3164,#3185);
#3185 = DEFINITIONAL_REPRESENTATION('',(#3186),#3190);
#3186 = LINE('',#3187,#3188);
#3187 = CARTESIAN_POINT('',(1.687518613377,29.123006565825));
#3188 = VECTOR('',#3189,1.);
#3189 = DIRECTION('',(-5.574170832376E-02,-0.99844522231));
#3190 = ( GEOMETRIC_REPRESENTATION_CONTEXT(2) 
PARAMETRIC_REPRESENTATION_CONTEXT() REPRESENTATION_CONTEXT('2D SPACE',''
  ) );
#3191 = ORIENTED_EDGE('',*,*,#3192,.T.);
#3192 = EDGE_CURVE('',#3177,#3154,#3193,.T.);
#3193 = SURFACE_CURVE('',#3194,(#3198),.PCURVE_S1.);
#3194 = LINE('',#3195,#3196);
#3195 = CARTESIAN_POINT('',(-13.71599960327,11.822999954224,3.));
#3196 = VECTOR('',#3197,1.);
#3197 = DIRECTION('',(-0.356622511537,0.934248566638,0.));
#3198 = PCURVE('',#3164,#3199);
#3199 = DEFINITIONAL_REPRESENTATION('',(#3200),#3204);
#3200 = LINE('',#3201,#3202);
#3201 = CARTESIAN_POINT('',(1.687518613377,29.123006565825));
#3202 = VECTOR('',#3203,1.);
#3203 = DIRECTION('',(-0.356622511537,0.934248566638));
#3204 = ( GEOMETRIC_REPRESENTATION_CONTEXT(2) 
PARAMETRIC_REPRESENTATION_CONTEXT() REPRESENTATION_CONTEXT('2D SPACE',''
  ) );
#3205 = SHELL_BASED_SURFACE_MODEL('',(#3206));
#3206 = OPEN_SHELL('',(#3207));
#3207 = ADVANCED_FACE('',(#3208),#3222,.T.);
#3208 = FACE_BOUND('',#3209,.T.);
#3209 = EDGE_LOOP('',(#3210,#3233,#3249));
#3210 = ORIENTED_EDGE('',*,*,#3211,.T.);
#3211 = EDGE_CURVE('',#3212,#3214,#3216,.T.);
#3212 = VERTEX_POINT('',#3213);
#3213 = CARTESIAN_POINT('',(-6.002999782562,7.002999782562,3.));
#3214 = VERTEX_POINT('',#3215);
#3215 = CARTESIAN_POINT('',(-11.07100009918,12.380999565125,3.));
#3216 = SURFACE_CURVE('',#3217,(#3221),.PCURVE_S1.);
#3217 = LINE('',#3218,#3219);
#3218 = CARTESIAN_POINT('',(-6.002999782562,7.002999782562,3.));
#3219 = VECTOR('',#3220,1.);
#3220 = DIRECTION('',(-0.685820481509,0.727770751777,0.));
#3221 = PCURVE('',#3222,#3227);
#3222 = PLANE('',#3223);
#3223 = AXIS2_PLACEMENT_3D('',#3224,#3225,#3226);
#3224 = CARTESIAN_POINT('',(-8.691494248576,9.655307618105,3.));
#3225 = DIRECTION('',(0.,0.,1.));
#3226 = DIRECTION('',(1.,0.,-0.));
#3227 = DEFINITIONAL_REPRESENTATION('',(#3228),#3232);
#3228 = LINE('',#3229,#3230);
#3229 = CARTESIAN_POINT('',(2.688494466014,-2.652307835542));
#3230 = VECTOR('',#3231,1.);
#3231 = DIRECTION('',(-0.685820481509,0.727770751777));
#3232 = ( GEOMETRIC_REPRESENTATION_CONTEXT(2) 
PARAMETRIC_REPRESENTATION_CONTEXT() REPRESENTATION_CONTEXT('2D SPACE',''
  ) );
#3233 = ORIENTED_EDGE('',*,*,#3234,.T.);
#3234 = EDGE_CURVE('',#3214,#3235,#3237,.T.);
#3235 = VERTEX_POINT('',#3236);
#3236 = CARTESIAN_POINT('',(-11.28400039672,11.822999954224,3.));
#3237 = SURFACE_CURVE('',#3238,(#3242),.PCURVE_S1.);
#3238 = LINE('',#3239,#3240);
#3239 = CARTESIAN_POINT('',(-11.07100009918,12.380999565125,3.));
#3240 = VECTOR('',#3241,1.);
#3241 = DIRECTION('',(-0.356622511537,-0.934248566638,0.));
#3242 = PCURVE('',#3222,#3243);
#3243 = DEFINITIONAL_REPRESENTATION('',(#3244),#3248);
#3244 = LINE('',#3245,#3246);
#3245 = CARTESIAN_POINT('',(-2.379505850606,2.72569194702));
#3246 = VECTOR('',#3247,1.);
#3247 = DIRECTION('',(-0.356622511537,-0.934248566638));
#3248 = ( GEOMETRIC_REPRESENTATION_CONTEXT(2) 
PARAMETRIC_REPRESENTATION_CONTEXT() REPRESENTATION_CONTEXT('2D SPACE',''
  ) );
#3249 = ORIENTED_EDGE('',*,*,#3250,.T.);
#3250 = EDGE_CURVE('',#3235,#3212,#3251,.T.);
#3251 = SURFACE_CURVE('',#3252,(#3256),.PCURVE_S1.);
#3252 = LINE('',#3253,#3254);
#3253 = CARTESIAN_POINT('',(-11.28400039672,11.822999954224,3.));
#3254 = VECTOR('',#3255,1.);
#3255 = DIRECTION('',(0.738609653774,-0.67413335428,0.));
#3256 = PCURVE('',#3222,#3257);
#3257 = DEFINITIONAL_REPRESENTATION('',(#3258),#3262);
#3258 = LINE('',#3259,#3260);
#3259 = CARTESIAN_POINT('',(-2.592506148153,2.167692336119));
#3260 = VECTOR('',#3261,1.);
#3261 = DIRECTION('',(0.738609653774,-0.67413335428));
#3262 = ( GEOMETRIC_REPRESENTATION_CONTEXT(2) 
PARAMETRIC_REPRESENTATION_CONTEXT() REPRESENTATION_CONTEXT('2D SPACE',''
  ) );
#3263 = SHELL_BASED_SURFACE_MODEL('',(#3264));
#3264 = OPEN_SHELL('',(#3265));
#3265 = ADVANCED_FACE('',(#3266),#3280,.T.);
#3266 = FACE_BOUND('',#3267,.T.);
#3267 = EDGE_LOOP('',(#3268,#3291,#3307));
#3268 = ORIENTED_EDGE('',*,*,#3269,.T.);
#3269 = EDGE_CURVE('',#3270,#3272,#3274,.T.);
#3270 = VERTEX_POINT('',#3271);
#3271 = CARTESIAN_POINT('',(-10.99800014495,13.,3.));
#3272 = VERTEX_POINT('',#3273);
#3273 = CARTESIAN_POINT('',(-11.07100009918,12.380999565125,3.));
#3274 = SURFACE_CURVE('',#3275,(#3279),.PCURVE_S1.);
#3275 = LINE('',#3276,#3277);
#3276 = CARTESIAN_POINT('',(-10.99800014495,13.,3.));
#3277 = VECTOR('',#3278,1.);
#3278 = DIRECTION('',(-0.117120351867,-0.993117728761,0.));
#3279 = PCURVE('',#3280,#3285);
#3280 = PLANE('',#3281);
#3281 = AXIS2_PLACEMENT_3D('',#3282,#3283,#3284);
#3282 = CARTESIAN_POINT('',(-8.617403043472,9.962867058683,3.));
#3283 = DIRECTION('',(0.,0.,1.));
#3284 = DIRECTION('',(1.,0.,-0.));
#3285 = DEFINITIONAL_REPRESENTATION('',(#3286),#3290);
#3286 = LINE('',#3287,#3288);
#3287 = CARTESIAN_POINT('',(-2.380597101486,3.037132941317));
#3288 = VECTOR('',#3289,1.);
#3289 = DIRECTION('',(-0.117120351867,-0.993117728761));
#3290 = ( GEOMETRIC_REPRESENTATION_CONTEXT(2) 
PARAMETRIC_REPRESENTATION_CONTEXT() REPRESENTATION_CONTEXT('2D SPACE',''
  ) );
#3291 = ORIENTED_EDGE('',*,*,#3292,.F.);
#3292 = EDGE_CURVE('',#3293,#3272,#3295,.T.);
#3293 = VERTEX_POINT('',#3294);
#3294 = CARTESIAN_POINT('',(-6.002999782562,7.002999782562,3.));
#3295 = SURFACE_CURVE('',#3296,(#3300),.PCURVE_S1.);
#3296 = LINE('',#3297,#3298);
#3297 = CARTESIAN_POINT('',(-6.002999782562,7.002999782562,3.));
#3298 = VECTOR('',#3299,1.);
#3299 = DIRECTION('',(-0.685820481509,0.727770751777,0.));
#3300 = PCURVE('',#3280,#3301);
#3301 = DEFINITIONAL_REPRESENTATION('',(#3302),#3306);
#3302 = LINE('',#3303,#3304);
#3303 = CARTESIAN_POINT('',(2.61440326091,-2.959867276121));
#3304 = VECTOR('',#3305,1.);
#3305 = DIRECTION('',(-0.685820481509,0.727770751777));
#3306 = ( GEOMETRIC_REPRESENTATION_CONTEXT(2) 
PARAMETRIC_REPRESENTATION_CONTEXT() REPRESENTATION_CONTEXT('2D SPACE',''
  ) );
#3307 = ORIENTED_EDGE('',*,*,#3308,.F.);
#3308 = EDGE_CURVE('',#3270,#3293,#3309,.T.);
#3309 = SURFACE_CURVE('',#3310,(#3314),.PCURVE_S1.);
#3310 = LINE('',#3311,#3312);
#3311 = CARTESIAN_POINT('',(-10.99800014495,13.,3.));
#3312 = VECTOR('',#3313,1.);
#3313 = DIRECTION('',(0.639995353872,-0.768378778353,0.));
#3314 = PCURVE('',#3280,#3315);
#3315 = DEFINITIONAL_REPRESENTATION('',(#3316),#3320);
#3316 = LINE('',#3317,#3318);
#3317 = CARTESIAN_POINT('',(-2.380597101486,3.037132941317));
#3318 = VECTOR('',#3319,1.);
#3319 = DIRECTION('',(0.639995353872,-0.768378778353));
#3320 = ( GEOMETRIC_REPRESENTATION_CONTEXT(2) 
PARAMETRIC_REPRESENTATION_CONTEXT() REPRESENTATION_CONTEXT('2D SPACE',''
  ) );
#3321 = SHELL_BASED_SURFACE_MODEL('',(#3322));
#3322 = OPEN_SHELL('',(#3323));
#3323 = ADVANCED_FACE('',(#3324),#3338,.T.);
#3324 = FACE_BOUND('',#3325,.T.);
#3325 = EDGE_LOOP('',(#3326,#3349,#3365));
#3326 = ORIENTED_EDGE('',*,*,#3327,.T.);
#3327 = EDGE_CURVE('',#3328,#3330,#3332,.T.);
#3328 = VERTEX_POINT('',#3329);
#3329 = CARTESIAN_POINT('',(-11.28400039672,11.822999954224,3.));
#3330 = VERTEX_POINT('',#3331);
#3331 = CARTESIAN_POINT('',(-11.61699962616,11.380000114441,3.));
#3332 = SURFACE_CURVE('',#3333,(#3337),.PCURVE_S1.);
#3333 = LINE('',#3334,#3335);
#3334 = CARTESIAN_POINT('',(-11.28400039672,11.822999954224,3.));
#3335 = VECTOR('',#3336,1.);
#3336 = DIRECTION('',(-0.600865011607,-0.799350509993,0.));
#3337 = PCURVE('',#3338,#3343);
#3338 = PLANE('',#3339);
#3339 = AXIS2_PLACEMENT_3D('',#3340,#3341,#3342);
#3340 = CARTESIAN_POINT('',(-8.828410942185,9.388448892785,3.));
#3341 = DIRECTION('',(0.,0.,1.));
#3342 = DIRECTION('',(1.,0.,-0.));
#3343 = DEFINITIONAL_REPRESENTATION('',(#3344),#3348);
#3344 = LINE('',#3345,#3346);
#3345 = CARTESIAN_POINT('',(-2.455589454543,2.434551061438));
#3346 = VECTOR('',#3347,1.);
#3347 = DIRECTION('',(-0.600865011607,-0.799350509993));
#3348 = ( GEOMETRIC_REPRESENTATION_CONTEXT(2) 
PARAMETRIC_REPRESENTATION_CONTEXT() REPRESENTATION_CONTEXT('2D SPACE',''
  ) );
#3349 = ORIENTED_EDGE('',*,*,#3350,.T.);
#3350 = EDGE_CURVE('',#3330,#3351,#3353,.T.);
#3351 = VERTEX_POINT('',#3352);
#3352 = CARTESIAN_POINT('',(-6.002999782562,7.002999782562,3.));
#3353 = SURFACE_CURVE('',#3354,(#3358),.PCURVE_S1.);
#3354 = LINE('',#3355,#3356);
#3355 = CARTESIAN_POINT('',(-11.61699962616,11.380000114441,3.));
#3356 = VECTOR('',#3357,1.);
#3357 = DIRECTION('',(0.788633056252,-0.614864133436,0.));
#3358 = PCURVE('',#3338,#3359);
#3359 = DEFINITIONAL_REPRESENTATION('',(#3360),#3364);
#3360 = LINE('',#3361,#3362);
#3361 = CARTESIAN_POINT('',(-2.788588683974,1.991551221656));
#3362 = VECTOR('',#3363,1.);
#3363 = DIRECTION('',(0.788633056252,-0.614864133436));
#3364 = ( GEOMETRIC_REPRESENTATION_CONTEXT(2) 
PARAMETRIC_REPRESENTATION_CONTEXT() REPRESENTATION_CONTEXT('2D SPACE',''
  ) );
#3365 = ORIENTED_EDGE('',*,*,#3366,.F.);
#3366 = EDGE_CURVE('',#3328,#3351,#3367,.T.);
#3367 = SURFACE_CURVE('',#3368,(#3372),.PCURVE_S1.);
#3368 = LINE('',#3369,#3370);
#3369 = CARTESIAN_POINT('',(-11.28400039672,11.822999954224,3.));
#3370 = VECTOR('',#3371,1.);
#3371 = DIRECTION('',(0.738609653774,-0.67413335428,0.));
#3372 = PCURVE('',#3338,#3373);
#3373 = DEFINITIONAL_REPRESENTATION('',(#3374),#3378);
#3374 = LINE('',#3375,#3376);
#3375 = CARTESIAN_POINT('',(-2.455589454543,2.434551061438));
#3376 = VECTOR('',#3377,1.);
#3377 = DIRECTION('',(0.738609653774,-0.67413335428));
#3378 = ( GEOMETRIC_REPRESENTATION_CONTEXT(2) 
PARAMETRIC_REPRESENTATION_CONTEXT() REPRESENTATION_CONTEXT('2D SPACE',''
  ) );
#3379 = SHELL_BASED_SURFACE_MODEL('',(#3380));
#3380 = OPEN_SHELL('',(#3381));
#3381 = ADVANCED_FACE('',(#3382),#3396,.T.);
#3382 = FACE_BOUND('',#3383,.T.);
#3383 = EDGE_LOOP('',(#3384,#3407,#3423));
#3384 = ORIENTED_EDGE('',*,*,#3385,.T.);
#3385 = EDGE_CURVE('',#3386,#3388,#3390,.T.);
#3386 = VERTEX_POINT('',#3387);
#3387 = CARTESIAN_POINT('',(-11.61699962616,11.380000114441,3.));
#3388 = VERTEX_POINT('',#3389);
#3389 = CARTESIAN_POINT('',(-12.03600025177,11.095999717712,3.));
#3390 = SURFACE_CURVE('',#3391,(#3395),.PCURVE_S1.);
#3391 = LINE('',#3392,#3393);
#3392 = CARTESIAN_POINT('',(-11.61699962616,11.380000114441,3.));
#3393 = VECTOR('',#3394,1.);
#3394 = DIRECTION('',(-0.827770729126,-0.561066502299,0.));
#3395 = PCURVE('',#3396,#3401);
#3396 = PLANE('',#3397);
#3397 = AXIS2_PLACEMENT_3D('',#3398,#3399,#3400);
#3398 = CARTESIAN_POINT('',(-9.014772451501,9.191544202194,3.));
#3399 = DIRECTION('',(0.,0.,1.));
#3400 = DIRECTION('',(1.,0.,-0.));
#3401 = DEFINITIONAL_REPRESENTATION('',(#3402),#3406);
#3402 = LINE('',#3403,#3404);
#3403 = CARTESIAN_POINT('',(-2.602227174659,2.188455912247));
#3404 = VECTOR('',#3405,1.);
#3405 = DIRECTION('',(-0.827770729126,-0.561066502299));
#3406 = ( GEOMETRIC_REPRESENTATION_CONTEXT(2) 
PARAMETRIC_REPRESENTATION_CONTEXT() REPRESENTATION_CONTEXT('2D SPACE',''
  ) );
#3407 = ORIENTED_EDGE('',*,*,#3408,.F.);
#3408 = EDGE_CURVE('',#3409,#3388,#3411,.T.);
#3409 = VERTEX_POINT('',#3410);
#3410 = CARTESIAN_POINT('',(-6.002999782562,7.002999782562,3.));
#3411 = SURFACE_CURVE('',#3412,(#3416),.PCURVE_S1.);
#3412 = LINE('',#3413,#3414);
#3413 = CARTESIAN_POINT('',(-6.002999782562,7.002999782562,3.));
#3414 = VECTOR('',#3415,1.);
#3415 = DIRECTION('',(-0.827528146263,0.56142423099,0.));
#3416 = PCURVE('',#3396,#3417);
#3417 = DEFINITIONAL_REPRESENTATION('',(#3418),#3422);
#3418 = LINE('',#3419,#3420);
#3419 = CARTESIAN_POINT('',(3.011772668939,-2.188544419632));
#3420 = VECTOR('',#3421,1.);
#3421 = DIRECTION('',(-0.827528146263,0.56142423099));
#3422 = ( GEOMETRIC_REPRESENTATION_CONTEXT(2) 
PARAMETRIC_REPRESENTATION_CONTEXT() REPRESENTATION_CONTEXT('2D SPACE',''
  ) );
#3423 = ORIENTED_EDGE('',*,*,#3424,.F.);
#3424 = EDGE_CURVE('',#3386,#3409,#3425,.T.);
#3425 = SURFACE_CURVE('',#3426,(#3430),.PCURVE_S1.);
#3426 = LINE('',#3427,#3428);
#3427 = CARTESIAN_POINT('',(-11.61699962616,11.380000114441,3.));
#3428 = VECTOR('',#3429,1.);
#3429 = DIRECTION('',(0.788633056252,-0.614864133436,0.));
#3430 = PCURVE('',#3396,#3431);
#3431 = DEFINITIONAL_REPRESENTATION('',(#3432),#3436);
#3432 = LINE('',#3433,#3434);
#3433 = CARTESIAN_POINT('',(-2.602227174659,2.188455912247));
#3434 = VECTOR('',#3435,1.);
#3435 = DIRECTION('',(0.788633056252,-0.614864133436));
#3436 = ( GEOMETRIC_REPRESENTATION_CONTEXT(2) 
PARAMETRIC_REPRESENTATION_CONTEXT() REPRESENTATION_CONTEXT('2D SPACE',''
  ) );
#3437 = SHELL_BASED_SURFACE_MODEL('',(#3438));
#3438 = OPEN_SHELL('',(#3439));
#3439 = ADVANCED_FACE('',(#3440),#3454,.T.);
#3440 = FACE_BOUND('',#3441,.T.);
#3441 = EDGE_LOOP('',(#3442,#3465,#3481));
#3442 = ORIENTED_EDGE('',*,*,#3443,.F.);
#3443 = EDGE_CURVE('',#3444,#3446,#3448,.T.);
#3444 = VERTEX_POINT('',#3445);
#3445 = CARTESIAN_POINT('',(-12.5,10.998000144958,3.));
#3446 = VERTEX_POINT('',#3447);
#3447 = CARTESIAN_POINT('',(-6.002999782562,-3.003000020981,3.));
#3448 = SURFACE_CURVE('',#3449,(#3453),.PCURVE_S1.);
#3449 = LINE('',#3450,#3451);
#3450 = CARTESIAN_POINT('',(-12.5,10.998000144958,3.));
#3451 = VECTOR('',#3452,1.);
#3452 = DIRECTION('',(0.420926663244,-0.90709467211,0.));
#3453 = PCURVE('',#3454,#3459);
#3454 = PLANE('',#3455);
#3455 = AXIS2_PLACEMENT_3D('',#3456,#3457,#3458);
#3456 = CARTESIAN_POINT('',(-9.418998755748,4.127541044229,3.));
#3457 = DIRECTION('',(0.,0.,1.));
#3458 = DIRECTION('',(1.,0.,-0.));
#3459 = DEFINITIONAL_REPRESENTATION('',(#3460),#3464);
#3460 = LINE('',#3461,#3462);
#3461 = CARTESIAN_POINT('',(-3.081001244252,6.870459100729));
#3462 = VECTOR('',#3463,1.);
#3463 = DIRECTION('',(0.420926663244,-0.90709467211));
#3464 = ( GEOMETRIC_REPRESENTATION_CONTEXT(2) 
PARAMETRIC_REPRESENTATION_CONTEXT() REPRESENTATION_CONTEXT('2D SPACE',''
  ) );
#3465 = ORIENTED_EDGE('',*,*,#3466,.T.);
#3466 = EDGE_CURVE('',#3444,#3467,#3469,.T.);
#3467 = VERTEX_POINT('',#3468);
#3468 = CARTESIAN_POINT('',(-12.96399974823,11.095999717712,3.));
#3469 = SURFACE_CURVE('',#3470,(#3474),.PCURVE_S1.);
#3470 = LINE('',#3471,#3472);
#3471 = CARTESIAN_POINT('',(-12.5,10.998000144958,3.));
#3472 = VECTOR('',#3473,1.);
#3473 = DIRECTION('',(-0.978415498823,0.206647312259,0.));
#3474 = PCURVE('',#3454,#3475);
#3475 = DEFINITIONAL_REPRESENTATION('',(#3476),#3480);
#3476 = LINE('',#3477,#3478);
#3477 = CARTESIAN_POINT('',(-3.081001244252,6.870459100729));
#3478 = VECTOR('',#3479,1.);
#3479 = DIRECTION('',(-0.978415498823,0.206647312259));
#3480 = ( GEOMETRIC_REPRESENTATION_CONTEXT(2) 
PARAMETRIC_REPRESENTATION_CONTEXT() REPRESENTATION_CONTEXT('2D SPACE',''
  ) );
#3481 = ORIENTED_EDGE('',*,*,#3482,.F.);
#3482 = EDGE_CURVE('',#3446,#3467,#3483,.T.);
#3483 = SURFACE_CURVE('',#3484,(#3488),.PCURVE_S1.);
#3484 = LINE('',#3485,#3486);
#3485 = CARTESIAN_POINT('',(-6.002999782562,-3.003000020981,3.));
#3486 = VECTOR('',#3487,1.);
#3487 = DIRECTION('',(-0.442705199892,0.896667221431,0.));
#3488 = PCURVE('',#3454,#3489);
#3489 = DEFINITIONAL_REPRESENTATION('',(#3490),#3494);
#3490 = LINE('',#3491,#3492);
#3491 = CARTESIAN_POINT('',(3.415998973186,-7.13054106521));
#3492 = VECTOR('',#3493,1.);
#3493 = DIRECTION('',(-0.442705199892,0.896667221431));
#3494 = ( GEOMETRIC_REPRESENTATION_CONTEXT(2) 
PARAMETRIC_REPRESENTATION_CONTEXT() REPRESENTATION_CONTEXT('2D SPACE',''
  ) );
#3495 = SHELL_BASED_SURFACE_MODEL('',(#3496));
#3496 = OPEN_SHELL('',(#3497));
#3497 = ADVANCED_FACE('',(#3498),#3512,.T.);
#3498 = FACE_BOUND('',#3499,.T.);
#3499 = EDGE_LOOP('',(#3500,#3523,#3539));
#3500 = ORIENTED_EDGE('',*,*,#3501,.F.);
#3501 = EDGE_CURVE('',#3502,#3504,#3506,.T.);
#3502 = VERTEX_POINT('',#3503);
#3503 = CARTESIAN_POINT('',(-17.,-47.,3.));
#3504 = VERTEX_POINT('',#3505);
#3505 = CARTESIAN_POINT('',(-14.00300025939,13.,3.));
#3506 = SURFACE_CURVE('',#3507,(#3511),.PCURVE_S1.);
#3507 = LINE('',#3508,#3509);
#3508 = CARTESIAN_POINT('',(-17.,-47.,3.));
#3509 = VECTOR('',#3510,1.);
#3510 = DIRECTION('',(4.988779936619E-02,0.998754828511,0.));
#3511 = PCURVE('',#3512,#3517);
#3512 = PLANE('',#3513);
#3513 = AXIS2_PLACEMENT_3D('',#3514,#3515,#3516);
#3514 = CARTESIAN_POINT('',(-15.47522412622,-16.99911531258,3.));
#3515 = DIRECTION('',(0.,0.,1.));
#3516 = DIRECTION('',(1.,0.,-0.));
#3517 = DEFINITIONAL_REPRESENTATION('',(#3518),#3522);
#3518 = LINE('',#3519,#3520);
#3519 = CARTESIAN_POINT('',(-1.52477587378,-30.00088468741));
#3520 = VECTOR('',#3521,1.);
#3521 = DIRECTION('',(4.988779936619E-02,0.998754828511));
#3522 = ( GEOMETRIC_REPRESENTATION_CONTEXT(2) 
PARAMETRIC_REPRESENTATION_CONTEXT() REPRESENTATION_CONTEXT('2D SPACE',''
  ) );
#3523 = ORIENTED_EDGE('',*,*,#3524,.F.);
#3524 = EDGE_CURVE('',#3525,#3502,#3527,.T.);
#3525 = VERTEX_POINT('',#3526);
#3526 = CARTESIAN_POINT('',(-13.92899990081,12.380999565125,3.));
#3527 = SURFACE_CURVE('',#3528,(#3532),.PCURVE_S1.);
#3528 = LINE('',#3529,#3530);
#3529 = CARTESIAN_POINT('',(-13.92899990081,12.380999565125,3.));
#3530 = VECTOR('',#3531,1.);
#3531 = DIRECTION('',(-5.16478577032E-02,-0.998665358764,0.));
#3532 = PCURVE('',#3512,#3533);
#3533 = DEFINITIONAL_REPRESENTATION('',(#3534),#3538);
#3534 = LINE('',#3535,#3536);
#3535 = CARTESIAN_POINT('',(1.546224225402,29.380114877709));
#3536 = VECTOR('',#3537,1.);
#3537 = DIRECTION('',(-5.16478577032E-02,-0.998665358764));
#3538 = ( GEOMETRIC_REPRESENTATION_CONTEXT(2) 
PARAMETRIC_REPRESENTATION_CONTEXT() REPRESENTATION_CONTEXT('2D SPACE',''
  ) );
#3539 = ORIENTED_EDGE('',*,*,#3540,.F.);
#3540 = EDGE_CURVE('',#3504,#3525,#3541,.T.);
#3541 = SURFACE_CURVE('',#3542,(#3546),.PCURVE_S1.);
#3542 = LINE('',#3543,#3544);
#3543 = CARTESIAN_POINT('',(-14.00300025939,13.,3.));
#3544 = VECTOR('',#3545,1.);
#3545 = DIRECTION('',(0.118702925141,-0.992929814017,0.));
#3546 = PCURVE('',#3512,#3547);
#3547 = DEFINITIONAL_REPRESENTATION('',(#3548),#3552);
#3548 = LINE('',#3549,#3550);
#3549 = CARTESIAN_POINT('',(1.47222386682,29.999115312585));
#3550 = VECTOR('',#3551,1.);
#3551 = DIRECTION('',(0.118702925141,-0.992929814017));
#3552 = ( GEOMETRIC_REPRESENTATION_CONTEXT(2) 
PARAMETRIC_REPRESENTATION_CONTEXT() REPRESENTATION_CONTEXT('2D SPACE',''
  ) );
#3553 = SHELL_BASED_SURFACE_MODEL('',(#3554));
#3554 = OPEN_SHELL('',(#3555));
#3555 = ADVANCED_FACE('',(#3556),#3570,.T.);
#3556 = FACE_BOUND('',#3557,.T.);
#3557 = EDGE_LOOP('',(#3558,#3581,#3597));
#3558 = ORIENTED_EDGE('',*,*,#3559,.T.);
#3559 = EDGE_CURVE('',#3560,#3562,#3564,.T.);
#3560 = VERTEX_POINT('',#3561);
#3561 = CARTESIAN_POINT('',(-13.92899990081,13.619000434875,3.));
#3562 = VERTEX_POINT('',#3563);
#3563 = CARTESIAN_POINT('',(-13.71599960327,14.177000045776,3.));
#3564 = SURFACE_CURVE('',#3565,(#3569),.PCURVE_S1.);
#3565 = LINE('',#3566,#3567);
#3566 = CARTESIAN_POINT('',(-13.92899990081,13.619000434875,3.));
#3567 = VECTOR('',#3568,1.);
#3568 = DIRECTION('',(0.356622511537,0.934248566638,0.));
#3569 = PCURVE('',#3570,#3575);
#3570 = PLANE('',#3571);
#3571 = AXIS2_PLACEMENT_3D('',#3572,#3573,#3574);
#3572 = CARTESIAN_POINT('',(-15.39930889464,32.80037845387,3.));
#3573 = DIRECTION('',(0.,0.,1.));
#3574 = DIRECTION('',(1.,0.,-0.));
#3575 = DEFINITIONAL_REPRESENTATION('',(#3576),#3580);
#3576 = LINE('',#3577,#3578);
#3577 = CARTESIAN_POINT('',(1.470308993822,-19.18137801899));
#3578 = VECTOR('',#3579,1.);
#3579 = DIRECTION('',(0.356622511537,0.934248566638));
#3580 = ( GEOMETRIC_REPRESENTATION_CONTEXT(2) 
PARAMETRIC_REPRESENTATION_CONTEXT() REPRESENTATION_CONTEXT('2D SPACE',''
  ) );
#3581 = ORIENTED_EDGE('',*,*,#3582,.T.);
#3582 = EDGE_CURVE('',#3562,#3583,#3585,.T.);
#3583 = VERTEX_POINT('',#3584);
#3584 = CARTESIAN_POINT('',(-17.,52.,3.));
#3585 = SURFACE_CURVE('',#3586,(#3590),.PCURVE_S1.);
#3586 = LINE('',#3587,#3588);
#3587 = CARTESIAN_POINT('',(-13.71599960327,14.177000045776,3.));
#3588 = VECTOR('',#3589,1.);
#3589 = DIRECTION('',(-8.650005187506E-02,0.996251846184,0.));
#3590 = PCURVE('',#3570,#3591);
#3591 = DEFINITIONAL_REPRESENTATION('',(#3592),#3596);
#3592 = LINE('',#3593,#3594);
#3593 = CARTESIAN_POINT('',(1.683309291368,-18.62337840809));
#3594 = VECTOR('',#3595,1.);
#3595 = DIRECTION('',(-8.650005187506E-02,0.996251846184));
#3596 = ( GEOMETRIC_REPRESENTATION_CONTEXT(2) 
PARAMETRIC_REPRESENTATION_CONTEXT() REPRESENTATION_CONTEXT('2D SPACE',''
  ) );
#3597 = ORIENTED_EDGE('',*,*,#3598,.T.);
#3598 = EDGE_CURVE('',#3583,#3560,#3599,.T.);
#3599 = SURFACE_CURVE('',#3600,(#3604),.PCURVE_S1.);
#3600 = LINE('',#3601,#3602);
#3601 = CARTESIAN_POINT('',(-17.,52.,3.));
#3602 = VECTOR('',#3603,1.);
#3603 = DIRECTION('',(7.975864505743E-02,-0.996814204623,0.));
#3604 = PCURVE('',#3570,#3605);
#3605 = DEFINITIONAL_REPRESENTATION('',(#3606),#3610);
#3606 = LINE('',#3607,#3608);
#3607 = CARTESIAN_POINT('',(-1.60069110536,19.19962154613));
#3608 = VECTOR('',#3609,1.);
#3609 = DIRECTION('',(7.975864505743E-02,-0.996814204623));
#3610 = ( GEOMETRIC_REPRESENTATION_CONTEXT(2) 
PARAMETRIC_REPRESENTATION_CONTEXT() REPRESENTATION_CONTEXT('2D SPACE',''
  ) );
#3611 = SHELL_BASED_SURFACE_MODEL('',(#3612));
#3612 = OPEN_SHELL('',(#3613));
#3613 = ADVANCED_FACE('',(#3614),#3628,.T.);
#3614 = FACE_BOUND('',#3615,.T.);
#3615 = EDGE_LOOP('',(#3616,#3639,#3655));
#3616 = ORIENTED_EDGE('',*,*,#3617,.F.);
#3617 = EDGE_CURVE('',#3618,#3620,#3622,.T.);
#3618 = VERTEX_POINT('',#3619);
#3619 = CARTESIAN_POINT('',(-14.00300025939,13.,3.));
#3620 = VERTEX_POINT('',#3621);
#3621 = CARTESIAN_POINT('',(-17.,52.,3.));
#3622 = SURFACE_CURVE('',#3623,(#3627),.PCURVE_S1.);
#3623 = LINE('',#3624,#3625);
#3624 = CARTESIAN_POINT('',(-14.00300025939,13.,3.));
#3625 = VECTOR('',#3626,1.);
#3626 = DIRECTION('',(-7.662024627641E-02,0.997060348154,0.));
#3627 = PCURVE('',#3628,#3633);
#3628 = PLANE('',#3629);
#3629 = AXIS2_PLACEMENT_3D('',#3630,#3631,#3632);
#3630 = CARTESIAN_POINT('',(-15.47105760727,32.499404163496,3.));
#3631 = DIRECTION('',(0.,0.,1.));
#3632 = DIRECTION('',(1.,0.,-0.));
#3633 = DEFINITIONAL_REPRESENTATION('',(#3634),#3638);
#3634 = LINE('',#3635,#3636);
#3635 = CARTESIAN_POINT('',(1.468057347878,-19.49940416349));
#3636 = VECTOR('',#3637,1.);
#3637 = DIRECTION('',(-7.662024627641E-02,0.997060348154));
#3638 = ( GEOMETRIC_REPRESENTATION_CONTEXT(2) 
PARAMETRIC_REPRESENTATION_CONTEXT() REPRESENTATION_CONTEXT('2D SPACE',''
  ) );
#3639 = ORIENTED_EDGE('',*,*,#3640,.F.);
#3640 = EDGE_CURVE('',#3641,#3618,#3643,.T.);
#3641 = VERTEX_POINT('',#3642);
#3642 = CARTESIAN_POINT('',(-13.92899990081,13.619000434875,3.));
#3643 = SURFACE_CURVE('',#3644,(#3648),.PCURVE_S1.);
#3644 = LINE('',#3645,#3646);
#3645 = CARTESIAN_POINT('',(-13.92899990081,13.619000434875,3.));
#3646 = VECTOR('',#3647,1.);
#3647 = DIRECTION('',(-0.118702925141,-0.992929814017,0.));
#3648 = PCURVE('',#3628,#3649);
#3649 = DEFINITIONAL_REPRESENTATION('',(#3650),#3654);
#3650 = LINE('',#3651,#3652);
#3651 = CARTESIAN_POINT('',(1.54205770646,-18.88040372862));
#3652 = VECTOR('',#3653,1.);
#3653 = DIRECTION('',(-0.118702925141,-0.992929814017));
#3654 = ( GEOMETRIC_REPRESENTATION_CONTEXT(2) 
PARAMETRIC_REPRESENTATION_CONTEXT() REPRESENTATION_CONTEXT('2D SPACE',''
  ) );
#3655 = ORIENTED_EDGE('',*,*,#3656,.F.);
#3656 = EDGE_CURVE('',#3620,#3641,#3657,.T.);
#3657 = SURFACE_CURVE('',#3658,(#3662),.PCURVE_S1.);
#3658 = LINE('',#3659,#3660);
#3659 = CARTESIAN_POINT('',(-17.,52.,3.));
#3660 = VECTOR('',#3661,1.);
#3661 = DIRECTION('',(7.975864505743E-02,-0.996814204623,0.));
#3662 = PCURVE('',#3628,#3663);
#3663 = DEFINITIONAL_REPRESENTATION('',(#3664),#3668);
#3664 = LINE('',#3665,#3666);
#3665 = CARTESIAN_POINT('',(-1.528942392723,19.500595836504));
#3666 = VECTOR('',#3667,1.);
#3667 = DIRECTION('',(7.975864505743E-02,-0.996814204623));
#3668 = ( GEOMETRIC_REPRESENTATION_CONTEXT(2) 
PARAMETRIC_REPRESENTATION_CONTEXT() REPRESENTATION_CONTEXT('2D SPACE',''
  ) );
#3669 = SHELL_BASED_SURFACE_MODEL('',(#3670));
#3670 = OPEN_SHELL('',(#3671));
#3671 = ADVANCED_FACE('',(#3672),#3686,.T.);
#3672 = FACE_BOUND('',#3673,.T.);
#3673 = EDGE_LOOP('',(#3674,#3697,#3713));
#3674 = ORIENTED_EDGE('',*,*,#3675,.T.);
#3675 = EDGE_CURVE('',#3676,#3678,#3680,.T.);
#3676 = VERTEX_POINT('',#3677);
#3677 = CARTESIAN_POINT('',(-13.38300037384,14.619999885559,3.));
#3678 = VERTEX_POINT('',#3679);
#3679 = CARTESIAN_POINT('',(-12.96399974823,14.904000282288,3.));
#3680 = SURFACE_CURVE('',#3681,(#3685),.PCURVE_S1.);
#3681 = LINE('',#3682,#3683);
#3682 = CARTESIAN_POINT('',(-13.38300037384,14.619999885559,3.));
#3683 = VECTOR('',#3684,1.);
#3684 = DIRECTION('',(0.827770729126,0.561066502299,0.));
#3685 = PCURVE('',#3686,#3691);
#3686 = PLANE('',#3687);
#3687 = AXIS2_PLACEMENT_3D('',#3688,#3689,#3690);
#3688 = CARTESIAN_POINT('',(-15.07423483048,33.255739815437,3.));
#3689 = DIRECTION('',(0.,0.,1.));
#3690 = DIRECTION('',(1.,0.,-0.));
#3691 = DEFINITIONAL_REPRESENTATION('',(#3692),#3696);
#3692 = LINE('',#3693,#3694);
#3693 = CARTESIAN_POINT('',(1.691234456642,-18.63573992987));
#3694 = VECTOR('',#3695,1.);
#3695 = DIRECTION('',(0.827770729126,0.561066502299));
#3696 = ( GEOMETRIC_REPRESENTATION_CONTEXT(2) 
PARAMETRIC_REPRESENTATION_CONTEXT() REPRESENTATION_CONTEXT('2D SPACE',''
  ) );
#3697 = ORIENTED_EDGE('',*,*,#3698,.T.);
#3698 = EDGE_CURVE('',#3678,#3699,#3701,.T.);
#3699 = VERTEX_POINT('',#3700);
#3700 = CARTESIAN_POINT('',(-17.,52.,3.));
#3701 = SURFACE_CURVE('',#3702,(#3706),.PCURVE_S1.);
#3702 = LINE('',#3703,#3704);
#3703 = CARTESIAN_POINT('',(-12.96399974823,14.904000282288,3.));
#3704 = VECTOR('',#3705,1.);
#3705 = DIRECTION('',(-0.10816052548,0.994133442113,0.));
#3706 = PCURVE('',#3686,#3707);
#3707 = DEFINITIONAL_REPRESENTATION('',(#3708),#3712);
#3708 = LINE('',#3709,#3710);
#3709 = CARTESIAN_POINT('',(2.110235082252,-18.35173953314));
#3710 = VECTOR('',#3711,1.);
#3711 = DIRECTION('',(-0.10816052548,0.994133442113));
#3712 = ( GEOMETRIC_REPRESENTATION_CONTEXT(2) 
PARAMETRIC_REPRESENTATION_CONTEXT() REPRESENTATION_CONTEXT('2D SPACE',''
  ) );
#3713 = ORIENTED_EDGE('',*,*,#3714,.T.);
#3714 = EDGE_CURVE('',#3699,#3676,#3715,.T.);
#3715 = SURFACE_CURVE('',#3716,(#3720),.PCURVE_S1.);
#3716 = LINE('',#3717,#3718);
#3717 = CARTESIAN_POINT('',(-17.,52.,3.));
#3718 = VECTOR('',#3719,1.);
#3719 = DIRECTION('',(9.631312176619E-02,-0.995351085083,0.));
#3720 = PCURVE('',#3686,#3721);
#3721 = DEFINITIONAL_REPRESENTATION('',(#3722),#3726);
#3722 = LINE('',#3723,#3724);
#3723 = CARTESIAN_POINT('',(-1.925765169518,18.744260184563));
#3724 = VECTOR('',#3725,1.);
#3725 = DIRECTION('',(9.631312176619E-02,-0.995351085083));
#3726 = ( GEOMETRIC_REPRESENTATION_CONTEXT(2) 
PARAMETRIC_REPRESENTATION_CONTEXT() REPRESENTATION_CONTEXT('2D SPACE',''
  ) );
#3727 = SHELL_BASED_SURFACE_MODEL('',(#3728));
#3728 = OPEN_SHELL('',(#3729));
#3729 = ADVANCED_FACE('',(#3730),#3744,.T.);
#3730 = FACE_BOUND('',#3731,.T.);
#3731 = EDGE_LOOP('',(#3732,#3755,#3771));
#3732 = ORIENTED_EDGE('',*,*,#3733,.F.);
#3733 = EDGE_CURVE('',#3734,#3736,#3738,.T.);
#3734 = VERTEX_POINT('',#3735);
#3735 = CARTESIAN_POINT('',(-13.71599960327,14.177000045776,3.));
#3736 = VERTEX_POINT('',#3737);
#3737 = CARTESIAN_POINT('',(-17.,52.,3.));
#3738 = SURFACE_CURVE('',#3739,(#3743),.PCURVE_S1.);
#3739 = LINE('',#3740,#3741);
#3740 = CARTESIAN_POINT('',(-13.71599960327,14.177000045776,3.));
#3741 = VECTOR('',#3742,1.);
#3742 = DIRECTION('',(-8.650005187506E-02,0.996251846184,0.));
#3743 = PCURVE('',#3744,#3749);
#3744 = PLANE('',#3745);
#3745 = AXIS2_PLACEMENT_3D('',#3746,#3747,#3748);
#3746 = CARTESIAN_POINT('',(-15.26263099994,33.061688596823,3.));
#3747 = DIRECTION('',(0.,0.,1.));
#3748 = DIRECTION('',(1.,0.,-0.));
#3749 = DEFINITIONAL_REPRESENTATION('',(#3750),#3754);
#3750 = LINE('',#3751,#3752);
#3751 = CARTESIAN_POINT('',(1.546631396673,-18.88468855104));
#3752 = VECTOR('',#3753,1.);
#3753 = DIRECTION('',(-8.650005187506E-02,0.996251846184));
#3754 = ( GEOMETRIC_REPRESENTATION_CONTEXT(2) 
PARAMETRIC_REPRESENTATION_CONTEXT() REPRESENTATION_CONTEXT('2D SPACE',''
  ) );
#3755 = ORIENTED_EDGE('',*,*,#3756,.T.);
#3756 = EDGE_CURVE('',#3734,#3757,#3759,.T.);
#3757 = VERTEX_POINT('',#3758);
#3758 = CARTESIAN_POINT('',(-13.38300037384,14.619999885559,3.));
#3759 = SURFACE_CURVE('',#3760,(#3764),.PCURVE_S1.);
#3760 = LINE('',#3761,#3762);
#3761 = CARTESIAN_POINT('',(-13.71599960327,14.177000045776,3.));
#3762 = VECTOR('',#3763,1.);
#3763 = DIRECTION('',(0.600865011607,0.799350509993,0.));
#3764 = PCURVE('',#3744,#3765);
#3765 = DEFINITIONAL_REPRESENTATION('',(#3766),#3770);
#3766 = LINE('',#3767,#3768);
#3767 = CARTESIAN_POINT('',(1.546631396673,-18.88468855104));
#3768 = VECTOR('',#3769,1.);
#3769 = DIRECTION('',(0.600865011607,0.799350509993));
#3770 = ( GEOMETRIC_REPRESENTATION_CONTEXT(2) 
PARAMETRIC_REPRESENTATION_CONTEXT() REPRESENTATION_CONTEXT('2D SPACE',''
  ) );
#3771 = ORIENTED_EDGE('',*,*,#3772,.F.);
#3772 = EDGE_CURVE('',#3736,#3757,#3773,.T.);
#3773 = SURFACE_CURVE('',#3774,(#3778),.PCURVE_S1.);
#3774 = LINE('',#3775,#3776);
#3775 = CARTESIAN_POINT('',(-17.,52.,3.));
#3776 = VECTOR('',#3777,1.);
#3777 = DIRECTION('',(9.631312176619E-02,-0.995351085083,0.));
#3778 = PCURVE('',#3744,#3779);
#3779 = DEFINITIONAL_REPRESENTATION('',(#3780),#3784);
#3780 = LINE('',#3781,#3782);
#3781 = CARTESIAN_POINT('',(-1.737369000055,18.938311403177));
#3782 = VECTOR('',#3783,1.);
#3783 = DIRECTION('',(9.631312176619E-02,-0.995351085083));
#3784 = ( GEOMETRIC_REPRESENTATION_CONTEXT(2) 
PARAMETRIC_REPRESENTATION_CONTEXT() REPRESENTATION_CONTEXT('2D SPACE',''
  ) );
#3785 = SHELL_BASED_SURFACE_MODEL('',(#3786));
#3786 = OPEN_SHELL('',(#3787));
#3787 = ADVANCED_FACE('',(#3788),#3802,.T.);
#3788 = FACE_BOUND('',#3789,.T.);
#3789 = EDGE_LOOP('',(#3790,#3813,#3829));
#3790 = ORIENTED_EDGE('',*,*,#3791,.T.);
#3791 = EDGE_CURVE('',#3792,#3794,#3796,.T.);
#3792 = VERTEX_POINT('',#3793);
#3793 = CARTESIAN_POINT('',(-12.96399974823,14.904000282288,3.));
#3794 = VERTEX_POINT('',#3795);
#3795 = CARTESIAN_POINT('',(-12.5,15.003000259399,3.));
#3796 = SURFACE_CURVE('',#3797,(#3801),.PCURVE_S1.);
#3797 = LINE('',#3798,#3799);
#3798 = CARTESIAN_POINT('',(-12.96399974823,14.904000282288,3.));
#3799 = VECTOR('',#3800,1.);
#3800 = DIRECTION('',(0.977987088447,0.208665413594,0.));
#3801 = PCURVE('',#3802,#3807);
#3802 = PLANE('',#3803);
#3803 = AXIS2_PLACEMENT_3D('',#3804,#3805,#3806);
#3804 = CARTESIAN_POINT('',(-14.85258097081,33.359650846677,3.));
#3805 = DIRECTION('',(0.,0.,1.));
#3806 = DIRECTION('',(1.,0.,-0.));
#3807 = DEFINITIONAL_REPRESENTATION('',(#3808),#3812);
#3808 = LINE('',#3809,#3810);
#3809 = CARTESIAN_POINT('',(1.888581222583,-18.45565056438));
#3810 = VECTOR('',#3811,1.);
#3811 = DIRECTION('',(0.977987088447,0.208665413594));
#3812 = ( GEOMETRIC_REPRESENTATION_CONTEXT(2) 
PARAMETRIC_REPRESENTATION_CONTEXT() REPRESENTATION_CONTEXT('2D SPACE',''
  ) );
#3813 = ORIENTED_EDGE('',*,*,#3814,.T.);
#3814 = EDGE_CURVE('',#3794,#3815,#3817,.T.);
#3815 = VERTEX_POINT('',#3816);
#3816 = CARTESIAN_POINT('',(-17.,52.,3.));
#3817 = SURFACE_CURVE('',#3818,(#3822),.PCURVE_S1.);
#3818 = LINE('',#3819,#3820);
#3819 = CARTESIAN_POINT('',(-12.5,15.003000259399,3.));
#3820 = VECTOR('',#3821,1.);
#3821 = DIRECTION('',(-0.120741624639,0.992683967877,0.));
#3822 = PCURVE('',#3802,#3823);
#3823 = DEFINITIONAL_REPRESENTATION('',(#3824),#3828);
#3824 = LINE('',#3825,#3826);
#3825 = CARTESIAN_POINT('',(2.352580970813,-18.35665058727));
#3826 = VECTOR('',#3827,1.);
#3827 = DIRECTION('',(-0.120741624639,0.992683967877));
#3828 = ( GEOMETRIC_REPRESENTATION_CONTEXT(2) 
PARAMETRIC_REPRESENTATION_CONTEXT() REPRESENTATION_CONTEXT('2D SPACE',''
  ) );
#3829 = ORIENTED_EDGE('',*,*,#3830,.F.);
#3830 = EDGE_CURVE('',#3792,#3815,#3831,.T.);
#3831 = SURFACE_CURVE('',#3832,(#3836),.PCURVE_S1.);
#3832 = LINE('',#3833,#3834);
#3833 = CARTESIAN_POINT('',(-12.96399974823,14.904000282288,3.));
#3834 = VECTOR('',#3835,1.);
#3835 = DIRECTION('',(-0.10816052548,0.994133442113,0.));
#3836 = PCURVE('',#3802,#3837);
#3837 = DEFINITIONAL_REPRESENTATION('',(#3838),#3842);
#3838 = LINE('',#3839,#3840);
#3839 = CARTESIAN_POINT('',(1.888581222583,-18.45565056438));
#3840 = VECTOR('',#3841,1.);
#3841 = DIRECTION('',(-0.10816052548,0.994133442113));
#3842 = ( GEOMETRIC_REPRESENTATION_CONTEXT(2) 
PARAMETRIC_REPRESENTATION_CONTEXT() REPRESENTATION_CONTEXT('2D SPACE',''
  ) );
#3843 = SHELL_BASED_SURFACE_MODEL('',(#3844));
#3844 = OPEN_SHELL('',(#3845));
#3845 = ADVANCED_FACE('',(#3846),#3860,.T.);
#3846 = FACE_BOUND('',#3847,.T.);
#3847 = EDGE_LOOP('',(#3848,#3871,#3887));
#3848 = ORIENTED_EDGE('',*,*,#3849,.T.);
#3849 = EDGE_CURVE('',#3850,#3852,#3854,.T.);
#3850 = VERTEX_POINT('',#3851);
#3851 = CARTESIAN_POINT('',(6.5,42.998001098633,3.));
#3852 = VERTEX_POINT('',#3853);
#3853 = CARTESIAN_POINT('',(6.035999774933,43.096000671387,3.));
#3854 = SURFACE_CURVE('',#3855,(#3859),.PCURVE_S1.);
#3855 = LINE('',#3856,#3857);
#3856 = CARTESIAN_POINT('',(6.5,42.998001098633,3.));
#3857 = VECTOR('',#3858,1.);
#3858 = DIRECTION('',(-0.97841554176,0.206647108963,0.));
#3859 = PCURVE('',#3860,#3865);
#3860 = PLANE('',#3861);
#3861 = AXIS2_PLACEMENT_3D('',#3862,#3863,#3864);
#3862 = CARTESIAN_POINT('',(2.658271139039,25.140475855146,3.));
#3863 = DIRECTION('',(0.,0.,1.));
#3864 = DIRECTION('',(1.,0.,-0.));
#3865 = DEFINITIONAL_REPRESENTATION('',(#3866),#3870);
#3866 = LINE('',#3867,#3868);
#3867 = CARTESIAN_POINT('',(3.841728860961,17.857525243487));
#3868 = VECTOR('',#3869,1.);
#3869 = DIRECTION('',(-0.97841554176,0.206647108963));
#3870 = ( GEOMETRIC_REPRESENTATION_CONTEXT(2) 
PARAMETRIC_REPRESENTATION_CONTEXT() REPRESENTATION_CONTEXT('2D SPACE',''
  ) );
#3871 = ORIENTED_EDGE('',*,*,#3872,.F.);
#3872 = EDGE_CURVE('',#3873,#3852,#3875,.T.);
#3873 = VERTEX_POINT('',#3874);
#3874 = CARTESIAN_POINT('',(-0.998000025749,7.002999782562,3.));
#3875 = SURFACE_CURVE('',#3876,(#3880),.PCURVE_S1.);
#3876 = LINE('',#3877,#3878);
#3877 = CARTESIAN_POINT('',(-0.998000025749,7.002999782562,3.));
#3878 = VECTOR('',#3879,1.);
#3879 = DIRECTION('',(0.191286710125,0.981534204462,0.));
#3880 = PCURVE('',#3860,#3881);
#3881 = DEFINITIONAL_REPRESENTATION('',(#3882),#3886);
#3882 = LINE('',#3883,#3884);
#3883 = CARTESIAN_POINT('',(-3.656271164789,-18.13747607258));
#3884 = VECTOR('',#3885,1.);
#3885 = DIRECTION('',(0.191286710125,0.981534204462));
#3886 = ( GEOMETRIC_REPRESENTATION_CONTEXT(2) 
PARAMETRIC_REPRESENTATION_CONTEXT() REPRESENTATION_CONTEXT('2D SPACE',''
  ) );
#3887 = ORIENTED_EDGE('',*,*,#3888,.T.);
#3888 = EDGE_CURVE('',#3873,#3850,#3889,.T.);
#3889 = SURFACE_CURVE('',#3890,(#3894),.PCURVE_S1.);
#3890 = LINE('',#3891,#3892);
#3891 = CARTESIAN_POINT('',(-0.998000025749,7.002999782562,3.));
#3892 = VECTOR('',#3893,1.);
#3893 = DIRECTION('',(0.203929267208,0.97898562501,0.));
#3894 = PCURVE('',#3860,#3895);
#3895 = DEFINITIONAL_REPRESENTATION('',(#3896),#3900);
#3896 = LINE('',#3897,#3898);
#3897 = CARTESIAN_POINT('',(-3.656271164789,-18.13747607258));
#3898 = VECTOR('',#3899,1.);
#3899 = DIRECTION('',(0.203929267208,0.97898562501));
#3900 = ( GEOMETRIC_REPRESENTATION_CONTEXT(2) 
PARAMETRIC_REPRESENTATION_CONTEXT() REPRESENTATION_CONTEXT('2D SPACE',''
  ) );
#3901 = SHELL_BASED_SURFACE_MODEL('',(#3902));
#3902 = OPEN_SHELL('',(#3903));
#3903 = ADVANCED_FACE('',(#3904),#3918,.T.);
#3904 = FACE_BOUND('',#3905,.T.);
#3905 = EDGE_LOOP('',(#3906,#3929,#3945));
#3906 = ORIENTED_EDGE('',*,*,#3907,.T.);
#3907 = EDGE_CURVE('',#3908,#3910,#3912,.T.);
#3908 = VERTEX_POINT('',#3909);
#3909 = CARTESIAN_POINT('',(6.035999774933,43.096000671387,3.));
#3910 = VERTEX_POINT('',#3911);
#3911 = CARTESIAN_POINT('',(5.617000102997,43.380001068115,3.));
#3912 = SURFACE_CURVE('',#3913,(#3917),.PCURVE_S1.);
#3913 = LINE('',#3914,#3915);
#3914 = CARTESIAN_POINT('',(6.035999774933,43.096000671387,3.));
#3915 = VECTOR('',#3916,1.);
#3916 = DIRECTION('',(-0.82777013603,0.561067377324,0.));
#3917 = PCURVE('',#3918,#3923);
#3918 = PLANE('',#3919);
#3919 = AXIS2_PLACEMENT_3D('',#3920,#3921,#3922);
#3920 = CARTESIAN_POINT('',(-3.03779846576,29.177260235502,3.));
#3921 = DIRECTION('',(0.,0.,1.));
#3922 = DIRECTION('',(1.,0.,-0.));
#3923 = DEFINITIONAL_REPRESENTATION('',(#3924),#3928);
#3924 = LINE('',#3925,#3926);
#3925 = CARTESIAN_POINT('',(9.073798240693,13.918740435885));
#3926 = VECTOR('',#3927,1.);
#3927 = DIRECTION('',(-0.82777013603,0.561067377324));
#3928 = ( GEOMETRIC_REPRESENTATION_CONTEXT(2) 
PARAMETRIC_REPRESENTATION_CONTEXT() REPRESENTATION_CONTEXT('2D SPACE',''
  ) );
#3929 = ORIENTED_EDGE('',*,*,#3930,.F.);
#3930 = EDGE_CURVE('',#3931,#3910,#3933,.T.);
#3931 = VERTEX_POINT('',#3932);
#3932 = CARTESIAN_POINT('',(-12.03600025177,14.904000282288,3.));
#3933 = SURFACE_CURVE('',#3934,(#3938),.PCURVE_S1.);
#3934 = LINE('',#3935,#3936);
#3935 = CARTESIAN_POINT('',(-12.03600025177,14.904000282288,3.));
#3936 = VECTOR('',#3937,1.);
#3937 = DIRECTION('',(0.52689395864,0.849931030348,0.));
#3938 = PCURVE('',#3918,#3939);
#3939 = DEFINITIONAL_REPRESENTATION('',(#3940),#3944);
#3940 = LINE('',#3941,#3942);
#3941 = CARTESIAN_POINT('',(-8.99820178601,-14.27325995321));
#3942 = VECTOR('',#3943,1.);
#3943 = DIRECTION('',(0.52689395864,0.849931030348));
#3944 = ( GEOMETRIC_REPRESENTATION_CONTEXT(2) 
PARAMETRIC_REPRESENTATION_CONTEXT() REPRESENTATION_CONTEXT('2D SPACE',''
  ) );
#3945 = ORIENTED_EDGE('',*,*,#3946,.F.);
#3946 = EDGE_CURVE('',#3908,#3931,#3947,.T.);
#3947 = SURFACE_CURVE('',#3948,(#3952),.PCURVE_S1.);
#3948 = LINE('',#3949,#3950);
#3949 = CARTESIAN_POINT('',(6.035999774933,43.096000671387,3.));
#3950 = VECTOR('',#3951,1.);
#3951 = DIRECTION('',(-0.539670451574,-0.841876358914,0.));
#3952 = PCURVE('',#3918,#3953);
#3953 = DEFINITIONAL_REPRESENTATION('',(#3954),#3958);
#3954 = LINE('',#3955,#3956);
#3955 = CARTESIAN_POINT('',(9.073798240693,13.918740435885));
#3956 = VECTOR('',#3957,1.);
#3957 = DIRECTION('',(-0.539670451574,-0.841876358914));
#3958 = ( GEOMETRIC_REPRESENTATION_CONTEXT(2) 
PARAMETRIC_REPRESENTATION_CONTEXT() REPRESENTATION_CONTEXT('2D SPACE',''
  ) );
#3959 = SHELL_BASED_SURFACE_MODEL('',(#3960));
#3960 = OPEN_SHELL('',(#3961));
#3961 = ADVANCED_FACE('',(#3962),#3976,.T.);
#3962 = FACE_BOUND('',#3963,.T.);
#3963 = EDGE_LOOP('',(#3964,#3987,#4003));
#3964 = ORIENTED_EDGE('',*,*,#3965,.T.);
#3965 = EDGE_CURVE('',#3966,#3968,#3970,.T.);
#3966 = VERTEX_POINT('',#3967);
#3967 = CARTESIAN_POINT('',(5.617000102997,43.380001068115,3.));
#3968 = VERTEX_POINT('',#3969);
#3969 = CARTESIAN_POINT('',(5.283999919891,43.823001861572,3.));
#3970 = SURFACE_CURVE('',#3971,(#3975),.PCURVE_S1.);
#3971 = LINE('',#3972,#3973);
#3972 = CARTESIAN_POINT('',(5.617000102997,43.380001068115,3.));
#3973 = VECTOR('',#3974,1.);
#3974 = DIRECTION('',(-0.60086528463,0.799350304764,0.));
#3975 = PCURVE('',#3976,#3981);
#3976 = PLANE('',#3977);
#3977 = AXIS2_PLACEMENT_3D('',#3978,#3979,#3980);
#3978 = CARTESIAN_POINT('',(-3.45193708723,29.418963828156,3.));
#3979 = DIRECTION('',(0.,0.,1.));
#3980 = DIRECTION('',(1.,0.,-0.));
#3981 = DEFINITIONAL_REPRESENTATION('',(#3982),#3986);
#3982 = LINE('',#3983,#3984);
#3983 = CARTESIAN_POINT('',(9.068937190227,13.961037239959));
#3984 = VECTOR('',#3985,1.);
#3985 = DIRECTION('',(-0.60086528463,0.799350304764));
#3986 = ( GEOMETRIC_REPRESENTATION_CONTEXT(2) 
PARAMETRIC_REPRESENTATION_CONTEXT() REPRESENTATION_CONTEXT('2D SPACE',''
  ) );
#3987 = ORIENTED_EDGE('',*,*,#3988,.F.);
#3988 = EDGE_CURVE('',#3989,#3968,#3991,.T.);
#3989 = VERTEX_POINT('',#3990);
#3990 = CARTESIAN_POINT('',(-12.5,15.003000259399,3.));
#3991 = SURFACE_CURVE('',#3992,(#3996),.PCURVE_S1.);
#3992 = LINE('',#3993,#3994);
#3993 = CARTESIAN_POINT('',(-12.5,15.003000259399,3.));
#3994 = VECTOR('',#3995,1.);
#3995 = DIRECTION('',(0.525138246041,0.851016934347,0.));
#3996 = PCURVE('',#3976,#3997);
#3997 = DEFINITIONAL_REPRESENTATION('',(#3998),#4002);
#3998 = LINE('',#3999,#4000);
#3999 = CARTESIAN_POINT('',(-9.04806291277,-14.41596356875));
#4000 = VECTOR('',#4001,1.);
#4001 = DIRECTION('',(0.525138246041,0.851016934347));
#4002 = ( GEOMETRIC_REPRESENTATION_CONTEXT(2) 
PARAMETRIC_REPRESENTATION_CONTEXT() REPRESENTATION_CONTEXT('2D SPACE',''
  ) );
#4003 = ORIENTED_EDGE('',*,*,#4004,.F.);
#4004 = EDGE_CURVE('',#3966,#3989,#4005,.T.);
#4005 = SURFACE_CURVE('',#4006,(#4010),.PCURVE_S1.);
#4006 = LINE('',#4007,#4008);
#4007 = CARTESIAN_POINT('',(5.617000102997,43.380001068115,3.));
#4008 = VECTOR('',#4009,1.);
#4009 = DIRECTION('',(-0.538120307143,-0.842868041297,0.));
#4010 = PCURVE('',#3976,#4011);
#4011 = DEFINITIONAL_REPRESENTATION('',(#4012),#4016);
#4012 = LINE('',#4013,#4014);
#4013 = CARTESIAN_POINT('',(9.068937190227,13.961037239959));
#4014 = VECTOR('',#4015,1.);
#4015 = DIRECTION('',(-0.538120307143,-0.842868041297));
#4016 = ( GEOMETRIC_REPRESENTATION_CONTEXT(2) 
PARAMETRIC_REPRESENTATION_CONTEXT() REPRESENTATION_CONTEXT('2D SPACE',''
  ) );
#4017 = SHELL_BASED_SURFACE_MODEL('',(#4018));
#4018 = OPEN_SHELL('',(#4019));
#4019 = ADVANCED_FACE('',(#4020),#4034,.T.);
#4020 = FACE_BOUND('',#4021,.T.);
#4021 = EDGE_LOOP('',(#4022,#4045,#4061));
#4022 = ORIENTED_EDGE('',*,*,#4023,.F.);
#4023 = EDGE_CURVE('',#4024,#4026,#4028,.T.);
#4024 = VERTEX_POINT('',#4025);
#4025 = CARTESIAN_POINT('',(-17.,52.,3.));
#4026 = VERTEX_POINT('',#4027);
#4027 = CARTESIAN_POINT('',(5.071000099182,44.381000518799,3.));
#4028 = SURFACE_CURVE('',#4029,(#4033),.PCURVE_S1.);
#4029 = LINE('',#4030,#4031);
#4030 = CARTESIAN_POINT('',(-17.,52.,3.));
#4031 = VECTOR('',#4032,1.);
#4032 = DIRECTION('',(0.945263247654,-0.326308738214,0.));
#4033 = PCURVE('',#4034,#4039);
#4034 = PLANE('',#4035);
#4035 = AXIS2_PLACEMENT_3D('',#4036,#4037,#4038);
#4036 = CARTESIAN_POINT('',(-8.604567338454,35.742594888961,3.));
#4037 = DIRECTION('',(0.,0.,1.));
#4038 = DIRECTION('',(1.,0.,-0.));
#4039 = DEFINITIONAL_REPRESENTATION('',(#4040),#4044);
#4040 = LINE('',#4041,#4042);
#4041 = CARTESIAN_POINT('',(-8.395432661546,16.257405111039));
#4042 = VECTOR('',#4043,1.);
#4043 = DIRECTION('',(0.945263247654,-0.326308738214));
#4044 = ( GEOMETRIC_REPRESENTATION_CONTEXT(2) 
PARAMETRIC_REPRESENTATION_CONTEXT() REPRESENTATION_CONTEXT('2D SPACE',''
  ) );
#4045 = ORIENTED_EDGE('',*,*,#4046,.F.);
#4046 = EDGE_CURVE('',#4047,#4024,#4049,.T.);
#4047 = VERTEX_POINT('',#4048);
#4048 = CARTESIAN_POINT('',(-12.5,15.003000259399,3.));
#4049 = SURFACE_CURVE('',#4050,(#4054),.PCURVE_S1.);
#4050 = LINE('',#4051,#4052);
#4051 = CARTESIAN_POINT('',(-12.5,15.003000259399,3.));
#4052 = VECTOR('',#4053,1.);
#4053 = DIRECTION('',(-0.120741624639,0.992683967877,0.));
#4054 = PCURVE('',#4034,#4055);
#4055 = DEFINITIONAL_REPRESENTATION('',(#4056),#4060);
#4056 = LINE('',#4057,#4058);
#4057 = CARTESIAN_POINT('',(-3.895432661546,-20.73959462956));
#4058 = VECTOR('',#4059,1.);
#4059 = DIRECTION('',(-0.120741624639,0.992683967877));
#4060 = ( GEOMETRIC_REPRESENTATION_CONTEXT(2) 
PARAMETRIC_REPRESENTATION_CONTEXT() REPRESENTATION_CONTEXT('2D SPACE',''
  ) );
#4061 = ORIENTED_EDGE('',*,*,#4062,.F.);
#4062 = EDGE_CURVE('',#4026,#4047,#4063,.T.);
#4063 = SURFACE_CURVE('',#4064,(#4068),.PCURVE_S1.);
#4064 = LINE('',#4065,#4066);
#4065 = CARTESIAN_POINT('',(5.071000099182,44.381000518799,3.));
#4066 = VECTOR('',#4067,1.);
#4067 = DIRECTION('',(-0.513296670975,-0.858211237148,0.));
#4068 = PCURVE('',#4034,#4069);
#4069 = DEFINITIONAL_REPRESENTATION('',(#4070),#4074);
#4070 = LINE('',#4071,#4072);
#4071 = CARTESIAN_POINT('',(13.675567437636,8.638405629838));
#4072 = VECTOR('',#4073,1.);
#4073 = DIRECTION('',(-0.513296670975,-0.858211237148));
#4074 = ( GEOMETRIC_REPRESENTATION_CONTEXT(2) 
PARAMETRIC_REPRESENTATION_CONTEXT() REPRESENTATION_CONTEXT('2D SPACE',''
  ) );
#4075 = SHELL_BASED_SURFACE_MODEL('',(#4076));
#4076 = OPEN_SHELL('',(#4077));
#4077 = ADVANCED_FACE('',(#4078),#4092,.T.);
#4078 = FACE_BOUND('',#4079,.T.);
#4079 = EDGE_LOOP('',(#4080,#4103,#4119));
#4080 = ORIENTED_EDGE('',*,*,#4081,.T.);
#4081 = EDGE_CURVE('',#4082,#4084,#4086,.T.);
#4082 = VERTEX_POINT('',#4083);
#4083 = CARTESIAN_POINT('',(11.,42.998001098633,3.));
#4084 = VERTEX_POINT('',#4085);
#4085 = CARTESIAN_POINT('',(8.001999855042,45.,3.));
#4086 = SURFACE_CURVE('',#4087,(#4091),.PCURVE_S1.);
#4087 = LINE('',#4088,#4089);
#4088 = CARTESIAN_POINT('',(11.,42.998001098633,3.));
#4089 = VECTOR('',#4090,1.);
#4090 = DIRECTION('',(-0.831623443252,0.555339939707,0.));
#4091 = PCURVE('',#4092,#4097);
#4092 = PLANE('',#4093);
#4093 = AXIS2_PLACEMENT_3D('',#4094,#4095,#4096);
#4094 = CARTESIAN_POINT('',(9.358826818091,43.918513688578,3.));
#4095 = DIRECTION('',(0.,0.,1.));
#4096 = DIRECTION('',(1.,0.,-0.));
#4097 = DEFINITIONAL_REPRESENTATION('',(#4098),#4102);
#4098 = LINE('',#4099,#4100);
#4099 = CARTESIAN_POINT('',(1.641173181909,-0.920512589945));
#4100 = VECTOR('',#4101,1.);
#4101 = DIRECTION('',(-0.831623443252,0.555339939707));
#4102 = ( GEOMETRIC_REPRESENTATION_CONTEXT(2) 
PARAMETRIC_REPRESENTATION_CONTEXT() REPRESENTATION_CONTEXT('2D SPACE',''
  ) );
#4103 = ORIENTED_EDGE('',*,*,#4104,.T.);
#4104 = EDGE_CURVE('',#4084,#4105,#4107,.T.);
#4105 = VERTEX_POINT('',#4106);
#4106 = CARTESIAN_POINT('',(7.928999900818,44.381000518799,3.));
#4107 = SURFACE_CURVE('',#4108,(#4112),.PCURVE_S1.);
#4108 = LINE('',#4109,#4110);
#4109 = CARTESIAN_POINT('',(8.001999855042,45.,3.));
#4110 = VECTOR('',#4111,1.);
#4111 = DIRECTION('',(-0.117120529835,-0.993117707772,0.));
#4112 = PCURVE('',#4092,#4113);
#4113 = DEFINITIONAL_REPRESENTATION('',(#4114),#4118);
#4114 = LINE('',#4115,#4116);
#4115 = CARTESIAN_POINT('',(-1.356826963049,1.081486311422));
#4116 = VECTOR('',#4117,1.);
#4117 = DIRECTION('',(-0.117120529835,-0.993117707772));
#4118 = ( GEOMETRIC_REPRESENTATION_CONTEXT(2) 
PARAMETRIC_REPRESENTATION_CONTEXT() REPRESENTATION_CONTEXT('2D SPACE',''
  ) );
#4119 = ORIENTED_EDGE('',*,*,#4120,.T.);
#4120 = EDGE_CURVE('',#4105,#4082,#4121,.T.);
#4121 = SURFACE_CURVE('',#4122,(#4126),.PCURVE_S1.);
#4122 = LINE('',#4123,#4124);
#4123 = CARTESIAN_POINT('',(7.928999900818,44.381000518799,3.));
#4124 = VECTOR('',#4125,1.);
#4125 = DIRECTION('',(0.911804873228,-0.410623761072,0.));
#4126 = PCURVE('',#4092,#4127);
#4127 = DEFINITIONAL_REPRESENTATION('',(#4128),#4132);
#4128 = LINE('',#4129,#4130);
#4129 = CARTESIAN_POINT('',(-1.429826917273,0.462486830221));
#4130 = VECTOR('',#4131,1.);
#4131 = DIRECTION('',(0.911804873228,-0.410623761072));
#4132 = ( GEOMETRIC_REPRESENTATION_CONTEXT(2) 
PARAMETRIC_REPRESENTATION_CONTEXT() REPRESENTATION_CONTEXT('2D SPACE',''
  ) );
#4133 = SHELL_BASED_SURFACE_MODEL('',(#4134));
#4134 = OPEN_SHELL('',(#4135));
#4135 = ADVANCED_FACE('',(#4136),#4150,.T.);
#4136 = FACE_BOUND('',#4137,.T.);
#4137 = EDGE_LOOP('',(#4138,#4161,#4177));
#4138 = ORIENTED_EDGE('',*,*,#4139,.T.);
#4139 = EDGE_CURVE('',#4140,#4142,#4144,.T.);
#4140 = VERTEX_POINT('',#4141);
#4141 = CARTESIAN_POINT('',(7.928999900818,44.381000518799,3.));
#4142 = VERTEX_POINT('',#4143);
#4143 = CARTESIAN_POINT('',(7.716000080109,43.823001861572,3.));
#4144 = SURFACE_CURVE('',#4145,(#4149),.PCURVE_S1.);
#4145 = LINE('',#4146,#4147);
#4146 = CARTESIAN_POINT('',(7.928999900818,44.381000518799,3.));
#4147 = VECTOR('',#4148,1.);
#4148 = DIRECTION('',(-0.356622346698,-0.934248629561,0.));
#4149 = PCURVE('',#4150,#4155);
#4150 = PLANE('',#4151);
#4151 = AXIS2_PLACEMENT_3D('',#4152,#4153,#4154);
#4152 = CARTESIAN_POINT('',(9.282039707235,43.594507549297,3.));
#4153 = DIRECTION('',(0.,0.,1.));
#4154 = DIRECTION('',(1.,0.,-0.));
#4155 = DEFINITIONAL_REPRESENTATION('',(#4156),#4160);
#4156 = LINE('',#4157,#4158);
#4157 = CARTESIAN_POINT('',(-1.353039806417,0.786492969502));
#4158 = VECTOR('',#4159,1.);
#4159 = DIRECTION('',(-0.356622346698,-0.934248629561));
#4160 = ( GEOMETRIC_REPRESENTATION_CONTEXT(2) 
PARAMETRIC_REPRESENTATION_CONTEXT() REPRESENTATION_CONTEXT('2D SPACE',''
  ) );
#4161 = ORIENTED_EDGE('',*,*,#4162,.T.);
#4162 = EDGE_CURVE('',#4142,#4163,#4165,.T.);
#4163 = VERTEX_POINT('',#4164);
#4164 = CARTESIAN_POINT('',(11.,42.998001098633,3.));
#4165 = SURFACE_CURVE('',#4166,(#4170),.PCURVE_S1.);
#4166 = LINE('',#4167,#4168);
#4167 = CARTESIAN_POINT('',(7.716000080109,43.823001861572,3.));
#4168 = VECTOR('',#4169,1.);
#4169 = DIRECTION('',(0.96986385069,-0.243647514094,0.));
#4170 = PCURVE('',#4150,#4171);
#4171 = DEFINITIONAL_REPRESENTATION('',(#4172),#4176);
#4172 = LINE('',#4173,#4174);
#4173 = CARTESIAN_POINT('',(-1.566039627126,0.228494312276));
#4174 = VECTOR('',#4175,1.);
#4175 = DIRECTION('',(0.96986385069,-0.243647514094));
#4176 = ( GEOMETRIC_REPRESENTATION_CONTEXT(2) 
PARAMETRIC_REPRESENTATION_CONTEXT() REPRESENTATION_CONTEXT('2D SPACE',''
  ) );
#4177 = ORIENTED_EDGE('',*,*,#4178,.F.);
#4178 = EDGE_CURVE('',#4140,#4163,#4179,.T.);
#4179 = SURFACE_CURVE('',#4180,(#4184),.PCURVE_S1.);
#4180 = LINE('',#4181,#4182);
#4181 = CARTESIAN_POINT('',(7.928999900818,44.381000518799,3.));
#4182 = VECTOR('',#4183,1.);
#4183 = DIRECTION('',(0.911804873228,-0.410623761072,0.));
#4184 = PCURVE('',#4150,#4185);
#4185 = DEFINITIONAL_REPRESENTATION('',(#4186),#4190);
#4186 = LINE('',#4187,#4188);
#4187 = CARTESIAN_POINT('',(-1.353039806417,0.786492969502));
#4188 = VECTOR('',#4189,1.);
#4189 = DIRECTION('',(0.911804873228,-0.410623761072));
#4190 = ( GEOMETRIC_REPRESENTATION_CONTEXT(2) 
PARAMETRIC_REPRESENTATION_CONTEXT() REPRESENTATION_CONTEXT('2D SPACE',''
  ) );
#4191 = SHELL_BASED_SURFACE_MODEL('',(#4192));
#4192 = OPEN_SHELL('',(#4193));
#4193 = ADVANCED_FACE('',(#4194),#4208,.T.);
#4194 = FACE_BOUND('',#4195,.T.);
#4195 = EDGE_LOOP('',(#4196,#4219,#4235));
#4196 = ORIENTED_EDGE('',*,*,#4197,.F.);
#4197 = EDGE_CURVE('',#4198,#4200,#4202,.T.);
#4198 = VERTEX_POINT('',#4199);
#4199 = CARTESIAN_POINT('',(11.,42.998001098633,3.));
#4200 = VERTEX_POINT('',#4201);
#4201 = CARTESIAN_POINT('',(7.382999897003,43.380001068115,3.));
#4202 = SURFACE_CURVE('',#4203,(#4207),.PCURVE_S1.);
#4203 = LINE('',#4204,#4205);
#4204 = CARTESIAN_POINT('',(11.,42.998001098633,3.));
#4205 = VECTOR('',#4206,1.);
#4206 = DIRECTION('',(-0.994469237889,0.105028257591,0.));
#4207 = PCURVE('',#4208,#4213);
#4208 = PLANE('',#4209);
#4209 = AXIS2_PLACEMENT_3D('',#4210,#4211,#4212);
#4210 = CARTESIAN_POINT('',(9.145808332162,43.318151331004,3.));
#4211 = DIRECTION('',(0.,0.,1.));
#4212 = DIRECTION('',(1.,0.,-0.));
#4213 = DEFINITIONAL_REPRESENTATION('',(#4214),#4218);
#4214 = LINE('',#4215,#4216);
#4215 = CARTESIAN_POINT('',(1.854191667838,-0.320150232371));
#4216 = VECTOR('',#4217,1.);
#4217 = DIRECTION('',(-0.994469237889,0.105028257591));
#4218 = ( GEOMETRIC_REPRESENTATION_CONTEXT(2) 
PARAMETRIC_REPRESENTATION_CONTEXT() REPRESENTATION_CONTEXT('2D SPACE',''
  ) );
#4219 = ORIENTED_EDGE('',*,*,#4220,.F.);
#4220 = EDGE_CURVE('',#4221,#4198,#4223,.T.);
#4221 = VERTEX_POINT('',#4222);
#4222 = CARTESIAN_POINT('',(7.716000080109,43.823001861572,3.));
#4223 = SURFACE_CURVE('',#4224,(#4228),.PCURVE_S1.);
#4224 = LINE('',#4225,#4226);
#4225 = CARTESIAN_POINT('',(7.716000080109,43.823001861572,3.));
#4226 = VECTOR('',#4227,1.);
#4227 = DIRECTION('',(0.96986385069,-0.243647514094,0.));
#4228 = PCURVE('',#4208,#4229);
#4229 = DEFINITIONAL_REPRESENTATION('',(#4230),#4234);
#4230 = LINE('',#4231,#4232);
#4231 = CARTESIAN_POINT('',(-1.429808252054,0.504850530568));
#4232 = VECTOR('',#4233,1.);
#4233 = DIRECTION('',(0.96986385069,-0.243647514094));
#4234 = ( GEOMETRIC_REPRESENTATION_CONTEXT(2) 
PARAMETRIC_REPRESENTATION_CONTEXT() REPRESENTATION_CONTEXT('2D SPACE',''
  ) );
#4235 = ORIENTED_EDGE('',*,*,#4236,.F.);
#4236 = EDGE_CURVE('',#4200,#4221,#4237,.T.);
#4237 = SURFACE_CURVE('',#4238,(#4242),.PCURVE_S1.);
#4238 = LINE('',#4239,#4240);
#4239 = CARTESIAN_POINT('',(7.382999897003,43.380001068115,3.));
#4240 = VECTOR('',#4241,1.);
#4241 = DIRECTION('',(0.60086528463,0.799350304764,0.));
#4242 = PCURVE('',#4208,#4243);
#4243 = DEFINITIONAL_REPRESENTATION('',(#4244),#4248);
#4244 = LINE('',#4245,#4246);
#4245 = CARTESIAN_POINT('',(-1.762808435159,6.18497371112E-02));
#4246 = VECTOR('',#4247,1.);
#4247 = DIRECTION('',(0.60086528463,0.799350304764));
#4248 = ( GEOMETRIC_REPRESENTATION_CONTEXT(2) 
PARAMETRIC_REPRESENTATION_CONTEXT() REPRESENTATION_CONTEXT('2D SPACE',''
  ) );
#4249 = SHELL_BASED_SURFACE_MODEL('',(#4250));
#4250 = OPEN_SHELL('',(#4251));
#4251 = ADVANCED_FACE('',(#4252),#4266,.T.);
#4252 = FACE_BOUND('',#4253,.T.);
#4253 = EDGE_LOOP('',(#4254,#4277,#4293));
#4254 = ORIENTED_EDGE('',*,*,#4255,.F.);
#4255 = EDGE_CURVE('',#4256,#4258,#4260,.T.);
#4256 = VERTEX_POINT('',#4257);
#4257 = CARTESIAN_POINT('',(6.964000225067,43.096000671387,3.));
#4258 = VERTEX_POINT('',#4259);
#4259 = CARTESIAN_POINT('',(7.382999897003,43.380001068115,3.));
#4260 = SURFACE_CURVE('',#4261,(#4265),.PCURVE_S1.);
#4261 = LINE('',#4262,#4263);
#4262 = CARTESIAN_POINT('',(6.964000225067,43.096000671387,3.));
#4263 = VECTOR('',#4264,1.);
#4264 = DIRECTION('',(0.82777013603,0.561067377324,0.));
#4265 = PCURVE('',#4266,#4271);
#4266 = PLANE('',#4267);
#4267 = AXIS2_PLACEMENT_3D('',#4268,#4269,#4270);
#4268 = CARTESIAN_POINT('',(3.11591688645,25.243458704954,3.));
#4269 = DIRECTION('',(0.,0.,1.));
#4270 = DIRECTION('',(1.,0.,-0.));
#4271 = DEFINITIONAL_REPRESENTATION('',(#4272),#4276);
#4272 = LINE('',#4273,#4274);
#4273 = CARTESIAN_POINT('',(3.848083338617,17.852541966433));
#4274 = VECTOR('',#4275,1.);
#4275 = DIRECTION('',(0.82777013603,0.561067377324));
#4276 = ( GEOMETRIC_REPRESENTATION_CONTEXT(2) 
PARAMETRIC_REPRESENTATION_CONTEXT() REPRESENTATION_CONTEXT('2D SPACE',''
  ) );
#4277 = ORIENTED_EDGE('',*,*,#4278,.T.);
#4278 = EDGE_CURVE('',#4256,#4279,#4281,.T.);
#4279 = VERTEX_POINT('',#4280);
#4280 = CARTESIAN_POINT('',(-0.998000025749,7.002999782562,3.));
#4281 = SURFACE_CURVE('',#4282,(#4286),.PCURVE_S1.);
#4282 = LINE('',#4283,#4284);
#4283 = CARTESIAN_POINT('',(6.964000225067,43.096000671387,3.));
#4284 = VECTOR('',#4285,1.);
#4285 = DIRECTION('',(-0.215417625055,-0.97652201553,0.));
#4286 = PCURVE('',#4266,#4287);
#4287 = DEFINITIONAL_REPRESENTATION('',(#4288),#4292);
#4288 = LINE('',#4289,#4290);
#4289 = CARTESIAN_POINT('',(3.848083338617,17.852541966433));
#4290 = VECTOR('',#4291,1.);
#4291 = DIRECTION('',(-0.215417625055,-0.97652201553));
#4292 = ( GEOMETRIC_REPRESENTATION_CONTEXT(2) 
PARAMETRIC_REPRESENTATION_CONTEXT() REPRESENTATION_CONTEXT('2D SPACE',''
  ) );
#4293 = ORIENTED_EDGE('',*,*,#4294,.F.);
#4294 = EDGE_CURVE('',#4258,#4279,#4295,.T.);
#4295 = SURFACE_CURVE('',#4296,(#4300),.PCURVE_S1.);
#4296 = LINE('',#4297,#4298);
#4297 = CARTESIAN_POINT('',(7.382999897003,43.380001068115,3.));
#4298 = VECTOR('',#4299,1.);
#4299 = DIRECTION('',(-0.224511237258,-0.974471500017,0.));
#4300 = PCURVE('',#4266,#4301);
#4301 = DEFINITIONAL_REPRESENTATION('',(#4302),#4306);
#4302 = LINE('',#4303,#4304);
#4303 = CARTESIAN_POINT('',(4.267083010553,18.136542363161));
#4304 = VECTOR('',#4305,1.);
#4305 = DIRECTION('',(-0.224511237258,-0.974471500017));
#4306 = ( GEOMETRIC_REPRESENTATION_CONTEXT(2) 
PARAMETRIC_REPRESENTATION_CONTEXT() REPRESENTATION_CONTEXT('2D SPACE',''
  ) );
#4307 = SHELL_BASED_SURFACE_MODEL('',(#4308));
#4308 = OPEN_SHELL('',(#4309));
#4309 = ADVANCED_FACE('',(#4310),#4324,.T.);
#4310 = FACE_BOUND('',#4311,.T.);
#4311 = EDGE_LOOP('',(#4312,#4335,#4351));
#4312 = ORIENTED_EDGE('',*,*,#4313,.T.);
#4313 = EDGE_CURVE('',#4314,#4316,#4318,.T.);
#4314 = VERTEX_POINT('',#4315);
#4315 = CARTESIAN_POINT('',(6.964000225067,43.096000671387,3.));
#4316 = VERTEX_POINT('',#4317);
#4317 = CARTESIAN_POINT('',(6.5,42.998001098633,3.));
#4318 = SURFACE_CURVE('',#4319,(#4323),.PCURVE_S1.);
#4319 = LINE('',#4320,#4321);
#4320 = CARTESIAN_POINT('',(6.964000225067,43.096000671387,3.));
#4321 = VECTOR('',#4322,1.);
#4322 = DIRECTION('',(-0.97841554176,-0.206647108963,0.));
#4323 = PCURVE('',#4324,#4329);
#4324 = PLANE('',#4325);
#4325 = AXIS2_PLACEMENT_3D('',#4326,#4327,#4328);
#4326 = CARTESIAN_POINT('',(2.892003528083,25.14024445236,3.));
#4327 = DIRECTION('',(0.,0.,1.));
#4328 = DIRECTION('',(1.,0.,-0.));
#4329 = DEFINITIONAL_REPRESENTATION('',(#4330),#4334);
#4330 = LINE('',#4331,#4332);
#4331 = CARTESIAN_POINT('',(4.071996696984,17.955756219027));
#4332 = VECTOR('',#4333,1.);
#4333 = DIRECTION('',(-0.97841554176,-0.206647108963));
#4334 = ( GEOMETRIC_REPRESENTATION_CONTEXT(2) 
PARAMETRIC_REPRESENTATION_CONTEXT() REPRESENTATION_CONTEXT('2D SPACE',''
  ) );
#4335 = ORIENTED_EDGE('',*,*,#4336,.F.);
#4336 = EDGE_CURVE('',#4337,#4316,#4339,.T.);
#4337 = VERTEX_POINT('',#4338);
#4338 = CARTESIAN_POINT('',(-0.998000025749,7.002999782562,3.));
#4339 = SURFACE_CURVE('',#4340,(#4344),.PCURVE_S1.);
#4340 = LINE('',#4341,#4342);
#4341 = CARTESIAN_POINT('',(-0.998000025749,7.002999782562,3.));
#4342 = VECTOR('',#4343,1.);
#4343 = DIRECTION('',(0.203929267208,0.97898562501,0.));
#4344 = PCURVE('',#4324,#4345);
#4345 = DEFINITIONAL_REPRESENTATION('',(#4346),#4350);
#4346 = LINE('',#4347,#4348);
#4347 = CARTESIAN_POINT('',(-3.890003553833,-18.13724466979));
#4348 = VECTOR('',#4349,1.);
#4349 = DIRECTION('',(0.203929267208,0.97898562501));
#4350 = ( GEOMETRIC_REPRESENTATION_CONTEXT(2) 
PARAMETRIC_REPRESENTATION_CONTEXT() REPRESENTATION_CONTEXT('2D SPACE',''
  ) );
#4351 = ORIENTED_EDGE('',*,*,#4352,.F.);
#4352 = EDGE_CURVE('',#4314,#4337,#4353,.T.);
#4353 = SURFACE_CURVE('',#4354,(#4358),.PCURVE_S1.);
#4354 = LINE('',#4355,#4356);
#4355 = CARTESIAN_POINT('',(6.964000225067,43.096000671387,3.));
#4356 = VECTOR('',#4357,1.);
#4357 = DIRECTION('',(-0.215417625055,-0.97652201553,0.));
#4358 = PCURVE('',#4324,#4359);
#4359 = DEFINITIONAL_REPRESENTATION('',(#4360),#4364);
#4360 = LINE('',#4361,#4362);
#4361 = CARTESIAN_POINT('',(4.071996696984,17.955756219027));
#4362 = VECTOR('',#4363,1.);
#4363 = DIRECTION('',(-0.215417625055,-0.97652201553));
#4364 = ( GEOMETRIC_REPRESENTATION_CONTEXT(2) 
PARAMETRIC_REPRESENTATION_CONTEXT() REPRESENTATION_CONTEXT('2D SPACE',''
  ) );
#4365 = SHELL_BASED_SURFACE_MODEL('',(#4366));
#4366 = OPEN_SHELL('',(#4367));
#4367 = ADVANCED_FACE('',(#4368),#4382,.T.);
#4368 = FACE_BOUND('',#4369,.T.);
#4369 = EDGE_LOOP('',(#4370,#4393,#4409));
#4370 = ORIENTED_EDGE('',*,*,#4371,.F.);
#4371 = EDGE_CURVE('',#4372,#4374,#4376,.T.);
#4372 = VERTEX_POINT('',#4373);
#4373 = CARTESIAN_POINT('',(4.998000144958,45.,3.));
#4374 = VERTEX_POINT('',#4375);
#4375 = CARTESIAN_POINT('',(-17.,52.,3.));
#4376 = SURFACE_CURVE('',#4377,(#4381),.PCURVE_S1.);
#4377 = LINE('',#4378,#4379);
#4378 = CARTESIAN_POINT('',(4.998000144958,45.,3.));
#4379 = VECTOR('',#4380,1.);
#4380 = DIRECTION('',(-0.952917815531,0.30322868737,0.));
#4381 = PCURVE('',#4382,#4387);
#4382 = PLANE('',#4383);
#4383 = AXIS2_PLACEMENT_3D('',#4384,#4385,#4386);
#4384 = CARTESIAN_POINT('',(-5.835696122229,48.609721180417,3.));
#4385 = DIRECTION('',(0.,0.,1.));
#4386 = DIRECTION('',(1.,0.,-0.));
#4387 = DEFINITIONAL_REPRESENTATION('',(#4388),#4392);
#4388 = LINE('',#4389,#4390);
#4389 = CARTESIAN_POINT('',(10.833696267188,-3.609721180417));
#4390 = VECTOR('',#4391,1.);
#4391 = DIRECTION('',(-0.952917815531,0.30322868737));
#4392 = ( GEOMETRIC_REPRESENTATION_CONTEXT(2) 
PARAMETRIC_REPRESENTATION_CONTEXT() REPRESENTATION_CONTEXT('2D SPACE',''
  ) );
#4393 = ORIENTED_EDGE('',*,*,#4394,.T.);
#4394 = EDGE_CURVE('',#4372,#4395,#4397,.T.);
#4395 = VERTEX_POINT('',#4396);
#4396 = CARTESIAN_POINT('',(5.071000099182,45.618999481201,3.));
#4397 = SURFACE_CURVE('',#4398,(#4402),.PCURVE_S1.);
#4398 = LINE('',#4399,#4400);
#4399 = CARTESIAN_POINT('',(4.998000144958,45.,3.));
#4400 = VECTOR('',#4401,1.);
#4401 = DIRECTION('',(0.117120529835,0.993117707772,0.));
#4402 = PCURVE('',#4382,#4403);
#4403 = DEFINITIONAL_REPRESENTATION('',(#4404),#4408);
#4404 = LINE('',#4405,#4406);
#4405 = CARTESIAN_POINT('',(10.833696267188,-3.609721180417));
#4406 = VECTOR('',#4407,1.);
#4407 = DIRECTION('',(0.117120529835,0.993117707772));
#4408 = ( GEOMETRIC_REPRESENTATION_CONTEXT(2) 
PARAMETRIC_REPRESENTATION_CONTEXT() REPRESENTATION_CONTEXT('2D SPACE',''
  ) );
#4409 = ORIENTED_EDGE('',*,*,#4410,.T.);
#4410 = EDGE_CURVE('',#4395,#4374,#4411,.T.);
#4411 = SURFACE_CURVE('',#4412,(#4416),.PCURVE_S1.);
#4412 = LINE('',#4413,#4414);
#4413 = CARTESIAN_POINT('',(5.071000099182,45.618999481201,3.));
#4414 = VECTOR('',#4415,1.);
#4415 = DIRECTION('',(-0.960656902685,0.277737853603,0.));
#4416 = PCURVE('',#4382,#4417);
#4417 = DEFINITIONAL_REPRESENTATION('',(#4418),#4422);
#4418 = LINE('',#4419,#4420);
#4419 = CARTESIAN_POINT('',(10.906696221411,-2.990721699216));
#4420 = VECTOR('',#4421,1.);
#4421 = DIRECTION('',(-0.960656902685,0.277737853603));
#4422 = ( GEOMETRIC_REPRESENTATION_CONTEXT(2) 
PARAMETRIC_REPRESENTATION_CONTEXT() REPRESENTATION_CONTEXT('2D SPACE',''
  ) );
#4423 = SHELL_BASED_SURFACE_MODEL('',(#4424));
#4424 = OPEN_SHELL('',(#4425));
#4425 = ADVANCED_FACE('',(#4426),#4440,.T.);
#4426 = FACE_BOUND('',#4427,.T.);
#4427 = EDGE_LOOP('',(#4428,#4451,#4467));
#4428 = ORIENTED_EDGE('',*,*,#4429,.T.);
#4429 = EDGE_CURVE('',#4430,#4432,#4434,.T.);
#4430 = VERTEX_POINT('',#4431);
#4431 = CARTESIAN_POINT('',(5.071000099182,45.618999481201,3.));
#4432 = VERTEX_POINT('',#4433);
#4433 = CARTESIAN_POINT('',(5.283999919891,46.176998138428,3.));
#4434 = SURFACE_CURVE('',#4435,(#4439),.PCURVE_S1.);
#4435 = LINE('',#4436,#4437);
#4436 = CARTESIAN_POINT('',(5.071000099182,45.618999481201,3.));
#4437 = VECTOR('',#4438,1.);
#4438 = DIRECTION('',(0.356622346698,0.934248629561,0.));
#4439 = PCURVE('',#4440,#4445);
#4440 = PLANE('',#4441);
#4441 = AXIS2_PLACEMENT_3D('',#4442,#4443,#4444);
#4442 = CARTESIAN_POINT('',(-5.769073961205,48.910070195405,3.));
#4443 = DIRECTION('',(0.,0.,1.));
#4444 = DIRECTION('',(1.,0.,-0.));
#4445 = DEFINITIONAL_REPRESENTATION('',(#4446),#4450);
#4446 = LINE('',#4447,#4448);
#4447 = CARTESIAN_POINT('',(10.840074060387,-3.291070714203));
#4448 = VECTOR('',#4449,1.);
#4449 = DIRECTION('',(0.356622346698,0.934248629561));
#4450 = ( GEOMETRIC_REPRESENTATION_CONTEXT(2) 
PARAMETRIC_REPRESENTATION_CONTEXT() REPRESENTATION_CONTEXT('2D SPACE',''
  ) );
#4451 = ORIENTED_EDGE('',*,*,#4452,.T.);
#4452 = EDGE_CURVE('',#4432,#4453,#4455,.T.);
#4453 = VERTEX_POINT('',#4454);
#4454 = CARTESIAN_POINT('',(-17.,52.,3.));
#4455 = SURFACE_CURVE('',#4456,(#4460),.PCURVE_S1.);
#4456 = LINE('',#4457,#4458);
#4457 = CARTESIAN_POINT('',(5.283999919891,46.176998138428,3.));
#4458 = VECTOR('',#4459,1.);
#4459 = DIRECTION('',(-0.967513429984,0.252819625029,0.));
#4460 = PCURVE('',#4440,#4461);
#4461 = DEFINITIONAL_REPRESENTATION('',(#4462),#4466);
#4462 = LINE('',#4463,#4464);
#4463 = CARTESIAN_POINT('',(11.053073881096,-2.733072056977));
#4464 = VECTOR('',#4465,1.);
#4465 = DIRECTION('',(-0.967513429984,0.252819625029));
#4466 = ( GEOMETRIC_REPRESENTATION_CONTEXT(2) 
PARAMETRIC_REPRESENTATION_CONTEXT() REPRESENTATION_CONTEXT('2D SPACE',''
  ) );
#4467 = ORIENTED_EDGE('',*,*,#4468,.F.);
#4468 = EDGE_CURVE('',#4430,#4453,#4469,.T.);
#4469 = SURFACE_CURVE('',#4470,(#4474),.PCURVE_S1.);
#4470 = LINE('',#4471,#4472);
#4471 = CARTESIAN_POINT('',(5.071000099182,45.618999481201,3.));
#4472 = VECTOR('',#4473,1.);
#4473 = DIRECTION('',(-0.960656902685,0.277737853603,0.));
#4474 = PCURVE('',#4440,#4475);
#4475 = DEFINITIONAL_REPRESENTATION('',(#4476),#4480);
#4476 = LINE('',#4477,#4478);
#4477 = CARTESIAN_POINT('',(10.840074060387,-3.291070714203));
#4478 = VECTOR('',#4479,1.);
#4479 = DIRECTION('',(-0.960656902685,0.277737853603));
#4480 = ( GEOMETRIC_REPRESENTATION_CONTEXT(2) 
PARAMETRIC_REPRESENTATION_CONTEXT() REPRESENTATION_CONTEXT('2D SPACE',''
  ) );
#4481 = SHELL_BASED_SURFACE_MODEL('',(#4482));
#4482 = OPEN_SHELL('',(#4483));
#4483 = ADVANCED_FACE('',(#4484),#4498,.T.);
#4484 = FACE_BOUND('',#4485,.T.);
#4485 = EDGE_LOOP('',(#4486,#4509,#4525));
#4486 = ORIENTED_EDGE('',*,*,#4487,.T.);
#4487 = EDGE_CURVE('',#4488,#4490,#4492,.T.);
#4488 = VERTEX_POINT('',#4489);
#4489 = CARTESIAN_POINT('',(5.283999919891,46.176998138428,3.));
#4490 = VERTEX_POINT('',#4491);
#4491 = CARTESIAN_POINT('',(5.617000102997,46.619998931885,3.));
#4492 = SURFACE_CURVE('',#4493,(#4497),.PCURVE_S1.);
#4493 = LINE('',#4494,#4495);
#4494 = CARTESIAN_POINT('',(5.283999919891,46.176998138428,3.));
#4495 = VECTOR('',#4496,1.);
#4496 = DIRECTION('',(0.60086528463,0.799350304764,0.));
#4497 = PCURVE('',#4498,#4503);
#4498 = PLANE('',#4499);
#4499 = AXIS2_PLACEMENT_3D('',#4500,#4501,#4502);
#4500 = CARTESIAN_POINT('',(-5.641535976346,49.166617889515,3.));
#4501 = DIRECTION('',(0.,0.,1.));
#4502 = DIRECTION('',(1.,0.,-0.));
#4503 = DEFINITIONAL_REPRESENTATION('',(#4504),#4508);
#4504 = LINE('',#4505,#4506);
#4505 = CARTESIAN_POINT('',(10.925535896238,-2.989619751088));
#4506 = VECTOR('',#4507,1.);
#4507 = DIRECTION('',(0.60086528463,0.799350304764));
#4508 = ( GEOMETRIC_REPRESENTATION_CONTEXT(2) 
PARAMETRIC_REPRESENTATION_CONTEXT() REPRESENTATION_CONTEXT('2D SPACE',''
  ) );
#4509 = ORIENTED_EDGE('',*,*,#4510,.T.);
#4510 = EDGE_CURVE('',#4490,#4511,#4513,.T.);
#4511 = VERTEX_POINT('',#4512);
#4512 = CARTESIAN_POINT('',(-17.,52.,3.));
#4513 = SURFACE_CURVE('',#4514,(#4518),.PCURVE_S1.);
#4514 = LINE('',#4515,#4516);
#4515 = CARTESIAN_POINT('',(5.617000102997,46.619998931885,3.));
#4516 = VECTOR('',#4517,1.);
#4517 = DIRECTION('',(-0.972854643615,0.231417031345,0.));
#4518 = PCURVE('',#4498,#4519);
#4519 = DEFINITIONAL_REPRESENTATION('',(#4520),#4524);
#4520 = LINE('',#4521,#4522);
#4521 = CARTESIAN_POINT('',(11.258536079343,-2.546618957631));
#4522 = VECTOR('',#4523,1.);
#4523 = DIRECTION('',(-0.972854643615,0.231417031345));
#4524 = ( GEOMETRIC_REPRESENTATION_CONTEXT(2) 
PARAMETRIC_REPRESENTATION_CONTEXT() REPRESENTATION_CONTEXT('2D SPACE',''
  ) );
#4525 = ORIENTED_EDGE('',*,*,#4526,.F.);
#4526 = EDGE_CURVE('',#4488,#4511,#4527,.T.);
#4527 = SURFACE_CURVE('',#4528,(#4532),.PCURVE_S1.);
#4528 = LINE('',#4529,#4530);
#4529 = CARTESIAN_POINT('',(5.283999919891,46.176998138428,3.));
#4530 = VECTOR('',#4531,1.);
#4531 = DIRECTION('',(-0.967513429984,0.252819625029,0.));
#4532 = PCURVE('',#4498,#4533);
#4533 = DEFINITIONAL_REPRESENTATION('',(#4534),#4538);
#4534 = LINE('',#4535,#4536);
#4535 = CARTESIAN_POINT('',(10.925535896238,-2.989619751088));
#4536 = VECTOR('',#4537,1.);
#4537 = DIRECTION('',(-0.967513429984,0.252819625029));
#4538 = ( GEOMETRIC_REPRESENTATION_CONTEXT(2) 
PARAMETRIC_REPRESENTATION_CONTEXT() REPRESENTATION_CONTEXT('2D SPACE',''
  ) );
#4539 = SHELL_BASED_SURFACE_MODEL('',(#4540));
#4540 = OPEN_SHELL('',(#4541));
#4541 = ADVANCED_FACE('',(#4542),#4556,.T.);
#4542 = FACE_BOUND('',#4543,.T.);
#4543 = EDGE_LOOP('',(#4544,#4567,#4583));
#4544 = ORIENTED_EDGE('',*,*,#4545,.T.);
#4545 = EDGE_CURVE('',#4546,#4548,#4550,.T.);
#4546 = VERTEX_POINT('',#4547);
#4547 = CARTESIAN_POINT('',(5.617000102997,46.619998931885,3.));
#4548 = VERTEX_POINT('',#4549);
#4549 = CARTESIAN_POINT('',(6.035999774933,46.903999328613,3.));
#4550 = SURFACE_CURVE('',#4551,(#4555),.PCURVE_S1.);
#4551 = LINE('',#4552,#4553);
#4552 = CARTESIAN_POINT('',(5.617000102997,46.619998931885,3.));
#4553 = VECTOR('',#4554,1.);
#4554 = DIRECTION('',(0.82777013603,0.561067377324,0.));
#4555 = PCURVE('',#4556,#4561);
#4556 = PLANE('',#4557);
#4557 = AXIS2_PLACEMENT_3D('',#4558,#4559,#4560);
#4558 = CARTESIAN_POINT('',(-5.46397044116,49.353517519695,3.));
#4559 = DIRECTION('',(0.,0.,1.));
#4560 = DIRECTION('',(1.,0.,-0.));
#4561 = DEFINITIONAL_REPRESENTATION('',(#4562),#4566);
#4562 = LINE('',#4563,#4564);
#4563 = CARTESIAN_POINT('',(11.080970544157,-2.73351858781));
#4564 = VECTOR('',#4565,1.);
#4565 = DIRECTION('',(0.82777013603,0.561067377324));
#4566 = ( GEOMETRIC_REPRESENTATION_CONTEXT(2) 
PARAMETRIC_REPRESENTATION_CONTEXT() REPRESENTATION_CONTEXT('2D SPACE',''
  ) );
#4567 = ORIENTED_EDGE('',*,*,#4568,.T.);
#4568 = EDGE_CURVE('',#4548,#4569,#4571,.T.);
#4569 = VERTEX_POINT('',#4570);
#4570 = CARTESIAN_POINT('',(-17.,52.,3.));
#4571 = SURFACE_CURVE('',#4572,(#4576),.PCURVE_S1.);
#4572 = LINE('',#4573,#4574);
#4573 = CARTESIAN_POINT('',(6.035999774933,46.903999328613,3.));
#4574 = VECTOR('',#4575,1.);
#4575 = DIRECTION('',(-0.976394047396,0.21599690787,0.));
#4576 = PCURVE('',#4556,#4577);
#4577 = DEFINITIONAL_REPRESENTATION('',(#4578),#4582);
#4578 = LINE('',#4579,#4580);
#4579 = CARTESIAN_POINT('',(11.499970216093,-2.449518191082));
#4580 = VECTOR('',#4581,1.);
#4581 = DIRECTION('',(-0.976394047396,0.21599690787));
#4582 = ( GEOMETRIC_REPRESENTATION_CONTEXT(2) 
PARAMETRIC_REPRESENTATION_CONTEXT() REPRESENTATION_CONTEXT('2D SPACE',''
  ) );
#4583 = ORIENTED_EDGE('',*,*,#4584,.F.);
#4584 = EDGE_CURVE('',#4546,#4569,#4585,.T.);
#4585 = SURFACE_CURVE('',#4586,(#4590),.PCURVE_S1.);
#4586 = LINE('',#4587,#4588);
#4587 = CARTESIAN_POINT('',(5.617000102997,46.619998931885,3.));
#4588 = VECTOR('',#4589,1.);
#4589 = DIRECTION('',(-0.972854643615,0.231417031345,0.));
#4590 = PCURVE('',#4556,#4591);
#4591 = DEFINITIONAL_REPRESENTATION('',(#4592),#4596);
#4592 = LINE('',#4593,#4594);
#4593 = CARTESIAN_POINT('',(11.080970544157,-2.73351858781));
#4594 = VECTOR('',#4595,1.);
#4595 = DIRECTION('',(-0.972854643615,0.231417031345));
#4596 = ( GEOMETRIC_REPRESENTATION_CONTEXT(2) 
PARAMETRIC_REPRESENTATION_CONTEXT() REPRESENTATION_CONTEXT('2D SPACE',''
  ) );
#4597 = SHELL_BASED_SURFACE_MODEL('',(#4598));
#4598 = OPEN_SHELL('',(#4599));
#4599 = ADVANCED_FACE('',(#4600),#4614,.T.);
#4600 = FACE_BOUND('',#4601,.T.);
#4601 = EDGE_LOOP('',(#4602,#4625,#4641));
#4602 = ORIENTED_EDGE('',*,*,#4603,.T.);
#4603 = EDGE_CURVE('',#4604,#4606,#4608,.T.);
#4604 = VERTEX_POINT('',#4605);
#4605 = CARTESIAN_POINT('',(-13.38300037384,11.380000114441,0.));
#4606 = VERTEX_POINT('',#4607);
#4607 = CARTESIAN_POINT('',(-19.,2.,0.));
#4608 = SURFACE_CURVE('',#4609,(#4613),.PCURVE_S1.);
#4609 = LINE('',#4610,#4611);
#4610 = CARTESIAN_POINT('',(-13.38300037384,11.380000114441,0.));
#4611 = VECTOR('',#4612,1.);
#4612 = DIRECTION('',(-0.513755748236,-0.857936495991,0.));
#4613 = PCURVE('',#4614,#4619);
#4614 = PLANE('',#4615);
#4615 = AXIS2_PLACEMENT_3D('',#4616,#4617,#4618);
#4616 = CARTESIAN_POINT('',(-16.20885523311,6.919339218868,0.));
#4617 = DIRECTION('',(-0.,-0.,-1.));
#4618 = DIRECTION('',(-1.,0.,0.));
#4619 = DEFINITIONAL_REPRESENTATION('',(#4620),#4624);
#4620 = LINE('',#4621,#4622);
#4621 = CARTESIAN_POINT('',(-2.825854859273,4.460660895573));
#4622 = VECTOR('',#4623,1.);
#4623 = DIRECTION('',(0.513755748236,-0.857936495991));
#4624 = ( GEOMETRIC_REPRESENTATION_CONTEXT(2) 
PARAMETRIC_REPRESENTATION_CONTEXT() REPRESENTATION_CONTEXT('2D SPACE',''
  ) );
#4625 = ORIENTED_EDGE('',*,*,#4626,.T.);
#4626 = EDGE_CURVE('',#4606,#4627,#4629,.T.);
#4627 = VERTEX_POINT('',#4628);
#4628 = CARTESIAN_POINT('',(-13.71599960327,11.822999954224,0.));
#4629 = SURFACE_CURVE('',#4630,(#4634),.PCURVE_S1.);
#4630 = LINE('',#4631,#4632);
#4631 = CARTESIAN_POINT('',(-19.,2.,0.));
#4632 = VECTOR('',#4633,1.);
#4633 = DIRECTION('',(0.473730913962,0.880669643599,0.));
#4634 = PCURVE('',#4614,#4635);
#4635 = DEFINITIONAL_REPRESENTATION('',(#4636),#4640);
#4636 = LINE('',#4637,#4638);
#4637 = CARTESIAN_POINT('',(2.791144766887,-4.919339218868));
#4638 = VECTOR('',#4639,1.);
#4639 = DIRECTION('',(-0.473730913962,0.880669643599));
#4640 = ( GEOMETRIC_REPRESENTATION_CONTEXT(2) 
PARAMETRIC_REPRESENTATION_CONTEXT() REPRESENTATION_CONTEXT('2D SPACE',''
  ) );
#4641 = ORIENTED_EDGE('',*,*,#4642,.T.);
#4642 = EDGE_CURVE('',#4627,#4604,#4643,.T.);
#4643 = SURFACE_CURVE('',#4644,(#4648),.PCURVE_S1.);
#4644 = LINE('',#4645,#4646);
#4645 = CARTESIAN_POINT('',(-13.71599960327,11.822999954224,0.));
#4646 = VECTOR('',#4647,1.);
#4647 = DIRECTION('',(0.600865011607,-0.799350509993,0.));
#4648 = PCURVE('',#4614,#4649);
#4649 = DEFINITIONAL_REPRESENTATION('',(#4650),#4654);
#4650 = LINE('',#4651,#4652);
#4651 = CARTESIAN_POINT('',(-2.492855629842,4.903660735355));
#4652 = VECTOR('',#4653,1.);
#4653 = DIRECTION('',(-0.600865011607,-0.799350509993));
#4654 = ( GEOMETRIC_REPRESENTATION_CONTEXT(2) 
PARAMETRIC_REPRESENTATION_CONTEXT() REPRESENTATION_CONTEXT('2D SPACE',''
  ) );
#4655 = SHELL_BASED_SURFACE_MODEL('',(#4656));
#4656 = OPEN_SHELL('',(#4657));
#4657 = ADVANCED_FACE('',(#4658),#4672,.T.);
#4658 = FACE_BOUND('',#4659,.T.);
#4659 = EDGE_LOOP('',(#4660,#4683,#4699));
#4660 = ORIENTED_EDGE('',*,*,#4661,.T.);
#4661 = EDGE_CURVE('',#4662,#4664,#4666,.T.);
#4662 = VERTEX_POINT('',#4663);
#4663 = CARTESIAN_POINT('',(-6.002999782562,7.002999782562,0.));
#4664 = VERTEX_POINT('',#4665);
#4665 = CARTESIAN_POINT('',(-11.61699962616,11.380000114441,0.));
#4666 = SURFACE_CURVE('',#4667,(#4671),.PCURVE_S1.);
#4667 = LINE('',#4668,#4669);
#4668 = CARTESIAN_POINT('',(-6.002999782562,7.002999782562,0.));
#4669 = VECTOR('',#4670,1.);
#4670 = DIRECTION('',(-0.788633056252,0.614864133436,0.));
#4671 = PCURVE('',#4672,#4677);
#4672 = PLANE('',#4673);
#4673 = AXIS2_PLACEMENT_3D('',#4674,#4675,#4676);
#4674 = CARTESIAN_POINT('',(-8.828410942185,9.388448892785,0.));
#4675 = DIRECTION('',(-0.,-0.,-1.));
#4676 = DIRECTION('',(-1.,0.,0.));
#4677 = DEFINITIONAL_REPRESENTATION('',(#4678),#4682);
#4678 = LINE('',#4679,#4680);
#4679 = CARTESIAN_POINT('',(-2.825411159623,-2.385449110223));
#4680 = VECTOR('',#4681,1.);
#4681 = DIRECTION('',(0.788633056252,0.614864133436));
#4682 = ( GEOMETRIC_REPRESENTATION_CONTEXT(2) 
PARAMETRIC_REPRESENTATION_CONTEXT() REPRESENTATION_CONTEXT('2D SPACE',''
  ) );
#4683 = ORIENTED_EDGE('',*,*,#4684,.T.);
#4684 = EDGE_CURVE('',#4664,#4685,#4687,.T.);
#4685 = VERTEX_POINT('',#4686);
#4686 = CARTESIAN_POINT('',(-11.28400039672,11.822999954224,0.));
#4687 = SURFACE_CURVE('',#4688,(#4692),.PCURVE_S1.);
#4688 = LINE('',#4689,#4690);
#4689 = CARTESIAN_POINT('',(-11.61699962616,11.380000114441,0.));
#4690 = VECTOR('',#4691,1.);
#4691 = DIRECTION('',(0.600865011607,0.799350509993,0.));
#4692 = PCURVE('',#4672,#4693);
#4693 = DEFINITIONAL_REPRESENTATION('',(#4694),#4698);
#4694 = LINE('',#4695,#4696);
#4695 = CARTESIAN_POINT('',(2.788588683974,1.991551221656));
#4696 = VECTOR('',#4697,1.);
#4697 = DIRECTION('',(-0.600865011607,0.799350509993));
#4698 = ( GEOMETRIC_REPRESENTATION_CONTEXT(2) 
PARAMETRIC_REPRESENTATION_CONTEXT() REPRESENTATION_CONTEXT('2D SPACE',''
  ) );
#4699 = ORIENTED_EDGE('',*,*,#4700,.T.);
#4700 = EDGE_CURVE('',#4685,#4662,#4701,.T.);
#4701 = SURFACE_CURVE('',#4702,(#4706),.PCURVE_S1.);
#4702 = LINE('',#4703,#4704);
#4703 = CARTESIAN_POINT('',(-11.28400039672,11.822999954224,0.));
#4704 = VECTOR('',#4705,1.);
#4705 = DIRECTION('',(0.738609653774,-0.67413335428,0.));
#4706 = PCURVE('',#4672,#4707);
#4707 = DEFINITIONAL_REPRESENTATION('',(#4708),#4712);
#4708 = LINE('',#4709,#4710);
#4709 = CARTESIAN_POINT('',(2.455589454543,2.434551061438));
#4710 = VECTOR('',#4711,1.);
#4711 = DIRECTION('',(-0.738609653774,-0.67413335428));
#4712 = ( GEOMETRIC_REPRESENTATION_CONTEXT(2) 
PARAMETRIC_REPRESENTATION_CONTEXT() REPRESENTATION_CONTEXT('2D SPACE',''
  ) );
#4713 = SHELL_BASED_SURFACE_MODEL('',(#4714));
#4714 = OPEN_SHELL('',(#4715));
#4715 = ADVANCED_FACE('',(#4716),#4730,.T.);
#4716 = FACE_BOUND('',#4717,.T.);
#4717 = EDGE_LOOP('',(#4718,#4741,#4757));
#4718 = ORIENTED_EDGE('',*,*,#4719,.F.);
#4719 = EDGE_CURVE('',#4720,#4722,#4724,.T.);
#4720 = VERTEX_POINT('',#4721);
#4721 = CARTESIAN_POINT('',(-19.,2.,0.));
#4722 = VERTEX_POINT('',#4723);
#4723 = CARTESIAN_POINT('',(-13.71599960327,11.822999954224,0.));
#4724 = SURFACE_CURVE('',#4725,(#4729),.PCURVE_S1.);
#4725 = LINE('',#4726,#4727);
#4726 = CARTESIAN_POINT('',(-19.,2.,0.));
#4727 = VECTOR('',#4728,1.);
#4728 = DIRECTION('',(0.473730913962,0.880669643599,0.));
#4729 = PCURVE('',#4730,#4735);
#4730 = PLANE('',#4731);
#4731 = AXIS2_PLACEMENT_3D('',#4732,#4733,#4734);
#4732 = CARTESIAN_POINT('',(-16.34581571276,7.182841629492,0.));
#4733 = DIRECTION('',(-0.,-0.,-1.));
#4734 = DIRECTION('',(-1.,0.,0.));
#4735 = DEFINITIONAL_REPRESENTATION('',(#4736),#4740);
#4736 = LINE('',#4737,#4738);
#4737 = CARTESIAN_POINT('',(2.654184287238,-5.182841629492));
#4738 = VECTOR('',#4739,1.);
#4739 = DIRECTION('',(-0.473730913962,0.880669643599));
#4740 = ( GEOMETRIC_REPRESENTATION_CONTEXT(2) 
PARAMETRIC_REPRESENTATION_CONTEXT() REPRESENTATION_CONTEXT('2D SPACE',''
  ) );
#4741 = ORIENTED_EDGE('',*,*,#4742,.T.);
#4742 = EDGE_CURVE('',#4720,#4743,#4745,.T.);
#4743 = VERTEX_POINT('',#4744);
#4744 = CARTESIAN_POINT('',(-13.92899990081,12.380999565125,0.));
#4745 = SURFACE_CURVE('',#4746,(#4750),.PCURVE_S1.);
#4746 = LINE('',#4747,#4748);
#4747 = CARTESIAN_POINT('',(-19.,2.,0.));
#4748 = VECTOR('',#4749,1.);
#4749 = DIRECTION('',(0.43891983219,0.898526227169,0.));
#4750 = PCURVE('',#4730,#4751);
#4751 = DEFINITIONAL_REPRESENTATION('',(#4752),#4756);
#4752 = LINE('',#4753,#4754);
#4753 = CARTESIAN_POINT('',(2.654184287238,-5.182841629492));
#4754 = VECTOR('',#4755,1.);
#4755 = DIRECTION('',(-0.43891983219,0.898526227169));
#4756 = ( GEOMETRIC_REPRESENTATION_CONTEXT(2) 
PARAMETRIC_REPRESENTATION_CONTEXT() REPRESENTATION_CONTEXT('2D SPACE',''
  ) );
#4757 = ORIENTED_EDGE('',*,*,#4758,.T.);
#4758 = EDGE_CURVE('',#4743,#4722,#4759,.T.);
#4759 = SURFACE_CURVE('',#4760,(#4764),.PCURVE_S1.);
#4760 = LINE('',#4761,#4762);
#4761 = CARTESIAN_POINT('',(-13.92899990081,12.380999565125,0.));
#4762 = VECTOR('',#4763,1.);
#4763 = DIRECTION('',(0.356622511537,-0.934248566638,0.));
#4764 = PCURVE('',#4730,#4765);
#4765 = DEFINITIONAL_REPRESENTATION('',(#4766),#4770);
#4766 = LINE('',#4767,#4768);
#4767 = CARTESIAN_POINT('',(-2.416815811945,5.198157935632));
#4768 = VECTOR('',#4769,1.);
#4769 = DIRECTION('',(-0.356622511537,-0.934248566638));
#4770 = ( GEOMETRIC_REPRESENTATION_CONTEXT(2) 
PARAMETRIC_REPRESENTATION_CONTEXT() REPRESENTATION_CONTEXT('2D SPACE',''
  ) );
#4771 = SHELL_BASED_SURFACE_MODEL('',(#4772));
#4772 = OPEN_SHELL('',(#4773));
#4773 = ADVANCED_FACE('',(#4774),#4788,.T.);
#4774 = FACE_BOUND('',#4775,.T.);
#4775 = EDGE_LOOP('',(#4776,#4799,#4815));
#4776 = ORIENTED_EDGE('',*,*,#4777,.T.);
#4777 = EDGE_CURVE('',#4778,#4780,#4782,.T.);
#4778 = VERTEX_POINT('',#4779);
#4779 = CARTESIAN_POINT('',(-19.,2.,0.));
#4780 = VERTEX_POINT('',#4781);
#4781 = CARTESIAN_POINT('',(-14.00300025939,13.,0.));
#4782 = SURFACE_CURVE('',#4783,(#4787),.PCURVE_S1.);
#4783 = LINE('',#4784,#4785);
#4784 = CARTESIAN_POINT('',(-19.,2.,0.));
#4785 = VECTOR('',#4786,1.);
#4786 = DIRECTION('',(0.413597127028,0.910460002699,0.));
#4787 = PCURVE('',#4788,#4793);
#4788 = PLANE('',#4789);
#4789 = AXIS2_PLACEMENT_3D('',#4790,#4791,#4792);
#4790 = CARTESIAN_POINT('',(-16.41872001705,7.485985615811,0.));
#4791 = DIRECTION('',(-0.,-0.,-1.));
#4792 = DIRECTION('',(-1.,0.,0.));
#4793 = DEFINITIONAL_REPRESENTATION('',(#4794),#4798);
#4794 = LINE('',#4795,#4796);
#4795 = CARTESIAN_POINT('',(2.58127998295,-5.485985615811));
#4796 = VECTOR('',#4797,1.);
#4797 = DIRECTION('',(-0.413597127028,0.910460002699));
#4798 = ( GEOMETRIC_REPRESENTATION_CONTEXT(2) 
PARAMETRIC_REPRESENTATION_CONTEXT() REPRESENTATION_CONTEXT('2D SPACE',''
  ) );
#4799 = ORIENTED_EDGE('',*,*,#4800,.T.);
#4800 = EDGE_CURVE('',#4780,#4801,#4803,.T.);
#4801 = VERTEX_POINT('',#4802);
#4802 = CARTESIAN_POINT('',(-13.92899990081,12.380999565125,0.));
#4803 = SURFACE_CURVE('',#4804,(#4808),.PCURVE_S1.);
#4804 = LINE('',#4805,#4806);
#4805 = CARTESIAN_POINT('',(-14.00300025939,13.,0.));
#4806 = VECTOR('',#4807,1.);
#4807 = DIRECTION('',(0.118702925141,-0.992929814017,0.));
#4808 = PCURVE('',#4788,#4809);
#4809 = DEFINITIONAL_REPRESENTATION('',(#4810),#4814);
#4810 = LINE('',#4811,#4812);
#4811 = CARTESIAN_POINT('',(-2.415719757651,5.514014384189));
#4812 = VECTOR('',#4813,1.);
#4813 = DIRECTION('',(-0.118702925141,-0.992929814017));
#4814 = ( GEOMETRIC_REPRESENTATION_CONTEXT(2) 
PARAMETRIC_REPRESENTATION_CONTEXT() REPRESENTATION_CONTEXT('2D SPACE',''
  ) );
#4815 = ORIENTED_EDGE('',*,*,#4816,.F.);
#4816 = EDGE_CURVE('',#4778,#4801,#4817,.T.);
#4817 = SURFACE_CURVE('',#4818,(#4822),.PCURVE_S1.);
#4818 = LINE('',#4819,#4820);
#4819 = CARTESIAN_POINT('',(-19.,2.,0.));
#4820 = VECTOR('',#4821,1.);
#4821 = DIRECTION('',(0.43891983219,0.898526227169,0.));
#4822 = PCURVE('',#4788,#4823);
#4823 = DEFINITIONAL_REPRESENTATION('',(#4824),#4828);
#4824 = LINE('',#4825,#4826);
#4825 = CARTESIAN_POINT('',(2.58127998295,-5.485985615811));
#4826 = VECTOR('',#4827,1.);
#4827 = DIRECTION('',(-0.43891983219,0.898526227169));
#4828 = ( GEOMETRIC_REPRESENTATION_CONTEXT(2) 
PARAMETRIC_REPRESENTATION_CONTEXT() REPRESENTATION_CONTEXT('2D SPACE',''
  ) );
#4829 = SHELL_BASED_SURFACE_MODEL('',(#4830));
#4830 = OPEN_SHELL('',(#4831));
#4831 = ADVANCED_FACE('',(#4832),#4846,.T.);
#4832 = FACE_BOUND('',#4833,.T.);
#4833 = EDGE_LOOP('',(#4834,#4857,#4873));
#4834 = ORIENTED_EDGE('',*,*,#4835,.F.);
#4835 = EDGE_CURVE('',#4836,#4838,#4840,.T.);
#4836 = VERTEX_POINT('',#4837);
#4837 = CARTESIAN_POINT('',(-19.,2.,0.));
#4838 = VERTEX_POINT('',#4839);
#4839 = CARTESIAN_POINT('',(-14.00300025939,13.,0.));
#4840 = SURFACE_CURVE('',#4841,(#4845),.PCURVE_S1.);
#4841 = LINE('',#4842,#4843);
#4842 = CARTESIAN_POINT('',(-19.,2.,0.));
#4843 = VECTOR('',#4844,1.);
#4844 = DIRECTION('',(0.413597127028,0.910460002699,0.));
#4845 = PCURVE('',#4846,#4851);
#4846 = PLANE('',#4847);
#4847 = AXIS2_PLACEMENT_3D('',#4848,#4849,#4850);
#4848 = CARTESIAN_POINT('',(-16.42074730635,7.797264397688,0.));
#4849 = DIRECTION('',(-0.,-0.,-1.));
#4850 = DIRECTION('',(-1.,0.,0.));
#4851 = DEFINITIONAL_REPRESENTATION('',(#4852),#4856);
#4852 = LINE('',#4853,#4854);
#4853 = CARTESIAN_POINT('',(2.579252693642,-5.797264397688));
#4854 = VECTOR('',#4855,1.);
#4855 = DIRECTION('',(-0.413597127028,0.910460002699));
#4856 = ( GEOMETRIC_REPRESENTATION_CONTEXT(2) 
PARAMETRIC_REPRESENTATION_CONTEXT() REPRESENTATION_CONTEXT('2D SPACE',''
  ) );
#4857 = ORIENTED_EDGE('',*,*,#4858,.T.);
#4858 = EDGE_CURVE('',#4836,#4859,#4861,.T.);
#4859 = VERTEX_POINT('',#4860);
#4860 = CARTESIAN_POINT('',(-13.92899990081,13.619000434875,0.));
#4861 = SURFACE_CURVE('',#4862,(#4866),.PCURVE_S1.);
#4862 = LINE('',#4863,#4864);
#4863 = CARTESIAN_POINT('',(-19.,2.,0.));
#4864 = VECTOR('',#4865,1.);
#4865 = DIRECTION('',(0.400003483672,0.916513618584,0.));
#4866 = PCURVE('',#4846,#4867);
#4867 = DEFINITIONAL_REPRESENTATION('',(#4868),#4872);
#4868 = LINE('',#4869,#4870);
#4869 = CARTESIAN_POINT('',(2.579252693642,-5.797264397688));
#4870 = VECTOR('',#4871,1.);
#4871 = DIRECTION('',(-0.400003483672,0.916513618584));
#4872 = ( GEOMETRIC_REPRESENTATION_CONTEXT(2) 
PARAMETRIC_REPRESENTATION_CONTEXT() REPRESENTATION_CONTEXT('2D SPACE',''
  ) );
#4873 = ORIENTED_EDGE('',*,*,#4874,.T.);
#4874 = EDGE_CURVE('',#4859,#4838,#4875,.T.);
#4875 = SURFACE_CURVE('',#4876,(#4880),.PCURVE_S1.);
#4876 = LINE('',#4877,#4878);
#4877 = CARTESIAN_POINT('',(-13.92899990081,13.619000434875,0.));
#4878 = VECTOR('',#4879,1.);
#4879 = DIRECTION('',(-0.118702925141,-0.992929814017,0.));
#4880 = PCURVE('',#4846,#4881);
#4881 = DEFINITIONAL_REPRESENTATION('',(#4882),#4886);
#4882 = LINE('',#4883,#4884);
#4883 = CARTESIAN_POINT('',(-2.491747405541,5.821736037187));
#4884 = VECTOR('',#4885,1.);
#4885 = DIRECTION('',(0.118702925141,-0.992929814017));
#4886 = ( GEOMETRIC_REPRESENTATION_CONTEXT(2) 
PARAMETRIC_REPRESENTATION_CONTEXT() REPRESENTATION_CONTEXT('2D SPACE',''
  ) );
#4887 = SHELL_BASED_SURFACE_MODEL('',(#4888));
#4888 = OPEN_SHELL('',(#4889));
#4889 = ADVANCED_FACE('',(#4890),#4904,.T.);
#4890 = FACE_BOUND('',#4891,.T.);
#4891 = EDGE_LOOP('',(#4892,#4915,#4931));
#4892 = ORIENTED_EDGE('',*,*,#4893,.T.);
#4893 = EDGE_CURVE('',#4894,#4896,#4898,.T.);
#4894 = VERTEX_POINT('',#4895);
#4895 = CARTESIAN_POINT('',(-13.71599960327,14.177000045776,0.));
#4896 = VERTEX_POINT('',#4897);
#4897 = CARTESIAN_POINT('',(-13.92899990081,13.619000434875,0.));
#4898 = SURFACE_CURVE('',#4899,(#4903),.PCURVE_S1.);
#4899 = LINE('',#4900,#4901);
#4900 = CARTESIAN_POINT('',(-13.71599960327,14.177000045776,0.));
#4901 = VECTOR('',#4902,1.);
#4902 = DIRECTION('',(-0.356622511537,-0.934248566638,0.));
#4903 = PCURVE('',#4904,#4909);
#4904 = PLANE('',#4905);
#4905 = AXIS2_PLACEMENT_3D('',#4906,#4907,#4908);
#4906 = CARTESIAN_POINT('',(-16.88789026263,32.801813154897,0.));
#4907 = DIRECTION('',(-0.,-0.,-1.));
#4908 = DIRECTION('',(-1.,0.,0.));
#4909 = DEFINITIONAL_REPRESENTATION('',(#4910),#4914);
#4910 = LINE('',#4911,#4912);
#4911 = CARTESIAN_POINT('',(-3.171890659358,-18.62481310912));
#4912 = VECTOR('',#4913,1.);
#4913 = DIRECTION('',(0.356622511537,-0.934248566638));
#4914 = ( GEOMETRIC_REPRESENTATION_CONTEXT(2) 
PARAMETRIC_REPRESENTATION_CONTEXT() REPRESENTATION_CONTEXT('2D SPACE',''
  ) );
#4915 = ORIENTED_EDGE('',*,*,#4916,.T.);
#4916 = EDGE_CURVE('',#4896,#4917,#4919,.T.);
#4917 = VERTEX_POINT('',#4918);
#4918 = CARTESIAN_POINT('',(-20.,52.,0.));
#4919 = SURFACE_CURVE('',#4920,(#4924),.PCURVE_S1.);
#4920 = LINE('',#4921,#4922);
#4921 = CARTESIAN_POINT('',(-13.92899990081,13.619000434875,0.));
#4922 = VECTOR('',#4923,1.);
#4923 = DIRECTION('',(-0.156234802175,0.9877199434,0.));
#4924 = PCURVE('',#4904,#4925);
#4925 = DEFINITIONAL_REPRESENTATION('',(#4926),#4930);
#4926 = LINE('',#4927,#4928);
#4927 = CARTESIAN_POINT('',(-2.958890361812,-19.18281272002));
#4928 = VECTOR('',#4929,1.);
#4929 = DIRECTION('',(0.156234802175,0.9877199434));
#4930 = ( GEOMETRIC_REPRESENTATION_CONTEXT(2) 
PARAMETRIC_REPRESENTATION_CONTEXT() REPRESENTATION_CONTEXT('2D SPACE',''
  ) );
#4931 = ORIENTED_EDGE('',*,*,#4932,.T.);
#4932 = EDGE_CURVE('',#4917,#4894,#4933,.T.);
#4933 = SURFACE_CURVE('',#4934,(#4938),.PCURVE_S1.);
#4934 = LINE('',#4935,#4936);
#4935 = CARTESIAN_POINT('',(-20.,52.,0.));
#4936 = VECTOR('',#4937,1.);
#4937 = DIRECTION('',(0.163895675185,-0.986477677221,0.));
#4938 = PCURVE('',#4904,#4939);
#4939 = DEFINITIONAL_REPRESENTATION('',(#4940),#4944);
#4940 = LINE('',#4941,#4942);
#4941 = CARTESIAN_POINT('',(3.11210973737,19.198186845103));
#4942 = VECTOR('',#4943,1.);
#4943 = DIRECTION('',(-0.163895675185,-0.986477677221));
#4944 = ( GEOMETRIC_REPRESENTATION_CONTEXT(2) 
PARAMETRIC_REPRESENTATION_CONTEXT() REPRESENTATION_CONTEXT('2D SPACE',''
  ) );
#4945 = SHELL_BASED_SURFACE_MODEL('',(#4946));
#4946 = OPEN_SHELL('',(#4947));
#4947 = ADVANCED_FACE('',(#4948),#4962,.T.);
#4948 = FACE_BOUND('',#4949,.T.);
#4949 = EDGE_LOOP('',(#4950,#4973,#4989));
#4950 = ORIENTED_EDGE('',*,*,#4951,.F.);
#4951 = EDGE_CURVE('',#4952,#4954,#4956,.T.);
#4952 = VERTEX_POINT('',#4953);
#4953 = CARTESIAN_POINT('',(-19.,2.,0.));
#4954 = VERTEX_POINT('',#4955);
#4955 = CARTESIAN_POINT('',(-13.92899990081,13.619000434875,0.));
#4956 = SURFACE_CURVE('',#4957,(#4961),.PCURVE_S1.);
#4957 = LINE('',#4958,#4959);
#4958 = CARTESIAN_POINT('',(-19.,2.,0.));
#4959 = VECTOR('',#4960,1.);
#4960 = DIRECTION('',(0.400003483672,0.916513618584,0.));
#4961 = PCURVE('',#4962,#4967);
#4962 = PLANE('',#4963);
#4963 = AXIS2_PLACEMENT_3D('',#4964,#4965,#4966);
#4964 = CARTESIAN_POINT('',(-18.15078174631,26.827281084989,0.));
#4965 = DIRECTION('',(-0.,-0.,-1.));
#4966 = DIRECTION('',(-1.,0.,0.));
#4967 = DEFINITIONAL_REPRESENTATION('',(#4968),#4972);
#4968 = LINE('',#4969,#4970);
#4969 = CARTESIAN_POINT('',(0.849218253687,-24.82728108498));
#4970 = VECTOR('',#4971,1.);
#4971 = DIRECTION('',(-0.400003483672,0.916513618584));
#4972 = ( GEOMETRIC_REPRESENTATION_CONTEXT(2) 
PARAMETRIC_REPRESENTATION_CONTEXT() REPRESENTATION_CONTEXT('2D SPACE',''
  ) );
#4973 = ORIENTED_EDGE('',*,*,#4974,.T.);
#4974 = EDGE_CURVE('',#4952,#4975,#4977,.T.);
#4975 = VERTEX_POINT('',#4976);
#4976 = CARTESIAN_POINT('',(-20.,52.,0.));
#4977 = SURFACE_CURVE('',#4978,(#4982),.PCURVE_S1.);
#4978 = LINE('',#4979,#4980);
#4979 = CARTESIAN_POINT('',(-19.,2.,0.));
#4980 = VECTOR('',#4981,1.);
#4981 = DIRECTION('',(-1.99960011996E-02,0.99980005998,0.));
#4982 = PCURVE('',#4962,#4983);
#4983 = DEFINITIONAL_REPRESENTATION('',(#4984),#4988);
#4984 = LINE('',#4985,#4986);
#4985 = CARTESIAN_POINT('',(0.849218253687,-24.82728108498));
#4986 = VECTOR('',#4987,1.);
#4987 = DIRECTION('',(1.99960011996E-02,0.99980005998));
#4988 = ( GEOMETRIC_REPRESENTATION_CONTEXT(2) 
PARAMETRIC_REPRESENTATION_CONTEXT() REPRESENTATION_CONTEXT('2D SPACE',''
  ) );
#4989 = ORIENTED_EDGE('',*,*,#4990,.F.);
#4990 = EDGE_CURVE('',#4954,#4975,#4991,.T.);
#4991 = SURFACE_CURVE('',#4992,(#4996),.PCURVE_S1.);
#4992 = LINE('',#4993,#4994);
#4993 = CARTESIAN_POINT('',(-13.92899990081,13.619000434875,0.));
#4994 = VECTOR('',#4995,1.);
#4995 = DIRECTION('',(-0.156234802175,0.9877199434,0.));
#4996 = PCURVE('',#4962,#4997);
#4997 = DEFINITIONAL_REPRESENTATION('',(#4998),#5002);
#4998 = LINE('',#4999,#5000);
#4999 = CARTESIAN_POINT('',(-4.221781845495,-13.20828065011));
#5000 = VECTOR('',#5001,1.);
#5001 = DIRECTION('',(0.156234802175,0.9877199434));
#5002 = ( GEOMETRIC_REPRESENTATION_CONTEXT(2) 
PARAMETRIC_REPRESENTATION_CONTEXT() REPRESENTATION_CONTEXT('2D SPACE',''
  ) );
#5003 = SHELL_BASED_SURFACE_MODEL('',(#5004));
#5004 = OPEN_SHELL('',(#5005));
#5005 = ADVANCED_FACE('',(#5006),#5020,.T.);
#5006 = FACE_BOUND('',#5007,.T.);
#5007 = EDGE_LOOP('',(#5008,#5031,#5047));
#5008 = ORIENTED_EDGE('',*,*,#5009,.T.);
#5009 = EDGE_CURVE('',#5010,#5012,#5014,.T.);
#5010 = VERTEX_POINT('',#5011);
#5011 = CARTESIAN_POINT('',(-13.38300037384,14.619999885559,0.));
#5012 = VERTEX_POINT('',#5013);
#5013 = CARTESIAN_POINT('',(-13.71599960327,14.177000045776,0.));
#5014 = SURFACE_CURVE('',#5015,(#5019),.PCURVE_S1.);
#5015 = LINE('',#5016,#5017);
#5016 = CARTESIAN_POINT('',(-13.38300037384,14.619999885559,0.));
#5017 = VECTOR('',#5018,1.);
#5018 = DIRECTION('',(-0.600865011607,-0.799350509993,0.));
#5019 = PCURVE('',#5020,#5025);
#5020 = PLANE('',#5021);
#5021 = AXIS2_PLACEMENT_3D('',#5022,#5023,#5024);
#5022 = CARTESIAN_POINT('',(-16.75190528455,33.063133361965,0.));
#5023 = DIRECTION('',(-0.,-0.,-1.));
#5024 = DIRECTION('',(-1.,0.,0.));
#5025 = DEFINITIONAL_REPRESENTATION('',(#5026),#5030);
#5026 = LINE('',#5027,#5028);
#5027 = CARTESIAN_POINT('',(-3.368904910712,-18.4431334764));
#5028 = VECTOR('',#5029,1.);
#5029 = DIRECTION('',(0.600865011607,-0.799350509993));
#5030 = ( GEOMETRIC_REPRESENTATION_CONTEXT(2) 
PARAMETRIC_REPRESENTATION_CONTEXT() REPRESENTATION_CONTEXT('2D SPACE',''
  ) );
#5031 = ORIENTED_EDGE('',*,*,#5032,.F.);
#5032 = EDGE_CURVE('',#5033,#5012,#5035,.T.);
#5033 = VERTEX_POINT('',#5034);
#5034 = CARTESIAN_POINT('',(-20.,52.,0.));
#5035 = SURFACE_CURVE('',#5036,(#5040),.PCURVE_S1.);
#5036 = LINE('',#5037,#5038);
#5037 = CARTESIAN_POINT('',(-20.,52.,0.));
#5038 = VECTOR('',#5039,1.);
#5039 = DIRECTION('',(0.163895675185,-0.986477677221,0.));
#5040 = PCURVE('',#5020,#5041);
#5041 = DEFINITIONAL_REPRESENTATION('',(#5042),#5046);
#5042 = LINE('',#5043,#5044);
#5043 = CARTESIAN_POINT('',(3.248094715448,18.936866638035));
#5044 = VECTOR('',#5045,1.);
#5045 = DIRECTION('',(-0.163895675185,-0.986477677221));
#5046 = ( GEOMETRIC_REPRESENTATION_CONTEXT(2) 
PARAMETRIC_REPRESENTATION_CONTEXT() REPRESENTATION_CONTEXT('2D SPACE',''
  ) );
#5047 = ORIENTED_EDGE('',*,*,#5048,.T.);
#5048 = EDGE_CURVE('',#5033,#5010,#5049,.T.);
#5049 = SURFACE_CURVE('',#5050,(#5054),.PCURVE_S1.);
#5050 = LINE('',#5051,#5052);
#5051 = CARTESIAN_POINT('',(-20.,52.,0.));
#5052 = VECTOR('',#5053,1.);
#5053 = DIRECTION('',(0.174309766837,-0.984690867829,0.));
#5054 = PCURVE('',#5020,#5055);
#5055 = DEFINITIONAL_REPRESENTATION('',(#5056),#5060);
#5056 = LINE('',#5057,#5058);
#5057 = CARTESIAN_POINT('',(3.248094715448,18.936866638035));
#5058 = VECTOR('',#5059,1.);
#5059 = DIRECTION('',(-0.174309766837,-0.984690867829));
#5060 = ( GEOMETRIC_REPRESENTATION_CONTEXT(2) 
PARAMETRIC_REPRESENTATION_CONTEXT() REPRESENTATION_CONTEXT('2D SPACE',''
  ) );
#5061 = SHELL_BASED_SURFACE_MODEL('',(#5062));
#5062 = OPEN_SHELL('',(#5063));
#5063 = ADVANCED_FACE('',(#5064),#5078,.T.);
#5064 = FACE_BOUND('',#5065,.T.);
#5065 = EDGE_LOOP('',(#5066,#5089,#5105));
#5066 = ORIENTED_EDGE('',*,*,#5067,.T.);
#5067 = EDGE_CURVE('',#5068,#5070,#5072,.T.);
#5068 = VERTEX_POINT('',#5069);
#5069 = CARTESIAN_POINT('',(-12.96399974823,14.904000282288,0.));
#5070 = VERTEX_POINT('',#5071);
#5071 = CARTESIAN_POINT('',(-13.38300037384,14.619999885559,0.));
#5072 = SURFACE_CURVE('',#5073,(#5077),.PCURVE_S1.);
#5073 = LINE('',#5074,#5075);
#5074 = CARTESIAN_POINT('',(-12.96399974823,14.904000282288,0.));
#5075 = VECTOR('',#5076,1.);
#5076 = DIRECTION('',(-0.827770729126,-0.561066502299,0.));
#5077 = PCURVE('',#5078,#5083);
#5078 = PLANE('',#5079);
#5079 = AXIS2_PLACEMENT_3D('',#5080,#5081,#5082);
#5080 = CARTESIAN_POINT('',(-16.56436397254,33.257168438056,0.));
#5081 = DIRECTION('',(-0.,-0.,-1.));
#5082 = DIRECTION('',(-1.,0.,0.));
#5083 = DEFINITIONAL_REPRESENTATION('',(#5084),#5088);
#5084 = LINE('',#5085,#5086);
#5085 = CARTESIAN_POINT('',(-3.600364224316,-18.35316815576));
#5086 = VECTOR('',#5087,1.);
#5087 = DIRECTION('',(0.827770729126,-0.561066502299));
#5088 = ( GEOMETRIC_REPRESENTATION_CONTEXT(2) 
PARAMETRIC_REPRESENTATION_CONTEXT() REPRESENTATION_CONTEXT('2D SPACE',''
  ) );
#5089 = ORIENTED_EDGE('',*,*,#5090,.F.);
#5090 = EDGE_CURVE('',#5091,#5070,#5093,.T.);
#5091 = VERTEX_POINT('',#5092);
#5092 = CARTESIAN_POINT('',(-20.,52.,0.));
#5093 = SURFACE_CURVE('',#5094,(#5098),.PCURVE_S1.);
#5094 = LINE('',#5095,#5096);
#5095 = CARTESIAN_POINT('',(-20.,52.,0.));
#5096 = VECTOR('',#5097,1.);
#5097 = DIRECTION('',(0.174309766837,-0.984690867829,0.));
#5098 = PCURVE('',#5078,#5099);
#5099 = DEFINITIONAL_REPRESENTATION('',(#5100),#5104);
#5100 = LINE('',#5101,#5102);
#5101 = CARTESIAN_POINT('',(3.435636027454,18.742831561944));
#5102 = VECTOR('',#5103,1.);
#5103 = DIRECTION('',(-0.174309766837,-0.984690867829));
#5104 = ( GEOMETRIC_REPRESENTATION_CONTEXT(2) 
PARAMETRIC_REPRESENTATION_CONTEXT() REPRESENTATION_CONTEXT('2D SPACE',''
  ) );
#5105 = ORIENTED_EDGE('',*,*,#5106,.T.);
#5106 = EDGE_CURVE('',#5091,#5068,#5107,.T.);
#5107 = SURFACE_CURVE('',#5108,(#5112),.PCURVE_S1.);
#5108 = LINE('',#5109,#5110);
#5109 = CARTESIAN_POINT('',(-20.,52.,0.));
#5110 = VECTOR('',#5111,1.);
#5111 = DIRECTION('',(0.186347763962,-0.982483847636,0.));
#5112 = PCURVE('',#5078,#5113);
#5113 = DEFINITIONAL_REPRESENTATION('',(#5114),#5118);
#5114 = LINE('',#5115,#5116);
#5115 = CARTESIAN_POINT('',(3.435636027454,18.742831561944));
#5116 = VECTOR('',#5117,1.);
#5117 = DIRECTION('',(-0.186347763962,-0.982483847636));
#5118 = ( GEOMETRIC_REPRESENTATION_CONTEXT(2) 
PARAMETRIC_REPRESENTATION_CONTEXT() REPRESENTATION_CONTEXT('2D SPACE',''
  ) );
#5119 = SHELL_BASED_SURFACE_MODEL('',(#5120));
#5120 = OPEN_SHELL('',(#5121));
#5121 = ADVANCED_FACE('',(#5122),#5136,.T.);
#5122 = FACE_BOUND('',#5123,.T.);
#5123 = EDGE_LOOP('',(#5124,#5147,#5163));
#5124 = ORIENTED_EDGE('',*,*,#5125,.F.);
#5125 = EDGE_CURVE('',#5126,#5128,#5130,.T.);
#5126 = VERTEX_POINT('',#5127);
#5127 = CARTESIAN_POINT('',(-11.28400039672,11.822999954224,0.));
#5128 = VERTEX_POINT('',#5129);
#5129 = CARTESIAN_POINT('',(-6.002999782562,7.002999782562,0.));
#5130 = SURFACE_CURVE('',#5131,(#5135),.PCURVE_S1.);
#5131 = LINE('',#5132,#5133);
#5132 = CARTESIAN_POINT('',(-11.28400039672,11.822999954224,0.));
#5133 = VECTOR('',#5134,1.);
#5134 = DIRECTION('',(0.738609653774,-0.67413335428,0.));
#5135 = PCURVE('',#5136,#5141);
#5136 = PLANE('',#5137);
#5137 = AXIS2_PLACEMENT_3D('',#5138,#5139,#5140);
#5138 = CARTESIAN_POINT('',(-8.691494248576,9.655307618105,0.));
#5139 = DIRECTION('',(-0.,-0.,-1.));
#5140 = DIRECTION('',(-1.,0.,0.));
#5141 = DEFINITIONAL_REPRESENTATION('',(#5142),#5146);
#5142 = LINE('',#5143,#5144);
#5143 = CARTESIAN_POINT('',(2.592506148153,2.167692336119));
#5144 = VECTOR('',#5145,1.);
#5145 = DIRECTION('',(-0.738609653774,-0.67413335428));
#5146 = ( GEOMETRIC_REPRESENTATION_CONTEXT(2) 
PARAMETRIC_REPRESENTATION_CONTEXT() REPRESENTATION_CONTEXT('2D SPACE',''
  ) );
#5147 = ORIENTED_EDGE('',*,*,#5148,.T.);
#5148 = EDGE_CURVE('',#5126,#5149,#5151,.T.);
#5149 = VERTEX_POINT('',#5150);
#5150 = CARTESIAN_POINT('',(-11.07100009918,12.380999565125,0.));
#5151 = SURFACE_CURVE('',#5152,(#5156),.PCURVE_S1.);
#5152 = LINE('',#5153,#5154);
#5153 = CARTESIAN_POINT('',(-11.28400039672,11.822999954224,0.));
#5154 = VECTOR('',#5155,1.);
#5155 = DIRECTION('',(0.356622511537,0.934248566638,0.));
#5156 = PCURVE('',#5136,#5157);
#5157 = DEFINITIONAL_REPRESENTATION('',(#5158),#5162);
#5158 = LINE('',#5159,#5160);
#5159 = CARTESIAN_POINT('',(2.592506148153,2.167692336119));
#5160 = VECTOR('',#5161,1.);
#5161 = DIRECTION('',(-0.356622511537,0.934248566638));
#5162 = ( GEOMETRIC_REPRESENTATION_CONTEXT(2) 
PARAMETRIC_REPRESENTATION_CONTEXT() REPRESENTATION_CONTEXT('2D SPACE',''
  ) );
#5163 = ORIENTED_EDGE('',*,*,#5164,.T.);
#5164 = EDGE_CURVE('',#5149,#5128,#5165,.T.);
#5165 = SURFACE_CURVE('',#5166,(#5170),.PCURVE_S1.);
#5166 = LINE('',#5167,#5168);
#5167 = CARTESIAN_POINT('',(-11.07100009918,12.380999565125,0.));
#5168 = VECTOR('',#5169,1.);
#5169 = DIRECTION('',(0.685820481509,-0.727770751777,0.));
#5170 = PCURVE('',#5136,#5171);
#5171 = DEFINITIONAL_REPRESENTATION('',(#5172),#5176);
#5172 = LINE('',#5173,#5174);
#5173 = CARTESIAN_POINT('',(2.379505850606,2.72569194702));
#5174 = VECTOR('',#5175,1.);
#5175 = DIRECTION('',(-0.685820481509,-0.727770751777));
#5176 = ( GEOMETRIC_REPRESENTATION_CONTEXT(2) 
PARAMETRIC_REPRESENTATION_CONTEXT() REPRESENTATION_CONTEXT('2D SPACE',''
  ) );
#5177 = SHELL_BASED_SURFACE_MODEL('',(#5178));
#5178 = OPEN_SHELL('',(#5179));
#5179 = ADVANCED_FACE('',(#5180),#5194,.T.);
#5180 = FACE_BOUND('',#5181,.T.);
#5181 = EDGE_LOOP('',(#5182,#5205,#5221));
#5182 = ORIENTED_EDGE('',*,*,#5183,.T.);
#5183 = EDGE_CURVE('',#5184,#5186,#5188,.T.);
#5184 = VERTEX_POINT('',#5185);
#5185 = CARTESIAN_POINT('',(-12.5,15.003000259399,0.));
#5186 = VERTEX_POINT('',#5187);
#5187 = CARTESIAN_POINT('',(5.071000099182,44.381000518799,0.));
#5188 = SURFACE_CURVE('',#5189,(#5193),.PCURVE_S1.);
#5189 = LINE('',#5190,#5191);
#5190 = CARTESIAN_POINT('',(-12.5,15.003000259399,0.));
#5191 = VECTOR('',#5192,1.);
#5192 = DIRECTION('',(0.513296670975,0.858211237148,0.));
#5193 = PCURVE('',#5194,#5199);
#5194 = PLANE('',#5195);
#5195 = AXIS2_PLACEMENT_3D('',#5196,#5197,#5198);
#5196 = CARTESIAN_POINT('',(-3.584684481355,29.679746766468,0.));
#5197 = DIRECTION('',(-0.,-0.,-1.));
#5198 = DIRECTION('',(-1.,0.,0.));
#5199 = DEFINITIONAL_REPRESENTATION('',(#5200),#5204);
#5200 = LINE('',#5201,#5202);
#5201 = CARTESIAN_POINT('',(8.915315518645,-14.67674650706));
#5202 = VECTOR('',#5203,1.);
#5203 = DIRECTION('',(-0.513296670975,0.858211237148));
#5204 = ( GEOMETRIC_REPRESENTATION_CONTEXT(2) 
PARAMETRIC_REPRESENTATION_CONTEXT() REPRESENTATION_CONTEXT('2D SPACE',''
  ) );
#5205 = ORIENTED_EDGE('',*,*,#5206,.T.);
#5206 = EDGE_CURVE('',#5186,#5207,#5209,.T.);
#5207 = VERTEX_POINT('',#5208);
#5208 = CARTESIAN_POINT('',(5.283999919891,43.823001861572,0.));
#5209 = SURFACE_CURVE('',#5210,(#5214),.PCURVE_S1.);
#5210 = LINE('',#5211,#5212);
#5211 = CARTESIAN_POINT('',(5.071000099182,44.381000518799,0.));
#5212 = VECTOR('',#5213,1.);
#5213 = DIRECTION('',(0.356622346698,-0.934248629561,0.));
#5214 = PCURVE('',#5194,#5215);
#5215 = DEFINITIONAL_REPRESENTATION('',(#5216),#5220);
#5216 = LINE('',#5217,#5218);
#5217 = CARTESIAN_POINT('',(-8.655684580537,14.701253752331));
#5218 = VECTOR('',#5219,1.);
#5219 = DIRECTION('',(-0.356622346698,-0.934248629561));
#5220 = ( GEOMETRIC_REPRESENTATION_CONTEXT(2) 
PARAMETRIC_REPRESENTATION_CONTEXT() REPRESENTATION_CONTEXT('2D SPACE',''
  ) );
#5221 = ORIENTED_EDGE('',*,*,#5222,.T.);
#5222 = EDGE_CURVE('',#5207,#5184,#5223,.T.);
#5223 = SURFACE_CURVE('',#5224,(#5228),.PCURVE_S1.);
#5224 = LINE('',#5225,#5226);
#5225 = CARTESIAN_POINT('',(5.283999919891,43.823001861572,0.));
#5226 = VECTOR('',#5227,1.);
#5227 = DIRECTION('',(-0.525138246041,-0.851016934347,0.));
#5228 = PCURVE('',#5194,#5229);
#5229 = DEFINITIONAL_REPRESENTATION('',(#5230),#5234);
#5230 = LINE('',#5231,#5232);
#5231 = CARTESIAN_POINT('',(-8.868684401246,14.143255095104));
#5232 = VECTOR('',#5233,1.);
#5233 = DIRECTION('',(0.525138246041,-0.851016934347));
#5234 = ( GEOMETRIC_REPRESENTATION_CONTEXT(2) 
PARAMETRIC_REPRESENTATION_CONTEXT() REPRESENTATION_CONTEXT('2D SPACE',''
  ) );
#5235 = SHELL_BASED_SURFACE_MODEL('',(#5236));
#5236 = OPEN_SHELL('',(#5237));
#5237 = ADVANCED_FACE('',(#5238),#5252,.T.);
#5238 = FACE_BOUND('',#5239,.T.);
#5239 = EDGE_LOOP('',(#5240,#5263,#5279));
#5240 = ORIENTED_EDGE('',*,*,#5241,.T.);
#5241 = EDGE_CURVE('',#5242,#5244,#5246,.T.);
#5242 = VERTEX_POINT('',#5243);
#5243 = CARTESIAN_POINT('',(-12.5,15.003000259399,0.));
#5244 = VERTEX_POINT('',#5245);
#5245 = CARTESIAN_POINT('',(-18.,52.,0.));
#5246 = SURFACE_CURVE('',#5247,(#5251),.PCURVE_S1.);
#5247 = LINE('',#5248,#5249);
#5248 = CARTESIAN_POINT('',(-12.5,15.003000259399,0.));
#5249 = VECTOR('',#5250,1.);
#5250 = DIRECTION('',(-0.147044737981,0.989129842352,0.));
#5251 = PCURVE('',#5252,#5257);
#5252 = PLANE('',#5253);
#5253 = AXIS2_PLACEMENT_3D('',#5254,#5255,#5256);
#5254 = CARTESIAN_POINT('',(-8.908655146075,35.862406150184,0.));
#5255 = DIRECTION('',(-0.,-0.,-1.));
#5256 = DIRECTION('',(-1.,0.,0.));
#5257 = DEFINITIONAL_REPRESENTATION('',(#5258),#5262);
#5258 = LINE('',#5259,#5260);
#5259 = CARTESIAN_POINT('',(3.591344853925,-20.85940589078));
#5260 = VECTOR('',#5261,1.);
#5261 = DIRECTION('',(0.147044737981,0.989129842352));
#5262 = ( GEOMETRIC_REPRESENTATION_CONTEXT(2) 
PARAMETRIC_REPRESENTATION_CONTEXT() REPRESENTATION_CONTEXT('2D SPACE',''
  ) );
#5263 = ORIENTED_EDGE('',*,*,#5264,.T.);
#5264 = EDGE_CURVE('',#5244,#5265,#5267,.T.);
#5265 = VERTEX_POINT('',#5266);
#5266 = CARTESIAN_POINT('',(5.071000099182,44.381000518799,0.));
#5267 = SURFACE_CURVE('',#5268,(#5272),.PCURVE_S1.);
#5268 = LINE('',#5269,#5270);
#5269 = CARTESIAN_POINT('',(-18.,52.,0.));
#5270 = VECTOR('',#5271,1.);
#5271 = DIRECTION('',(0.949560410026,-0.31358416368,0.));
#5272 = PCURVE('',#5252,#5273);
#5273 = DEFINITIONAL_REPRESENTATION('',(#5274),#5278);
#5274 = LINE('',#5275,#5276);
#5275 = CARTESIAN_POINT('',(9.091344853925,16.137593849816));
#5276 = VECTOR('',#5277,1.);
#5277 = DIRECTION('',(-0.949560410026,-0.31358416368));
#5278 = ( GEOMETRIC_REPRESENTATION_CONTEXT(2) 
PARAMETRIC_REPRESENTATION_CONTEXT() REPRESENTATION_CONTEXT('2D SPACE',''
  ) );
#5279 = ORIENTED_EDGE('',*,*,#5280,.F.);
#5280 = EDGE_CURVE('',#5242,#5265,#5281,.T.);
#5281 = SURFACE_CURVE('',#5282,(#5286),.PCURVE_S1.);
#5282 = LINE('',#5283,#5284);
#5283 = CARTESIAN_POINT('',(-12.5,15.003000259399,0.));
#5284 = VECTOR('',#5285,1.);
#5285 = DIRECTION('',(0.513296670975,0.858211237148,0.));
#5286 = PCURVE('',#5252,#5287);
#5287 = DEFINITIONAL_REPRESENTATION('',(#5288),#5292);
#5288 = LINE('',#5289,#5290);
#5289 = CARTESIAN_POINT('',(3.591344853925,-20.85940589078));
#5290 = VECTOR('',#5291,1.);
#5291 = DIRECTION('',(-0.513296670975,0.858211237148));
#5292 = ( GEOMETRIC_REPRESENTATION_CONTEXT(2) 
PARAMETRIC_REPRESENTATION_CONTEXT() REPRESENTATION_CONTEXT('2D SPACE',''
  ) );
#5293 = SHELL_BASED_SURFACE_MODEL('',(#5294));
#5294 = OPEN_SHELL('',(#5295));
#5295 = ADVANCED_FACE('',(#5296),#5310,.T.);
#5296 = FACE_BOUND('',#5297,.T.);
#5297 = EDGE_LOOP('',(#5298,#5321,#5337));
#5298 = ORIENTED_EDGE('',*,*,#5299,.T.);
#5299 = EDGE_CURVE('',#5300,#5302,#5304,.T.);
#5300 = VERTEX_POINT('',#5301);
#5301 = CARTESIAN_POINT('',(-12.5,15.003000259399,0.));
#5302 = VERTEX_POINT('',#5303);
#5303 = CARTESIAN_POINT('',(-12.96399974823,14.904000282288,0.));
#5304 = SURFACE_CURVE('',#5305,(#5309),.PCURVE_S1.);
#5305 = LINE('',#5306,#5307);
#5306 = CARTESIAN_POINT('',(-12.5,15.003000259399,0.));
#5307 = VECTOR('',#5308,1.);
#5308 = DIRECTION('',(-0.977987088447,-0.208665413594,0.));
#5309 = PCURVE('',#5310,#5315);
#5310 = PLANE('',#5311);
#5311 = AXIS2_PLACEMENT_3D('',#5312,#5313,#5314);
#5312 = CARTESIAN_POINT('',(-15.34945736063,33.360051882758,0.));
#5313 = DIRECTION('',(-0.,-0.,-1.));
#5314 = DIRECTION('',(-1.,0.,0.));
#5315 = DEFINITIONAL_REPRESENTATION('',(#5316),#5320);
#5316 = LINE('',#5317,#5318);
#5317 = CARTESIAN_POINT('',(-2.849457360636,-18.35705162335));
#5318 = VECTOR('',#5319,1.);
#5319 = DIRECTION('',(0.977987088447,-0.208665413594));
#5320 = ( GEOMETRIC_REPRESENTATION_CONTEXT(2) 
PARAMETRIC_REPRESENTATION_CONTEXT() REPRESENTATION_CONTEXT('2D SPACE',''
  ) );
#5321 = ORIENTED_EDGE('',*,*,#5322,.T.);
#5322 = EDGE_CURVE('',#5302,#5323,#5325,.T.);
#5323 = VERTEX_POINT('',#5324);
#5324 = CARTESIAN_POINT('',(-18.,52.,0.));
#5325 = SURFACE_CURVE('',#5326,(#5330),.PCURVE_S1.);
#5326 = LINE('',#5327,#5328);
#5327 = CARTESIAN_POINT('',(-12.96399974823,14.904000282288,0.));
#5328 = VECTOR('',#5329,1.);
#5329 = DIRECTION('',(-0.134521946888,0.990910614438,0.));
#5330 = PCURVE('',#5310,#5331);
#5331 = DEFINITIONAL_REPRESENTATION('',(#5332),#5336);
#5332 = LINE('',#5333,#5334);
#5333 = CARTESIAN_POINT('',(-2.385457612406,-18.45605160047));
#5334 = VECTOR('',#5335,1.);
#5335 = DIRECTION('',(0.134521946888,0.990910614438));
#5336 = ( GEOMETRIC_REPRESENTATION_CONTEXT(2) 
PARAMETRIC_REPRESENTATION_CONTEXT() REPRESENTATION_CONTEXT('2D SPACE',''
  ) );
#5337 = ORIENTED_EDGE('',*,*,#5338,.F.);
#5338 = EDGE_CURVE('',#5300,#5323,#5339,.T.);
#5339 = SURFACE_CURVE('',#5340,(#5344),.PCURVE_S1.);
#5340 = LINE('',#5341,#5342);
#5341 = CARTESIAN_POINT('',(-12.5,15.003000259399,0.));
#5342 = VECTOR('',#5343,1.);
#5343 = DIRECTION('',(-0.147044737981,0.989129842352,0.));
#5344 = PCURVE('',#5310,#5345);
#5345 = DEFINITIONAL_REPRESENTATION('',(#5346),#5350);
#5346 = LINE('',#5347,#5348);
#5347 = CARTESIAN_POINT('',(-2.849457360636,-18.35705162335));
#5348 = VECTOR('',#5349,1.);
#5349 = DIRECTION('',(0.147044737981,0.989129842352));
#5350 = ( GEOMETRIC_REPRESENTATION_CONTEXT(2) 
PARAMETRIC_REPRESENTATION_CONTEXT() REPRESENTATION_CONTEXT('2D SPACE',''
  ) );
#5351 = SHELL_BASED_SURFACE_MODEL('',(#5352));
#5352 = OPEN_SHELL('',(#5353));
#5353 = ADVANCED_FACE('',(#5354),#5368,.T.);
#5354 = FACE_BOUND('',#5355,.T.);
#5355 = EDGE_LOOP('',(#5356,#5379,#5395));
#5356 = ORIENTED_EDGE('',*,*,#5357,.T.);
#5357 = EDGE_CURVE('',#5358,#5360,#5362,.T.);
#5358 = VERTEX_POINT('',#5359);
#5359 = CARTESIAN_POINT('',(-6.002999782562,7.002999782562,0.));
#5360 = VERTEX_POINT('',#5361);
#5361 = CARTESIAN_POINT('',(-12.03600025177,11.095999717712,0.));
#5362 = SURFACE_CURVE('',#5363,(#5367),.PCURVE_S1.);
#5363 = LINE('',#5364,#5365);
#5364 = CARTESIAN_POINT('',(-6.002999782562,7.002999782562,0.));
#5365 = VECTOR('',#5366,1.);
#5366 = DIRECTION('',(-0.827528146263,0.56142423099,0.));
#5367 = PCURVE('',#5368,#5373);
#5368 = PLANE('',#5369);
#5369 = AXIS2_PLACEMENT_3D('',#5370,#5371,#5372);
#5370 = CARTESIAN_POINT('',(-9.014772451501,9.191544202194,0.));
#5371 = DIRECTION('',(-0.,-0.,-1.));
#5372 = DIRECTION('',(-1.,0.,0.));
#5373 = DEFINITIONAL_REPRESENTATION('',(#5374),#5378);
#5374 = LINE('',#5375,#5376);
#5375 = CARTESIAN_POINT('',(-3.011772668939,-2.188544419632));
#5376 = VECTOR('',#5377,1.);
#5377 = DIRECTION('',(0.827528146263,0.56142423099));
#5378 = ( GEOMETRIC_REPRESENTATION_CONTEXT(2) 
PARAMETRIC_REPRESENTATION_CONTEXT() REPRESENTATION_CONTEXT('2D SPACE',''
  ) );
#5379 = ORIENTED_EDGE('',*,*,#5380,.T.);
#5380 = EDGE_CURVE('',#5360,#5381,#5383,.T.);
#5381 = VERTEX_POINT('',#5382);
#5382 = CARTESIAN_POINT('',(-11.61699962616,11.380000114441,0.));
#5383 = SURFACE_CURVE('',#5384,(#5388),.PCURVE_S1.);
#5384 = LINE('',#5385,#5386);
#5385 = CARTESIAN_POINT('',(-12.03600025177,11.095999717712,0.));
#5386 = VECTOR('',#5387,1.);
#5387 = DIRECTION('',(0.827770729126,0.561066502299,0.));
#5388 = PCURVE('',#5368,#5389);
#5389 = DEFINITIONAL_REPRESENTATION('',(#5390),#5394);
#5390 = LINE('',#5391,#5392);
#5391 = CARTESIAN_POINT('',(3.021227800269,1.904455515519));
#5392 = VECTOR('',#5393,1.);
#5393 = DIRECTION('',(-0.827770729126,0.561066502299));
#5394 = ( GEOMETRIC_REPRESENTATION_CONTEXT(2) 
PARAMETRIC_REPRESENTATION_CONTEXT() REPRESENTATION_CONTEXT('2D SPACE',''
  ) );
#5395 = ORIENTED_EDGE('',*,*,#5396,.F.);
#5396 = EDGE_CURVE('',#5358,#5381,#5397,.T.);
#5397 = SURFACE_CURVE('',#5398,(#5402),.PCURVE_S1.);
#5398 = LINE('',#5399,#5400);
#5399 = CARTESIAN_POINT('',(-6.002999782562,7.002999782562,0.));
#5400 = VECTOR('',#5401,1.);
#5401 = DIRECTION('',(-0.788633056252,0.614864133436,0.));
#5402 = PCURVE('',#5368,#5403);
#5403 = DEFINITIONAL_REPRESENTATION('',(#5404),#5408);
#5404 = LINE('',#5405,#5406);
#5405 = CARTESIAN_POINT('',(-3.011772668939,-2.188544419632));
#5406 = VECTOR('',#5407,1.);
#5407 = DIRECTION('',(0.788633056252,0.614864133436));
#5408 = ( GEOMETRIC_REPRESENTATION_CONTEXT(2) 
PARAMETRIC_REPRESENTATION_CONTEXT() REPRESENTATION_CONTEXT('2D SPACE',''
  ) );
#5409 = SHELL_BASED_SURFACE_MODEL('',(#5410));
#5410 = OPEN_SHELL('',(#5411));
#5411 = ADVANCED_FACE('',(#5412),#5426,.T.);
#5412 = FACE_BOUND('',#5413,.T.);
#5413 = EDGE_LOOP('',(#5414,#5437,#5453));
#5414 = ORIENTED_EDGE('',*,*,#5415,.F.);
#5415 = EDGE_CURVE('',#5416,#5418,#5420,.T.);
#5416 = VERTEX_POINT('',#5417);
#5417 = CARTESIAN_POINT('',(-11.61699962616,14.619999885559,0.));
#5418 = VERTEX_POINT('',#5419);
#5419 = CARTESIAN_POINT('',(6.035999774933,43.096000671387,0.));
#5420 = SURFACE_CURVE('',#5421,(#5425),.PCURVE_S1.);
#5421 = LINE('',#5422,#5423);
#5422 = CARTESIAN_POINT('',(-11.61699962616,14.619999885559,0.));
#5423 = VECTOR('',#5424,1.);
#5424 = DIRECTION('',(0.526893938077,0.849931043096,0.));
#5425 = PCURVE('',#5426,#5431);
#5426 = PLANE('',#5427);
#5427 = AXIS2_PLACEMENT_3D('',#5428,#5429,#5430);
#5428 = CARTESIAN_POINT('',(-2.962201875763,28.822740553461,0.));
#5429 = DIRECTION('',(-0.,-0.,-1.));
#5430 = DIRECTION('',(-1.,0.,0.));
#5431 = DEFINITIONAL_REPRESENTATION('',(#5432),#5436);
#5432 = LINE('',#5433,#5434);
#5433 = CARTESIAN_POINT('',(8.654797750397,-14.2027406679));
#5434 = VECTOR('',#5435,1.);
#5435 = DIRECTION('',(-0.526893938077,0.849931043096));
#5436 = ( GEOMETRIC_REPRESENTATION_CONTEXT(2) 
PARAMETRIC_REPRESENTATION_CONTEXT() REPRESENTATION_CONTEXT('2D SPACE',''
  ) );
#5437 = ORIENTED_EDGE('',*,*,#5438,.T.);
#5438 = EDGE_CURVE('',#5416,#5439,#5441,.T.);
#5439 = VERTEX_POINT('',#5440);
#5440 = CARTESIAN_POINT('',(-12.03600025177,14.904000282288,0.));
#5441 = SURFACE_CURVE('',#5442,(#5446),.PCURVE_S1.);
#5442 = LINE('',#5443,#5444);
#5443 = CARTESIAN_POINT('',(-11.61699962616,14.619999885559,0.));
#5444 = VECTOR('',#5445,1.);
#5445 = DIRECTION('',(-0.827770729126,0.561066502299,0.));
#5446 = PCURVE('',#5426,#5447);
#5447 = DEFINITIONAL_REPRESENTATION('',(#5448),#5452);
#5448 = LINE('',#5449,#5450);
#5449 = CARTESIAN_POINT('',(8.654797750397,-14.2027406679));
#5450 = VECTOR('',#5451,1.);
#5451 = DIRECTION('',(0.827770729126,0.561066502299));
#5452 = ( GEOMETRIC_REPRESENTATION_CONTEXT(2) 
PARAMETRIC_REPRESENTATION_CONTEXT() REPRESENTATION_CONTEXT('2D SPACE',''
  ) );
#5453 = ORIENTED_EDGE('',*,*,#5454,.T.);
#5454 = EDGE_CURVE('',#5439,#5418,#5455,.T.);
#5455 = SURFACE_CURVE('',#5456,(#5460),.PCURVE_S1.);
#5456 = LINE('',#5457,#5458);
#5457 = CARTESIAN_POINT('',(-12.03600025177,14.904000282288,0.));
#5458 = VECTOR('',#5459,1.);
#5459 = DIRECTION('',(0.539670451574,0.841876358914,0.));
#5460 = PCURVE('',#5426,#5461);
#5461 = DEFINITIONAL_REPRESENTATION('',(#5462),#5466);
#5462 = LINE('',#5463,#5464);
#5463 = CARTESIAN_POINT('',(9.073798376007,-13.91874027117));
#5464 = VECTOR('',#5465,1.);
#5465 = DIRECTION('',(-0.539670451574,0.841876358914));
#5466 = ( GEOMETRIC_REPRESENTATION_CONTEXT(2) 
PARAMETRIC_REPRESENTATION_CONTEXT() REPRESENTATION_CONTEXT('2D SPACE',''
  ) );
#5467 = SHELL_BASED_SURFACE_MODEL('',(#5468));
#5468 = OPEN_SHELL('',(#5469));
#5469 = ADVANCED_FACE('',(#5470),#5484,.T.);
#5470 = FACE_BOUND('',#5471,.T.);
#5471 = EDGE_LOOP('',(#5472,#5495,#5511));
#5472 = ORIENTED_EDGE('',*,*,#5473,.F.);
#5473 = EDGE_CURVE('',#5474,#5476,#5478,.T.);
#5474 = VERTEX_POINT('',#5475);
#5475 = CARTESIAN_POINT('',(-11.07100009918,12.380999565125,0.));
#5476 = VERTEX_POINT('',#5477);
#5477 = CARTESIAN_POINT('',(-6.002999782562,7.002999782562,0.));
#5478 = SURFACE_CURVE('',#5479,(#5483),.PCURVE_S1.);
#5479 = LINE('',#5480,#5481);
#5480 = CARTESIAN_POINT('',(-11.07100009918,12.380999565125,0.));
#5481 = VECTOR('',#5482,1.);
#5482 = DIRECTION('',(0.685820481509,-0.727770751777,0.));
#5483 = PCURVE('',#5484,#5489);
#5484 = PLANE('',#5485);
#5485 = AXIS2_PLACEMENT_3D('',#5486,#5487,#5488);
#5486 = CARTESIAN_POINT('',(-8.617403043472,9.962867058683,0.));
#5487 = DIRECTION('',(-0.,-0.,-1.));
#5488 = DIRECTION('',(-1.,0.,0.));
#5489 = DEFINITIONAL_REPRESENTATION('',(#5490),#5494);
#5490 = LINE('',#5491,#5492);
#5491 = CARTESIAN_POINT('',(2.45359705571,2.418132506441));
#5492 = VECTOR('',#5493,1.);
#5493 = DIRECTION('',(-0.685820481509,-0.727770751777));
#5494 = ( GEOMETRIC_REPRESENTATION_CONTEXT(2) 
PARAMETRIC_REPRESENTATION_CONTEXT() REPRESENTATION_CONTEXT('2D SPACE',''
  ) );
#5495 = ORIENTED_EDGE('',*,*,#5496,.T.);
#5496 = EDGE_CURVE('',#5474,#5497,#5499,.T.);
#5497 = VERTEX_POINT('',#5498);
#5498 = CARTESIAN_POINT('',(-10.99800014495,13.,0.));
#5499 = SURFACE_CURVE('',#5500,(#5504),.PCURVE_S1.);
#5500 = LINE('',#5501,#5502);
#5501 = CARTESIAN_POINT('',(-11.07100009918,12.380999565125,0.));
#5502 = VECTOR('',#5503,1.);
#5503 = DIRECTION('',(0.117120351867,0.993117728761,0.));
#5504 = PCURVE('',#5484,#5505);
#5505 = DEFINITIONAL_REPRESENTATION('',(#5506),#5510);
#5506 = LINE('',#5507,#5508);
#5507 = CARTESIAN_POINT('',(2.45359705571,2.418132506441));
#5508 = VECTOR('',#5509,1.);
#5509 = DIRECTION('',(-0.117120351867,0.993117728761));
#5510 = ( GEOMETRIC_REPRESENTATION_CONTEXT(2) 
PARAMETRIC_REPRESENTATION_CONTEXT() REPRESENTATION_CONTEXT('2D SPACE',''
  ) );
#5511 = ORIENTED_EDGE('',*,*,#5512,.T.);
#5512 = EDGE_CURVE('',#5497,#5476,#5513,.T.);
#5513 = SURFACE_CURVE('',#5514,(#5518),.PCURVE_S1.);
#5514 = LINE('',#5515,#5516);
#5515 = CARTESIAN_POINT('',(-10.99800014495,13.,0.));
#5516 = VECTOR('',#5517,1.);
#5517 = DIRECTION('',(0.639995353872,-0.768378778353,0.));
#5518 = PCURVE('',#5484,#5519);
#5519 = DEFINITIONAL_REPRESENTATION('',(#5520),#5524);
#5520 = LINE('',#5521,#5522);
#5521 = CARTESIAN_POINT('',(2.380597101486,3.037132941317));
#5522 = VECTOR('',#5523,1.);
#5523 = DIRECTION('',(-0.639995353872,-0.768378778353));
#5524 = ( GEOMETRIC_REPRESENTATION_CONTEXT(2) 
PARAMETRIC_REPRESENTATION_CONTEXT() REPRESENTATION_CONTEXT('2D SPACE',''
  ) );
#5525 = SHELL_BASED_SURFACE_MODEL('',(#5526));
#5526 = OPEN_SHELL('',(#5527));
#5527 = ADVANCED_FACE('',(#5528),#5542,.T.);
#5528 = FACE_BOUND('',#5529,.T.);
#5529 = EDGE_LOOP('',(#5530,#5553,#5569));
#5530 = ORIENTED_EDGE('',*,*,#5531,.T.);
#5531 = EDGE_CURVE('',#5532,#5534,#5536,.T.);
#5532 = VERTEX_POINT('',#5533);
#5533 = CARTESIAN_POINT('',(-12.03600025177,14.904000282288,0.));
#5534 = VERTEX_POINT('',#5535);
#5535 = CARTESIAN_POINT('',(5.617000102997,43.380001068115,0.));
#5536 = SURFACE_CURVE('',#5537,(#5541),.PCURVE_S1.);
#5537 = LINE('',#5538,#5539);
#5538 = CARTESIAN_POINT('',(-12.03600025177,14.904000282288,0.));
#5539 = VECTOR('',#5540,1.);
#5540 = DIRECTION('',(0.52689395864,0.849931030348,0.));
#5541 = PCURVE('',#5542,#5547);
#5542 = PLANE('',#5543);
#5543 = AXIS2_PLACEMENT_3D('',#5544,#5545,#5546);
#5544 = CARTESIAN_POINT('',(-3.03779846576,29.177260235502,0.));
#5545 = DIRECTION('',(-0.,-0.,-1.));
#5546 = DIRECTION('',(-1.,0.,0.));
#5547 = DEFINITIONAL_REPRESENTATION('',(#5548),#5552);
#5548 = LINE('',#5549,#5550);
#5549 = CARTESIAN_POINT('',(8.99820178601,-14.27325995321));
#5550 = VECTOR('',#5551,1.);
#5551 = DIRECTION('',(-0.52689395864,0.849931030348));
#5552 = ( GEOMETRIC_REPRESENTATION_CONTEXT(2) 
PARAMETRIC_REPRESENTATION_CONTEXT() REPRESENTATION_CONTEXT('2D SPACE',''
  ) );
#5553 = ORIENTED_EDGE('',*,*,#5554,.T.);
#5554 = EDGE_CURVE('',#5534,#5555,#5557,.T.);
#5555 = VERTEX_POINT('',#5556);
#5556 = CARTESIAN_POINT('',(6.035999774933,43.096000671387,0.));
#5557 = SURFACE_CURVE('',#5558,(#5562),.PCURVE_S1.);
#5558 = LINE('',#5559,#5560);
#5559 = CARTESIAN_POINT('',(5.617000102997,43.380001068115,0.));
#5560 = VECTOR('',#5561,1.);
#5561 = DIRECTION('',(0.82777013603,-0.561067377324,0.));
#5562 = PCURVE('',#5542,#5563);
#5563 = DEFINITIONAL_REPRESENTATION('',(#5564),#5568);
#5564 = LINE('',#5565,#5566);
#5565 = CARTESIAN_POINT('',(-8.654798568757,14.202740832614));
#5566 = VECTOR('',#5567,1.);
#5567 = DIRECTION('',(-0.82777013603,-0.561067377324));
#5568 = ( GEOMETRIC_REPRESENTATION_CONTEXT(2) 
PARAMETRIC_REPRESENTATION_CONTEXT() REPRESENTATION_CONTEXT('2D SPACE',''
  ) );
#5569 = ORIENTED_EDGE('',*,*,#5570,.F.);
#5570 = EDGE_CURVE('',#5532,#5555,#5571,.T.);
#5571 = SURFACE_CURVE('',#5572,(#5576),.PCURVE_S1.);
#5572 = LINE('',#5573,#5574);
#5573 = CARTESIAN_POINT('',(-12.03600025177,14.904000282288,0.));
#5574 = VECTOR('',#5575,1.);
#5575 = DIRECTION('',(0.539670451574,0.841876358914,0.));
#5576 = PCURVE('',#5542,#5577);
#5577 = DEFINITIONAL_REPRESENTATION('',(#5578),#5582);
#5578 = LINE('',#5579,#5580);
#5579 = CARTESIAN_POINT('',(8.99820178601,-14.27325995321));
#5580 = VECTOR('',#5581,1.);
#5581 = DIRECTION('',(-0.539670451574,0.841876358914));
#5582 = ( GEOMETRIC_REPRESENTATION_CONTEXT(2) 
PARAMETRIC_REPRESENTATION_CONTEXT() REPRESENTATION_CONTEXT('2D SPACE',''
  ) );
#5583 = SHELL_BASED_SURFACE_MODEL('',(#5584));
#5584 = OPEN_SHELL('',(#5585));
#5585 = ADVANCED_FACE('',(#5586),#5600,.T.);
#5586 = FACE_BOUND('',#5587,.T.);
#5587 = EDGE_LOOP('',(#5588,#5611,#5627));
#5588 = ORIENTED_EDGE('',*,*,#5589,.F.);
#5589 = EDGE_CURVE('',#5590,#5592,#5594,.T.);
#5590 = VERTEX_POINT('',#5591);
#5591 = CARTESIAN_POINT('',(-12.03600025177,14.904000282288,0.));
#5592 = VERTEX_POINT('',#5593);
#5593 = CARTESIAN_POINT('',(5.617000102997,43.380001068115,0.));
#5594 = SURFACE_CURVE('',#5595,(#5599),.PCURVE_S1.);
#5595 = LINE('',#5596,#5597);
#5596 = CARTESIAN_POINT('',(-12.03600025177,14.904000282288,0.));
#5597 = VECTOR('',#5598,1.);
#5598 = DIRECTION('',(0.52689395864,0.849931030348,0.));
#5599 = PCURVE('',#5600,#5605);
#5600 = PLANE('',#5601);
#5601 = AXIS2_PLACEMENT_3D('',#5602,#5603,#5604);
#5602 = CARTESIAN_POINT('',(-3.388499806505,29.067123327596,0.));
#5603 = DIRECTION('',(-0.,-0.,-1.));
#5604 = DIRECTION('',(-1.,0.,0.));
#5605 = DEFINITIONAL_REPRESENTATION('',(#5606),#5610);
#5606 = LINE('',#5607,#5608);
#5607 = CARTESIAN_POINT('',(8.647500445265,-14.1631230453));
#5608 = VECTOR('',#5609,1.);
#5609 = DIRECTION('',(-0.52689395864,0.849931030348));
#5610 = ( GEOMETRIC_REPRESENTATION_CONTEXT(2) 
PARAMETRIC_REPRESENTATION_CONTEXT() REPRESENTATION_CONTEXT('2D SPACE',''
  ) );
#5611 = ORIENTED_EDGE('',*,*,#5612,.T.);
#5612 = EDGE_CURVE('',#5590,#5613,#5615,.T.);
#5613 = VERTEX_POINT('',#5614);
#5614 = CARTESIAN_POINT('',(-12.5,15.003000259399,0.));
#5615 = SURFACE_CURVE('',#5616,(#5620),.PCURVE_S1.);
#5616 = LINE('',#5617,#5618);
#5617 = CARTESIAN_POINT('',(-12.03600025177,14.904000282288,0.));
#5618 = VECTOR('',#5619,1.);
#5619 = DIRECTION('',(-0.977987088447,0.208665413594,0.));
#5620 = PCURVE('',#5600,#5621);
#5621 = DEFINITIONAL_REPRESENTATION('',(#5622),#5626);
#5622 = LINE('',#5623,#5624);
#5623 = CARTESIAN_POINT('',(8.647500445265,-14.1631230453));
#5624 = VECTOR('',#5625,1.);
#5625 = DIRECTION('',(0.977987088447,0.208665413594));
#5626 = ( GEOMETRIC_REPRESENTATION_CONTEXT(2) 
PARAMETRIC_REPRESENTATION_CONTEXT() REPRESENTATION_CONTEXT('2D SPACE',''
  ) );
#5627 = ORIENTED_EDGE('',*,*,#5628,.T.);
#5628 = EDGE_CURVE('',#5613,#5592,#5629,.T.);
#5629 = SURFACE_CURVE('',#5630,(#5634),.PCURVE_S1.);
#5630 = LINE('',#5631,#5632);
#5631 = CARTESIAN_POINT('',(-12.5,15.003000259399,0.));
#5632 = VECTOR('',#5633,1.);
#5633 = DIRECTION('',(0.538120307143,0.842868041297,0.));
#5634 = PCURVE('',#5600,#5635);
#5635 = DEFINITIONAL_REPRESENTATION('',(#5636),#5640);
#5636 = LINE('',#5637,#5638);
#5637 = CARTESIAN_POINT('',(9.111500193495,-14.06412306819));
#5638 = VECTOR('',#5639,1.);
#5639 = DIRECTION('',(-0.538120307143,0.842868041297));
#5640 = ( GEOMETRIC_REPRESENTATION_CONTEXT(2) 
PARAMETRIC_REPRESENTATION_CONTEXT() REPRESENTATION_CONTEXT('2D SPACE',''
  ) );
#5641 = SHELL_BASED_SURFACE_MODEL('',(#5642));
#5642 = OPEN_SHELL('',(#5643));
#5643 = ADVANCED_FACE('',(#5644),#5658,.T.);
#5644 = FACE_BOUND('',#5645,.T.);
#5645 = EDGE_LOOP('',(#5646,#5669,#5685));
#5646 = ORIENTED_EDGE('',*,*,#5647,.F.);
#5647 = EDGE_CURVE('',#5648,#5650,#5652,.T.);
#5648 = VERTEX_POINT('',#5649);
#5649 = CARTESIAN_POINT('',(5.283999919891,43.823001861572,0.));
#5650 = VERTEX_POINT('',#5651);
#5651 = CARTESIAN_POINT('',(-12.5,15.003000259399,0.));
#5652 = SURFACE_CURVE('',#5653,(#5657),.PCURVE_S1.);
#5653 = LINE('',#5654,#5655);
#5654 = CARTESIAN_POINT('',(5.283999919891,43.823001861572,0.));
#5655 = VECTOR('',#5656,1.);
#5656 = DIRECTION('',(-0.525138246041,-0.851016934347,0.));
#5657 = PCURVE('',#5658,#5663);
#5658 = PLANE('',#5659);
#5659 = AXIS2_PLACEMENT_3D('',#5660,#5661,#5662);
#5660 = CARTESIAN_POINT('',(-3.45193708723,29.418963828156,0.));
#5661 = DIRECTION('',(-0.,-0.,-1.));
#5662 = DIRECTION('',(-1.,0.,0.));
#5663 = DEFINITIONAL_REPRESENTATION('',(#5664),#5668);
#5664 = LINE('',#5665,#5666);
#5665 = CARTESIAN_POINT('',(-8.735937007122,14.404038033416));
#5666 = VECTOR('',#5667,1.);
#5667 = DIRECTION('',(0.525138246041,-0.851016934347));
#5668 = ( GEOMETRIC_REPRESENTATION_CONTEXT(2) 
PARAMETRIC_REPRESENTATION_CONTEXT() REPRESENTATION_CONTEXT('2D SPACE',''
  ) );
#5669 = ORIENTED_EDGE('',*,*,#5670,.T.);
#5670 = EDGE_CURVE('',#5648,#5671,#5673,.T.);
#5671 = VERTEX_POINT('',#5672);
#5672 = CARTESIAN_POINT('',(5.617000102997,43.380001068115,0.));
#5673 = SURFACE_CURVE('',#5674,(#5678),.PCURVE_S1.);
#5674 = LINE('',#5675,#5676);
#5675 = CARTESIAN_POINT('',(5.283999919891,43.823001861572,0.));
#5676 = VECTOR('',#5677,1.);
#5677 = DIRECTION('',(0.60086528463,-0.799350304764,0.));
#5678 = PCURVE('',#5658,#5679);
#5679 = DEFINITIONAL_REPRESENTATION('',(#5680),#5684);
#5680 = LINE('',#5681,#5682);
#5681 = CARTESIAN_POINT('',(-8.735937007122,14.404038033416));
#5682 = VECTOR('',#5683,1.);
#5683 = DIRECTION('',(-0.60086528463,-0.799350304764));
#5684 = ( GEOMETRIC_REPRESENTATION_CONTEXT(2) 
PARAMETRIC_REPRESENTATION_CONTEXT() REPRESENTATION_CONTEXT('2D SPACE',''
  ) );
#5685 = ORIENTED_EDGE('',*,*,#5686,.F.);
#5686 = EDGE_CURVE('',#5650,#5671,#5687,.T.);
#5687 = SURFACE_CURVE('',#5688,(#5692),.PCURVE_S1.);
#5688 = LINE('',#5689,#5690);
#5689 = CARTESIAN_POINT('',(-12.5,15.003000259399,0.));
#5690 = VECTOR('',#5691,1.);
#5691 = DIRECTION('',(0.538120307143,0.842868041297,0.));
#5692 = PCURVE('',#5658,#5693);
#5693 = DEFINITIONAL_REPRESENTATION('',(#5694),#5698);
#5694 = LINE('',#5695,#5696);
#5695 = CARTESIAN_POINT('',(9.04806291277,-14.41596356875));
#5696 = VECTOR('',#5697,1.);
#5697 = DIRECTION('',(-0.538120307143,0.842868041297));
#5698 = ( GEOMETRIC_REPRESENTATION_CONTEXT(2) 
PARAMETRIC_REPRESENTATION_CONTEXT() REPRESENTATION_CONTEXT('2D SPACE',''
  ) );
#5699 = SHELL_BASED_SURFACE_MODEL('',(#5700));
#5700 = OPEN_SHELL('',(#5701));
#5701 = ADVANCED_FACE('',(#5702),#5716,.T.);
#5702 = FACE_BOUND('',#5703,.T.);
#5703 = EDGE_LOOP('',(#5704,#5727,#5743));
#5704 = ORIENTED_EDGE('',*,*,#5705,.T.);
#5705 = EDGE_CURVE('',#5706,#5708,#5710,.T.);
#5706 = VERTEX_POINT('',#5707);
#5707 = CARTESIAN_POINT('',(-12.96399974823,11.095999717712,0.));
#5708 = VERTEX_POINT('',#5709);
#5709 = CARTESIAN_POINT('',(-19.,2.,0.));
#5710 = SURFACE_CURVE('',#5711,(#5715),.PCURVE_S1.);
#5711 = LINE('',#5712,#5713);
#5712 = CARTESIAN_POINT('',(-12.96399974823,11.095999717712,0.));
#5713 = VECTOR('',#5714,1.);
#5714 = DIRECTION('',(-0.552923247894,-0.833232189692,0.));
#5715 = PCURVE('',#5716,#5721);
#5716 = PLANE('',#5717);
#5717 = AXIS2_PLACEMENT_3D('',#5718,#5719,#5720);
#5718 = CARTESIAN_POINT('',(-16.02086680426,6.723635716285,0.));
#5719 = DIRECTION('',(-0.,-0.,-1.));
#5720 = DIRECTION('',(-1.,0.,0.));
#5721 = DEFINITIONAL_REPRESENTATION('',(#5722),#5726);
#5722 = LINE('',#5723,#5724);
#5723 = CARTESIAN_POINT('',(-3.056867056033,4.372364001428));
#5724 = VECTOR('',#5725,1.);
#5725 = DIRECTION('',(0.552923247894,-0.833232189692));
#5726 = ( GEOMETRIC_REPRESENTATION_CONTEXT(2) 
PARAMETRIC_REPRESENTATION_CONTEXT() REPRESENTATION_CONTEXT('2D SPACE',''
  ) );
#5727 = ORIENTED_EDGE('',*,*,#5728,.F.);
#5728 = EDGE_CURVE('',#5729,#5708,#5731,.T.);
#5729 = VERTEX_POINT('',#5730);
#5730 = CARTESIAN_POINT('',(-13.38300037384,11.380000114441,0.));
#5731 = SURFACE_CURVE('',#5732,(#5736),.PCURVE_S1.);
#5732 = LINE('',#5733,#5734);
#5733 = CARTESIAN_POINT('',(-13.38300037384,11.380000114441,0.));
#5734 = VECTOR('',#5735,1.);
#5735 = DIRECTION('',(-0.513755748236,-0.857936495991,0.));
#5736 = PCURVE('',#5716,#5737);
#5737 = DEFINITIONAL_REPRESENTATION('',(#5738),#5742);
#5738 = LINE('',#5739,#5740);
#5739 = CARTESIAN_POINT('',(-2.637866430422,4.656364398156));
#5740 = VECTOR('',#5741,1.);
#5741 = DIRECTION('',(0.513755748236,-0.857936495991));
#5742 = ( GEOMETRIC_REPRESENTATION_CONTEXT(2) 
PARAMETRIC_REPRESENTATION_CONTEXT() REPRESENTATION_CONTEXT('2D SPACE',''
  ) );
#5743 = ORIENTED_EDGE('',*,*,#5744,.T.);
#5744 = EDGE_CURVE('',#5729,#5706,#5745,.T.);
#5745 = SURFACE_CURVE('',#5746,(#5750),.PCURVE_S1.);
#5746 = LINE('',#5747,#5748);
#5747 = CARTESIAN_POINT('',(-13.38300037384,11.380000114441,0.));
#5748 = VECTOR('',#5749,1.);
#5749 = DIRECTION('',(0.827770729126,-0.561066502299,0.));
#5750 = PCURVE('',#5716,#5751);
#5751 = DEFINITIONAL_REPRESENTATION('',(#5752),#5756);
#5752 = LINE('',#5753,#5754);
#5753 = CARTESIAN_POINT('',(-2.637866430422,4.656364398156));
#5754 = VECTOR('',#5755,1.);
#5755 = DIRECTION('',(-0.827770729126,-0.561066502299));
#5756 = ( GEOMETRIC_REPRESENTATION_CONTEXT(2) 
PARAMETRIC_REPRESENTATION_CONTEXT() REPRESENTATION_CONTEXT('2D SPACE',''
  ) );
#5757 = SHELL_BASED_SURFACE_MODEL('',(#5758));
#5758 = OPEN_SHELL('',(#5759));
#5759 = ADVANCED_FACE('',(#5760),#5774,.T.);
#5760 = FACE_BOUND('',#5761,.T.);
#5761 = EDGE_LOOP('',(#5762,#5785,#5801));
#5762 = ORIENTED_EDGE('',*,*,#5763,.T.);
#5763 = EDGE_CURVE('',#5764,#5766,#5768,.T.);
#5764 = VERTEX_POINT('',#5765);
#5765 = CARTESIAN_POINT('',(-12.5,10.998000144958,0.));
#5766 = VERTEX_POINT('',#5767);
#5767 = CARTESIAN_POINT('',(-19.,2.,0.));
#5768 = SURFACE_CURVE('',#5769,(#5773),.PCURVE_S1.);
#5769 = LINE('',#5770,#5771);
#5770 = CARTESIAN_POINT('',(-12.5,10.998000144958,0.));
#5771 = VECTOR('',#5772,1.);
#5772 = DIRECTION('',(-0.585576064625,-0.810617463751,0.));
#5773 = PCURVE('',#5774,#5779);
#5774 = PLANE('',#5775);
#5775 = AXIS2_PLACEMENT_3D('',#5776,#5777,#5778);
#5776 = CARTESIAN_POINT('',(-15.79897031,6.618680798668,0.));
#5777 = DIRECTION('',(-0.,-0.,-1.));
#5778 = DIRECTION('',(-1.,0.,0.));
#5779 = DEFINITIONAL_REPRESENTATION('',(#5780),#5784);
#5780 = LINE('',#5781,#5782);
#5781 = CARTESIAN_POINT('',(-3.298970310006,4.37931934629));
#5782 = VECTOR('',#5783,1.);
#5783 = DIRECTION('',(0.585576064625,-0.810617463751));
#5784 = ( GEOMETRIC_REPRESENTATION_CONTEXT(2) 
PARAMETRIC_REPRESENTATION_CONTEXT() REPRESENTATION_CONTEXT('2D SPACE',''
  ) );
#5785 = ORIENTED_EDGE('',*,*,#5786,.F.);
#5786 = EDGE_CURVE('',#5787,#5766,#5789,.T.);
#5787 = VERTEX_POINT('',#5788);
#5788 = CARTESIAN_POINT('',(-12.96399974823,11.095999717712,0.));
#5789 = SURFACE_CURVE('',#5790,(#5794),.PCURVE_S1.);
#5790 = LINE('',#5791,#5792);
#5791 = CARTESIAN_POINT('',(-12.96399974823,11.095999717712,0.));
#5792 = VECTOR('',#5793,1.);
#5793 = DIRECTION('',(-0.552923247894,-0.833232189692,0.));
#5794 = PCURVE('',#5774,#5795);
#5795 = DEFINITIONAL_REPRESENTATION('',(#5796),#5800);
#5796 = LINE('',#5797,#5798);
#5797 = CARTESIAN_POINT('',(-2.834970561776,4.477318919044));
#5798 = VECTOR('',#5799,1.);
#5799 = DIRECTION('',(0.552923247894,-0.833232189692));
#5800 = ( GEOMETRIC_REPRESENTATION_CONTEXT(2) 
PARAMETRIC_REPRESENTATION_CONTEXT() REPRESENTATION_CONTEXT('2D SPACE',''
  ) );
#5801 = ORIENTED_EDGE('',*,*,#5802,.T.);
#5802 = EDGE_CURVE('',#5787,#5764,#5803,.T.);
#5803 = SURFACE_CURVE('',#5804,(#5808),.PCURVE_S1.);
#5804 = LINE('',#5805,#5806);
#5805 = CARTESIAN_POINT('',(-12.96399974823,11.095999717712,0.));
#5806 = VECTOR('',#5807,1.);
#5807 = DIRECTION('',(0.978415498823,-0.206647312259,0.));
#5808 = PCURVE('',#5774,#5809);
#5809 = DEFINITIONAL_REPRESENTATION('',(#5810),#5814);
#5810 = LINE('',#5811,#5812);
#5811 = CARTESIAN_POINT('',(-2.834970561776,4.477318919044));
#5812 = VECTOR('',#5813,1.);
#5813 = DIRECTION('',(-0.978415498823,-0.206647312259));
#5814 = ( GEOMETRIC_REPRESENTATION_CONTEXT(2) 
PARAMETRIC_REPRESENTATION_CONTEXT() REPRESENTATION_CONTEXT('2D SPACE',''
  ) );
#5815 = SHELL_BASED_SURFACE_MODEL('',(#5816));
#5816 = OPEN_SHELL('',(#5817));
#5817 = ADVANCED_FACE('',(#5818),#5832,.T.);
#5818 = FACE_BOUND('',#5819,.T.);
#5819 = EDGE_LOOP('',(#5820,#5843,#5859));
#5820 = ORIENTED_EDGE('',*,*,#5821,.T.);
#5821 = EDGE_CURVE('',#5822,#5824,#5826,.T.);
#5822 = VERTEX_POINT('',#5823);
#5823 = CARTESIAN_POINT('',(-6.002999782562,7.002999782562,0.));
#5824 = VERTEX_POINT('',#5825);
#5825 = CARTESIAN_POINT('',(-12.5,10.998000144958,0.));
#5826 = SURFACE_CURVE('',#5827,(#5831),.PCURVE_S1.);
#5827 = LINE('',#5828,#5829);
#5828 = CARTESIAN_POINT('',(-6.002999782562,7.002999782562,0.));
#5829 = VECTOR('',#5830,1.);
#5830 = DIRECTION('',(-0.851842821965,0.523797486311,0.));
#5831 = PCURVE('',#5832,#5837);
#5832 = PLANE('',#5833);
#5833 = AXIS2_PLACEMENT_3D('',#5834,#5835,#5836);
#5834 = CARTESIAN_POINT('',(-9.234553251467,9.08676452851,0.));
#5835 = DIRECTION('',(-0.,-0.,-1.));
#5836 = DIRECTION('',(-1.,0.,0.));
#5837 = DEFINITIONAL_REPRESENTATION('',(#5838),#5842);
#5838 = LINE('',#5839,#5840);
#5839 = CARTESIAN_POINT('',(-3.231553468905,-2.083764745948));
#5840 = VECTOR('',#5841,1.);
#5841 = DIRECTION('',(0.851842821965,0.523797486311));
#5842 = ( GEOMETRIC_REPRESENTATION_CONTEXT(2) 
PARAMETRIC_REPRESENTATION_CONTEXT() REPRESENTATION_CONTEXT('2D SPACE',''
  ) );
#5843 = ORIENTED_EDGE('',*,*,#5844,.T.);
#5844 = EDGE_CURVE('',#5824,#5845,#5847,.T.);
#5845 = VERTEX_POINT('',#5846);
#5846 = CARTESIAN_POINT('',(-12.03600025177,11.095999717712,0.));
#5847 = SURFACE_CURVE('',#5848,(#5852),.PCURVE_S1.);
#5848 = LINE('',#5849,#5850);
#5849 = CARTESIAN_POINT('',(-12.5,10.998000144958,0.));
#5850 = VECTOR('',#5851,1.);
#5851 = DIRECTION('',(0.978415498823,0.206647312259,0.));
#5852 = PCURVE('',#5832,#5853);
#5853 = DEFINITIONAL_REPRESENTATION('',(#5854),#5858);
#5854 = LINE('',#5855,#5856);
#5855 = CARTESIAN_POINT('',(3.265446748533,1.911235616448));
#5856 = VECTOR('',#5857,1.);
#5857 = DIRECTION('',(-0.978415498823,0.206647312259));
#5858 = ( GEOMETRIC_REPRESENTATION_CONTEXT(2) 
PARAMETRIC_REPRESENTATION_CONTEXT() REPRESENTATION_CONTEXT('2D SPACE',''
  ) );
#5859 = ORIENTED_EDGE('',*,*,#5860,.F.);
#5860 = EDGE_CURVE('',#5822,#5845,#5861,.T.);
#5861 = SURFACE_CURVE('',#5862,(#5866),.PCURVE_S1.);
#5862 = LINE('',#5863,#5864);
#5863 = CARTESIAN_POINT('',(-6.002999782562,7.002999782562,0.));
#5864 = VECTOR('',#5865,1.);
#5865 = DIRECTION('',(-0.827528146263,0.56142423099,0.));
#5866 = PCURVE('',#5832,#5867);
#5867 = DEFINITIONAL_REPRESENTATION('',(#5868),#5872);
#5868 = LINE('',#5869,#5870);
#5869 = CARTESIAN_POINT('',(-3.231553468905,-2.083764745948));
#5870 = VECTOR('',#5871,1.);
#5871 = DIRECTION('',(0.827528146263,0.56142423099));
#5872 = ( GEOMETRIC_REPRESENTATION_CONTEXT(2) 
PARAMETRIC_REPRESENTATION_CONTEXT() REPRESENTATION_CONTEXT('2D SPACE',''
  ) );
#5873 = SHELL_BASED_SURFACE_MODEL('',(#5874));
#5874 = OPEN_SHELL('',(#5875));
#5875 = ADVANCED_FACE('',(#5876),#5890,.T.);
#5876 = FACE_BOUND('',#5877,.T.);
#5877 = EDGE_LOOP('',(#5878,#5901,#5917));
#5878 = ORIENTED_EDGE('',*,*,#5879,.T.);
#5879 = EDGE_CURVE('',#5880,#5882,#5884,.T.);
#5880 = VERTEX_POINT('',#5881);
#5881 = CARTESIAN_POINT('',(-6.002999782562,7.002999782562,0.));
#5882 = VERTEX_POINT('',#5883);
#5883 = CARTESIAN_POINT('',(-19.,2.,0.));
#5884 = SURFACE_CURVE('',#5885,(#5889),.PCURVE_S1.);
#5885 = LINE('',#5886,#5887);
#5886 = CARTESIAN_POINT('',(-6.002999782562,7.002999782562,0.));
#5887 = VECTOR('',#5888,1.);
#5888 = DIRECTION('',(-0.933245642915,-0.359238875931,0.));
#5889 = PCURVE('',#5890,#5895);
#5890 = PLANE('',#5891);
#5891 = AXIS2_PLACEMENT_3D('',#5892,#5893,#5894);
#5892 = CARTESIAN_POINT('',(-12.84667235324,6.231356438884,0.));
#5893 = DIRECTION('',(-0.,-0.,-1.));
#5894 = DIRECTION('',(-1.,0.,0.));
#5895 = DEFINITIONAL_REPRESENTATION('',(#5896),#5900);
#5896 = LINE('',#5897,#5898);
#5897 = CARTESIAN_POINT('',(-6.843672570683,0.771643343678));
#5898 = VECTOR('',#5899,1.);
#5899 = DIRECTION('',(0.933245642915,-0.359238875931));
#5900 = ( GEOMETRIC_REPRESENTATION_CONTEXT(2) 
PARAMETRIC_REPRESENTATION_CONTEXT() REPRESENTATION_CONTEXT('2D SPACE',''
  ) );
#5901 = ORIENTED_EDGE('',*,*,#5902,.F.);
#5902 = EDGE_CURVE('',#5903,#5882,#5905,.T.);
#5903 = VERTEX_POINT('',#5904);
#5904 = CARTESIAN_POINT('',(-12.5,10.998000144958,0.));
#5905 = SURFACE_CURVE('',#5906,(#5910),.PCURVE_S1.);
#5906 = LINE('',#5907,#5908);
#5907 = CARTESIAN_POINT('',(-12.5,10.998000144958,0.));
#5908 = VECTOR('',#5909,1.);
#5909 = DIRECTION('',(-0.585576064625,-0.810617463751,0.));
#5910 = PCURVE('',#5890,#5911);
#5911 = DEFINITIONAL_REPRESENTATION('',(#5912),#5916);
#5912 = LINE('',#5913,#5914);
#5913 = CARTESIAN_POINT('',(-0.346672353245,4.766643706074));
#5914 = VECTOR('',#5915,1.);
#5915 = DIRECTION('',(0.585576064625,-0.810617463751));
#5916 = ( GEOMETRIC_REPRESENTATION_CONTEXT(2) 
PARAMETRIC_REPRESENTATION_CONTEXT() REPRESENTATION_CONTEXT('2D SPACE',''
  ) );
#5917 = ORIENTED_EDGE('',*,*,#5918,.F.);
#5918 = EDGE_CURVE('',#5880,#5903,#5919,.T.);
#5919 = SURFACE_CURVE('',#5920,(#5924),.PCURVE_S1.);
#5920 = LINE('',#5921,#5922);
#5921 = CARTESIAN_POINT('',(-6.002999782562,7.002999782562,0.));
#5922 = VECTOR('',#5923,1.);
#5923 = DIRECTION('',(-0.851842821965,0.523797486311,0.));
#5924 = PCURVE('',#5890,#5925);
#5925 = DEFINITIONAL_REPRESENTATION('',(#5926),#5930);
#5926 = LINE('',#5927,#5928);
#5927 = CARTESIAN_POINT('',(-6.843672570683,0.771643343678));
#5928 = VECTOR('',#5929,1.);
#5929 = DIRECTION('',(0.851842821965,0.523797486311));
#5930 = ( GEOMETRIC_REPRESENTATION_CONTEXT(2) 
PARAMETRIC_REPRESENTATION_CONTEXT() REPRESENTATION_CONTEXT('2D SPACE',''
  ) );
#5931 = SHELL_BASED_SURFACE_MODEL('',(#5932));
#5932 = OPEN_SHELL('',(#5933));
#5933 = ADVANCED_FACE('',(#5934),#5948,.T.);
#5934 = FACE_BOUND('',#5935,.T.);
#5935 = EDGE_LOOP('',(#5936,#5959,#5975));
#5936 = ORIENTED_EDGE('',*,*,#5937,.T.);
#5937 = EDGE_CURVE('',#5938,#5940,#5942,.T.);
#5938 = VERTEX_POINT('',#5939);
#5939 = CARTESIAN_POINT('',(-6.002999782562,7.002999782562,0.));
#5940 = VERTEX_POINT('',#5941);
#5941 = CARTESIAN_POINT('',(-6.002999782562,-3.003000020981,0.));
#5942 = SURFACE_CURVE('',#5943,(#5947),.PCURVE_S1.);
#5943 = LINE('',#5944,#5945);
#5944 = CARTESIAN_POINT('',(-6.002999782562,7.002999782562,0.));
#5945 = VECTOR('',#5946,1.);
#5946 = DIRECTION('',(0.,-1.,0.));
#5947 = PCURVE('',#5948,#5953);
#5948 = PLANE('',#5949);
#5949 = AXIS2_PLACEMENT_3D('',#5950,#5951,#5952);
#5950 = CARTESIAN_POINT('',(-10.78398433807,1.999999918983,0.));
#5951 = DIRECTION('',(-0.,-0.,-1.));
#5952 = DIRECTION('',(-1.,0.,0.));
#5953 = DEFINITIONAL_REPRESENTATION('',(#5954),#5958);
#5954 = LINE('',#5955,#5956);
#5955 = CARTESIAN_POINT('',(-4.780984555512,5.002999863579));
#5956 = VECTOR('',#5957,1.);
#5957 = DIRECTION('',(0.,-1.));
#5958 = ( GEOMETRIC_REPRESENTATION_CONTEXT(2) 
PARAMETRIC_REPRESENTATION_CONTEXT() REPRESENTATION_CONTEXT('2D SPACE',''
  ) );
#5959 = ORIENTED_EDGE('',*,*,#5960,.F.);
#5960 = EDGE_CURVE('',#5961,#5940,#5963,.T.);
#5961 = VERTEX_POINT('',#5962);
#5962 = CARTESIAN_POINT('',(-19.,2.,0.));
#5963 = SURFACE_CURVE('',#5964,(#5968),.PCURVE_S1.);
#5964 = LINE('',#5965,#5966);
#5965 = CARTESIAN_POINT('',(-19.,2.,0.));
#5966 = VECTOR('',#5967,1.);
#5967 = DIRECTION('',(0.933245637176,-0.359238890841,0.));
#5968 = PCURVE('',#5948,#5969);
#5969 = DEFINITIONAL_REPRESENTATION('',(#5970),#5974);
#5970 = LINE('',#5971,#5972);
#5971 = CARTESIAN_POINT('',(8.216015661925,8.101695092577E-08));
#5972 = VECTOR('',#5973,1.);
#5973 = DIRECTION('',(-0.933245637176,-0.359238890841));
#5974 = ( GEOMETRIC_REPRESENTATION_CONTEXT(2) 
PARAMETRIC_REPRESENTATION_CONTEXT() REPRESENTATION_CONTEXT('2D SPACE',''
  ) );
#5975 = ORIENTED_EDGE('',*,*,#5976,.F.);
#5976 = EDGE_CURVE('',#5938,#5961,#5977,.T.);
#5977 = SURFACE_CURVE('',#5978,(#5982),.PCURVE_S1.);
#5978 = LINE('',#5979,#5980);
#5979 = CARTESIAN_POINT('',(-6.002999782562,7.002999782562,0.));
#5980 = VECTOR('',#5981,1.);
#5981 = DIRECTION('',(-0.933245642915,-0.359238875931,0.));
#5982 = PCURVE('',#5948,#5983);
#5983 = DEFINITIONAL_REPRESENTATION('',(#5984),#5988);
#5984 = LINE('',#5985,#5986);
#5985 = CARTESIAN_POINT('',(-4.780984555512,5.002999863579));
#5986 = VECTOR('',#5987,1.);
#5987 = DIRECTION('',(0.933245642915,-0.359238875931));
#5988 = ( GEOMETRIC_REPRESENTATION_CONTEXT(2) 
PARAMETRIC_REPRESENTATION_CONTEXT() REPRESENTATION_CONTEXT('2D SPACE',''
  ) );
#5989 = SHELL_BASED_SURFACE_MODEL('',(#5990));
#5990 = OPEN_SHELL('',(#5991));
#5991 = ADVANCED_FACE('',(#5992),#6006,.T.);
#5992 = FACE_BOUND('',#5993,.T.);
#5993 = EDGE_LOOP('',(#5994,#6017,#6033));
#5994 = ORIENTED_EDGE('',*,*,#5995,.T.);
#5995 = EDGE_CURVE('',#5996,#5998,#6000,.T.);
#5996 = VERTEX_POINT('',#5997);
#5997 = CARTESIAN_POINT('',(-13.38300037384,14.619999885559,3.));
#5998 = VERTEX_POINT('',#5999);
#5999 = CARTESIAN_POINT('',(-12.96399974823,14.904000282288,0.));
#6000 = SURFACE_CURVE('',#6001,(#6005),.PCURVE_S1.);
#6001 = LINE('',#6002,#6003);
#6002 = CARTESIAN_POINT('',(-13.38300037384,14.619999885559,3.));
#6003 = VECTOR('',#6004,1.);
#6004 = DIRECTION('',(0.137720277799,9.334738695327E-02,-0.986062569228)
  );
#6005 = PCURVE('',#6006,#6011);
#6006 = PLANE('',#6007);
#6007 = AXIS2_PLACEMENT_3D('',#6008,#6009,#6010);
#6008 = CARTESIAN_POINT('',(-13.0775249542,14.827052417382,1.61594406936
    ));
#6009 = DIRECTION('',(0.561066502299,-0.827770729126,-0.));
#6010 = DIRECTION('',(-0.827770729126,-0.561066502299,0.));
#6011 = DEFINITIONAL_REPRESENTATION('',(#6012),#6016);
#6012 = LINE('',#6013,#6014);
#6013 = CARTESIAN_POINT('',(0.369033850665,-1.38405593064));
#6014 = VECTOR('',#6015,1.);
#6015 = DIRECTION('',(-0.166374906666,0.986062569228));
#6016 = ( GEOMETRIC_REPRESENTATION_CONTEXT(2) 
PARAMETRIC_REPRESENTATION_CONTEXT() REPRESENTATION_CONTEXT('2D SPACE',''
  ) );
#6017 = ORIENTED_EDGE('',*,*,#6018,.T.);
#6018 = EDGE_CURVE('',#5998,#6019,#6021,.T.);
#6019 = VERTEX_POINT('',#6020);
#6020 = CARTESIAN_POINT('',(-12.96399974823,14.904000282288,3.));
#6021 = SURFACE_CURVE('',#6022,(#6026),.PCURVE_S1.);
#6022 = LINE('',#6023,#6024);
#6023 = CARTESIAN_POINT('',(-12.96399974823,14.904000282288,0.));
#6024 = VECTOR('',#6025,1.);
#6025 = DIRECTION('',(0.,0.,1.));
#6026 = PCURVE('',#6006,#6027);
#6027 = DEFINITIONAL_REPRESENTATION('',(#6028),#6032);
#6028 = LINE('',#6029,#6030);
#6029 = CARTESIAN_POINT('',(-0.137145711945,1.61594406936));
#6030 = VECTOR('',#6031,1.);
#6031 = DIRECTION('',(0.,-1.));
#6032 = ( GEOMETRIC_REPRESENTATION_CONTEXT(2) 
PARAMETRIC_REPRESENTATION_CONTEXT() REPRESENTATION_CONTEXT('2D SPACE',''
  ) );
#6033 = ORIENTED_EDGE('',*,*,#6034,.F.);
#6034 = EDGE_CURVE('',#5996,#6019,#6035,.T.);
#6035 = SURFACE_CURVE('',#6036,(#6040),.PCURVE_S1.);
#6036 = LINE('',#6037,#6038);
#6037 = CARTESIAN_POINT('',(-13.38300037384,14.619999885559,3.));
#6038 = VECTOR('',#6039,1.);
#6039 = DIRECTION('',(0.827770729126,0.561066502299,0.));
#6040 = PCURVE('',#6006,#6041);
#6041 = DEFINITIONAL_REPRESENTATION('',(#6042),#6046);
#6042 = LINE('',#6043,#6044);
#6043 = CARTESIAN_POINT('',(0.369033850665,-1.38405593064));
#6044 = VECTOR('',#6045,1.);
#6045 = DIRECTION('',(-1.,0.));
#6046 = ( GEOMETRIC_REPRESENTATION_CONTEXT(2) 
PARAMETRIC_REPRESENTATION_CONTEXT() REPRESENTATION_CONTEXT('2D SPACE',''
  ) );
#6047 = SHELL_BASED_SURFACE_MODEL('',(#6048));
#6048 = OPEN_SHELL('',(#6049));
#6049 = ADVANCED_FACE('',(#6050),#6064,.T.);
#6050 = FACE_BOUND('',#6051,.T.);
#6051 = EDGE_LOOP('',(#6052,#6075,#6091));
#6052 = ORIENTED_EDGE('',*,*,#6053,.F.);
#6053 = EDGE_CURVE('',#6054,#6056,#6058,.T.);
#6054 = VERTEX_POINT('',#6055);
#6055 = CARTESIAN_POINT('',(-12.96399974823,14.904000282288,3.));
#6056 = VERTEX_POINT('',#6057);
#6057 = CARTESIAN_POINT('',(-12.5,15.003000259399,3.));
#6058 = SURFACE_CURVE('',#6059,(#6063),.PCURVE_S1.);
#6059 = LINE('',#6060,#6061);
#6060 = CARTESIAN_POINT('',(-12.96399974823,14.904000282288,3.));
#6061 = VECTOR('',#6062,1.);
#6062 = DIRECTION('',(0.977987088447,0.208665413594,0.));
#6063 = PCURVE('',#6064,#6069);
#6064 = PLANE('',#6065);
#6065 = AXIS2_PLACEMENT_3D('',#6066,#6067,#6068);
#6066 = CARTESIAN_POINT('',(-12.83888388625,14.930695269773,
    1.60928979881));
#6067 = DIRECTION('',(0.208665413594,-0.977987088447,-0.));
#6068 = DIRECTION('',(-0.977987088447,-0.208665413594,0.));
#6069 = DEFINITIONAL_REPRESENTATION('',(#6070),#6074);
#6070 = LINE('',#6071,#6072);
#6071 = CARTESIAN_POINT('',(0.127932018181,-1.39071020119));
#6072 = VECTOR('',#6073,1.);
#6073 = DIRECTION('',(-1.,0.));
#6074 = ( GEOMETRIC_REPRESENTATION_CONTEXT(2) 
PARAMETRIC_REPRESENTATION_CONTEXT() REPRESENTATION_CONTEXT('2D SPACE',''
  ) );
#6075 = ORIENTED_EDGE('',*,*,#6076,.F.);
#6076 = EDGE_CURVE('',#6077,#6054,#6079,.T.);
#6077 = VERTEX_POINT('',#6078);
#6078 = CARTESIAN_POINT('',(-12.96399974823,14.904000282288,0.));
#6079 = SURFACE_CURVE('',#6080,(#6084),.PCURVE_S1.);
#6080 = LINE('',#6081,#6082);
#6081 = CARTESIAN_POINT('',(-12.96399974823,14.904000282288,0.));
#6082 = VECTOR('',#6083,1.);
#6083 = DIRECTION('',(0.,0.,1.));
#6084 = PCURVE('',#6064,#6085);
#6085 = DEFINITIONAL_REPRESENTATION('',(#6086),#6090);
#6086 = LINE('',#6087,#6088);
#6087 = CARTESIAN_POINT('',(0.127932018181,1.60928979881));
#6088 = VECTOR('',#6089,1.);
#6089 = DIRECTION('',(0.,-1.));
#6090 = ( GEOMETRIC_REPRESENTATION_CONTEXT(2) 
PARAMETRIC_REPRESENTATION_CONTEXT() REPRESENTATION_CONTEXT('2D SPACE',''
  ) );
#6091 = ORIENTED_EDGE('',*,*,#6092,.T.);
#6092 = EDGE_CURVE('',#6077,#6056,#6093,.T.);
#6093 = SURFACE_CURVE('',#6094,(#6098),.PCURVE_S1.);
#6094 = LINE('',#6095,#6096);
#6095 = CARTESIAN_POINT('',(-12.96399974823,14.904000282288,0.));
#6096 = VECTOR('',#6097,1.);
#6097 = DIRECTION('',(0.152767960192,3.259489820875E-02,0.9877244165));
#6098 = PCURVE('',#6064,#6099);
#6099 = DEFINITIONAL_REPRESENTATION('',(#6100),#6104);
#6100 = LINE('',#6101,#6102);
#6101 = CARTESIAN_POINT('',(0.127932018181,1.60928979881));
#6102 = VECTOR('',#6103,1.);
#6103 = DIRECTION('',(-0.156206520512,-0.9877244165));
#6104 = ( GEOMETRIC_REPRESENTATION_CONTEXT(2) 
PARAMETRIC_REPRESENTATION_CONTEXT() REPRESENTATION_CONTEXT('2D SPACE',''
  ) );
#6105 = SHELL_BASED_SURFACE_MODEL('',(#6106));
#6106 = OPEN_SHELL('',(#6107));
#6107 = ADVANCED_FACE('',(#6108),#6122,.T.);
#6108 = FACE_BOUND('',#6109,.T.);
#6109 = EDGE_LOOP('',(#6110,#6133,#6149));
#6110 = ORIENTED_EDGE('',*,*,#6111,.T.);
#6111 = EDGE_CURVE('',#6112,#6114,#6116,.T.);
#6112 = VERTEX_POINT('',#6113);
#6113 = CARTESIAN_POINT('',(-0.998000025749,7.002999782562,3.));
#6114 = VERTEX_POINT('',#6115);
#6115 = CARTESIAN_POINT('',(-0.998000025749,-3.003000020981,0.));
#6116 = SURFACE_CURVE('',#6117,(#6121),.PCURVE_S1.);
#6117 = LINE('',#6118,#6119);
#6118 = CARTESIAN_POINT('',(-0.998000025749,7.002999782562,3.));
#6119 = VECTOR('',#6120,1.);
#6120 = DIRECTION('',(0.,-0.957873696462,-0.2871898007));
#6121 = PCURVE('',#6122,#6127);
#6122 = PLANE('',#6123);
#6123 = AXIS2_PLACEMENT_3D('',#6124,#6125,#6126);
#6124 = CARTESIAN_POINT('',(-0.998000025749,1.360013285085,
    2.139986595706));
#6125 = DIRECTION('',(-1.,-0.,-0.));
#6126 = DIRECTION('',(0.,0.,-1.));
#6127 = DEFINITIONAL_REPRESENTATION('',(#6128),#6132);
#6128 = LINE('',#6129,#6130);
#6129 = CARTESIAN_POINT('',(-0.860013404294,-5.642986497478));
#6130 = VECTOR('',#6131,1.);
#6131 = DIRECTION('',(0.2871898007,0.957873696462));
#6132 = ( GEOMETRIC_REPRESENTATION_CONTEXT(2) 
PARAMETRIC_REPRESENTATION_CONTEXT() REPRESENTATION_CONTEXT('2D SPACE',''
  ) );
#6133 = ORIENTED_EDGE('',*,*,#6134,.T.);
#6134 = EDGE_CURVE('',#6114,#6135,#6137,.T.);
#6135 = VERTEX_POINT('',#6136);
#6136 = CARTESIAN_POINT('',(-0.998000025749,-3.003000020981,3.));
#6137 = SURFACE_CURVE('',#6138,(#6142),.PCURVE_S1.);
#6138 = LINE('',#6139,#6140);
#6139 = CARTESIAN_POINT('',(-0.998000025749,-3.003000020981,0.));
#6140 = VECTOR('',#6141,1.);
#6141 = DIRECTION('',(0.,0.,1.));
#6142 = PCURVE('',#6122,#6143);
#6143 = DEFINITIONAL_REPRESENTATION('',(#6144),#6148);
#6144 = LINE('',#6145,#6146);
#6145 = CARTESIAN_POINT('',(2.139986595706,4.363013306065));
#6146 = VECTOR('',#6147,1.);
#6147 = DIRECTION('',(-1.,0.));
#6148 = ( GEOMETRIC_REPRESENTATION_CONTEXT(2) 
PARAMETRIC_REPRESENTATION_CONTEXT() REPRESENTATION_CONTEXT('2D SPACE',''
  ) );
#6149 = ORIENTED_EDGE('',*,*,#6150,.F.);
#6150 = EDGE_CURVE('',#6112,#6135,#6151,.T.);
#6151 = SURFACE_CURVE('',#6152,(#6156),.PCURVE_S1.);
#6152 = LINE('',#6153,#6154);
#6153 = CARTESIAN_POINT('',(-0.998000025749,7.002999782562,3.));
#6154 = VECTOR('',#6155,1.);
#6155 = DIRECTION('',(0.,-1.,0.));
#6156 = PCURVE('',#6122,#6157);
#6157 = DEFINITIONAL_REPRESENTATION('',(#6158),#6162);
#6158 = LINE('',#6159,#6160);
#6159 = CARTESIAN_POINT('',(-0.860013404294,-5.642986497478));
#6160 = VECTOR('',#6161,1.);
#6161 = DIRECTION('',(0.,1.));
#6162 = ( GEOMETRIC_REPRESENTATION_CONTEXT(2) 
PARAMETRIC_REPRESENTATION_CONTEXT() REPRESENTATION_CONTEXT('2D SPACE',''
  ) );
#6163 = SHELL_BASED_SURFACE_MODEL('',(#6164));
#6164 = OPEN_SHELL('',(#6165));
#6165 = ADVANCED_FACE('',(#6166),#6180,.T.);
#6166 = FACE_BOUND('',#6167,.T.);
#6167 = EDGE_LOOP('',(#6168,#6191,#6207));
#6168 = ORIENTED_EDGE('',*,*,#6169,.F.);
#6169 = EDGE_CURVE('',#6170,#6172,#6174,.T.);
#6170 = VERTEX_POINT('',#6171);
#6171 = CARTESIAN_POINT('',(-18.,55.,0.));
#6172 = VERTEX_POINT('',#6173);
#6173 = CARTESIAN_POINT('',(12.,55.,0.));
#6174 = SURFACE_CURVE('',#6175,(#6179),.PCURVE_S1.);
#6175 = LINE('',#6176,#6177);
#6176 = CARTESIAN_POINT('',(-18.,55.,0.));
#6177 = VECTOR('',#6178,1.);
#6178 = DIRECTION('',(1.,0.,0.));
#6179 = PCURVE('',#6180,#6185);
#6180 = PLANE('',#6181);
#6181 = AXIS2_PLACEMENT_3D('',#6182,#6183,#6184);
#6182 = CARTESIAN_POINT('',(-6.253572157732,55.,5.746427842268));
#6183 = DIRECTION('',(0.,1.,0.));
#6184 = DIRECTION('',(0.,-0.,1.));
#6185 = DEFINITIONAL_REPRESENTATION('',(#6186),#6190);
#6186 = LINE('',#6187,#6188);
#6187 = CARTESIAN_POINT('',(-5.746427842268,-11.74642784226));
#6188 = VECTOR('',#6189,1.);
#6189 = DIRECTION('',(0.,1.));
#6190 = ( GEOMETRIC_REPRESENTATION_CONTEXT(2) 
PARAMETRIC_REPRESENTATION_CONTEXT() REPRESENTATION_CONTEXT('2D SPACE',''
  ) );
#6191 = ORIENTED_EDGE('',*,*,#6192,.F.);
#6192 = EDGE_CURVE('',#6193,#6170,#6195,.T.);
#6193 = VERTEX_POINT('',#6194);
#6194 = CARTESIAN_POINT('',(-18.,55.,18.));
#6195 = SURFACE_CURVE('',#6196,(#6200),.PCURVE_S1.);
#6196 = LINE('',#6197,#6198);
#6197 = CARTESIAN_POINT('',(-18.,55.,18.));
#6198 = VECTOR('',#6199,1.);
#6199 = DIRECTION('',(0.,0.,-1.));
#6200 = PCURVE('',#6180,#6201);
#6201 = DEFINITIONAL_REPRESENTATION('',(#6202),#6206);
#6202 = LINE('',#6203,#6204);
#6203 = CARTESIAN_POINT('',(12.253572157732,-11.74642784226));
#6204 = VECTOR('',#6205,1.);
#6205 = DIRECTION('',(-1.,0.));
#6206 = ( GEOMETRIC_REPRESENTATION_CONTEXT(2) 
PARAMETRIC_REPRESENTATION_CONTEXT() REPRESENTATION_CONTEXT('2D SPACE',''
  ) );
#6207 = ORIENTED_EDGE('',*,*,#6208,.F.);
#6208 = EDGE_CURVE('',#6172,#6193,#6209,.T.);
#6209 = SURFACE_CURVE('',#6210,(#6214),.PCURVE_S1.);
#6210 = LINE('',#6211,#6212);
#6211 = CARTESIAN_POINT('',(12.,55.,0.));
#6212 = VECTOR('',#6213,1.);
#6213 = DIRECTION('',(-0.857492925713,0.,0.514495755428));
#6214 = PCURVE('',#6180,#6215);
#6215 = DEFINITIONAL_REPRESENTATION('',(#6216),#6220);
#6216 = LINE('',#6217,#6218);
#6217 = CARTESIAN_POINT('',(-5.746427842268,18.253572157732));
#6218 = VECTOR('',#6219,1.);
#6219 = DIRECTION('',(0.514495755428,-0.857492925713));
#6220 = ( GEOMETRIC_REPRESENTATION_CONTEXT(2) 
PARAMETRIC_REPRESENTATION_CONTEXT() REPRESENTATION_CONTEXT('2D SPACE',''
  ) );
#6221 = SHELL_BASED_SURFACE_MODEL('',(#6222));
#6222 = OPEN_SHELL('',(#6223));
#6223 = ADVANCED_FACE('',(#6224),#6238,.T.);
#6224 = FACE_BOUND('',#6225,.T.);
#6225 = EDGE_LOOP('',(#6226,#6249,#6265));
#6226 = ORIENTED_EDGE('',*,*,#6227,.T.);
#6227 = EDGE_CURVE('',#6228,#6230,#6232,.T.);
#6228 = VERTEX_POINT('',#6229);
#6229 = CARTESIAN_POINT('',(-18.,52.,0.));
#6230 = VERTEX_POINT('',#6231);
#6231 = CARTESIAN_POINT('',(-20.,52.,0.));
#6232 = SURFACE_CURVE('',#6233,(#6237),.PCURVE_S1.);
#6233 = LINE('',#6234,#6235);
#6234 = CARTESIAN_POINT('',(-18.,52.,0.));
#6235 = VECTOR('',#6236,1.);
#6236 = DIRECTION('',(-1.,0.,0.));
#6237 = PCURVE('',#6238,#6243);
#6238 = PLANE('',#6239);
#6239 = AXIS2_PLACEMENT_3D('',#6240,#6241,#6242);
#6240 = CARTESIAN_POINT('',(-19.47230743093,52.,8.527692569069));
#6241 = DIRECTION('',(0.,1.,0.));
#6242 = DIRECTION('',(0.,-0.,1.));
#6243 = DEFINITIONAL_REPRESENTATION('',(#6244),#6248);
#6244 = LINE('',#6245,#6246);
#6245 = CARTESIAN_POINT('',(-8.527692569069,1.472307430931));
#6246 = VECTOR('',#6247,1.);
#6247 = DIRECTION('',(0.,-1.));
#6248 = ( GEOMETRIC_REPRESENTATION_CONTEXT(2) 
PARAMETRIC_REPRESENTATION_CONTEXT() REPRESENTATION_CONTEXT('2D SPACE',''
  ) );
#6249 = ORIENTED_EDGE('',*,*,#6250,.T.);
#6250 = EDGE_CURVE('',#6230,#6251,#6253,.T.);
#6251 = VERTEX_POINT('',#6252);
#6252 = CARTESIAN_POINT('',(-20.,52.,18.));
#6253 = SURFACE_CURVE('',#6254,(#6258),.PCURVE_S1.);
#6254 = LINE('',#6255,#6256);
#6255 = CARTESIAN_POINT('',(-20.,52.,0.));
#6256 = VECTOR('',#6257,1.);
#6257 = DIRECTION('',(0.,0.,1.));
#6258 = PCURVE('',#6238,#6259);
#6259 = DEFINITIONAL_REPRESENTATION('',(#6260),#6264);
#6260 = LINE('',#6261,#6262);
#6261 = CARTESIAN_POINT('',(-8.527692569069,-0.527692569069));
#6262 = VECTOR('',#6263,1.);
#6263 = DIRECTION('',(1.,0.));
#6264 = ( GEOMETRIC_REPRESENTATION_CONTEXT(2) 
PARAMETRIC_REPRESENTATION_CONTEXT() REPRESENTATION_CONTEXT('2D SPACE',''
  ) );
#6265 = ORIENTED_EDGE('',*,*,#6266,.F.);
#6266 = EDGE_CURVE('',#6228,#6251,#6267,.T.);
#6267 = SURFACE_CURVE('',#6268,(#6272),.PCURVE_S1.);
#6268 = LINE('',#6269,#6270);
#6269 = CARTESIAN_POINT('',(-18.,52.,0.));
#6270 = VECTOR('',#6271,1.);
#6271 = DIRECTION('',(-0.110431526075,0.,0.993883734674));
#6272 = PCURVE('',#6238,#6273);
#6273 = DEFINITIONAL_REPRESENTATION('',(#6274),#6278);
#6274 = LINE('',#6275,#6276);
#6275 = CARTESIAN_POINT('',(-8.527692569069,1.472307430931));
#6276 = VECTOR('',#6277,1.);
#6277 = DIRECTION('',(0.993883734674,-0.110431526075));
#6278 = ( GEOMETRIC_REPRESENTATION_CONTEXT(2) 
PARAMETRIC_REPRESENTATION_CONTEXT() REPRESENTATION_CONTEXT('2D SPACE',''
  ) );
#6279 = SHELL_BASED_SURFACE_MODEL('',(#6280));
#6280 = OPEN_SHELL('',(#6281));
#6281 = ADVANCED_FACE('',(#6282),#6296,.T.);
#6282 = FACE_BOUND('',#6283,.T.);
#6283 = EDGE_LOOP('',(#6284,#6307,#6323));
#6284 = ORIENTED_EDGE('',*,*,#6285,.T.);
#6285 = EDGE_CURVE('',#6286,#6288,#6290,.T.);
#6286 = VERTEX_POINT('',#6287);
#6287 = CARTESIAN_POINT('',(-0.998000025749,7.002999782562,0.));
#6288 = VERTEX_POINT('',#6289);
#6289 = CARTESIAN_POINT('',(-6.002999782562,7.002999782562,3.));
#6290 = SURFACE_CURVE('',#6291,(#6295),.PCURVE_S1.);
#6291 = LINE('',#6292,#6293);
#6292 = CARTESIAN_POINT('',(-0.998000025749,7.002999782562,0.));
#6293 = VECTOR('',#6294,1.);
#6294 = DIRECTION('',(-0.857719647992,0.,0.514117696105));
#6295 = PCURVE('',#6296,#6301);
#6296 = PLANE('',#6297);
#6297 = AXIS2_PLACEMENT_3D('',#6298,#6299,#6300);
#6298 = CARTESIAN_POINT('',(-4.042939913877,7.002999782562,
    0.957559990279));
#6299 = DIRECTION('',(-0.,-1.,-0.));
#6300 = DIRECTION('',(0.,0.,-1.));
#6301 = DEFINITIONAL_REPRESENTATION('',(#6302),#6306);
#6302 = LINE('',#6303,#6304);
#6303 = CARTESIAN_POINT('',(0.957559990279,3.044939888127));
#6304 = VECTOR('',#6305,1.);
#6305 = DIRECTION('',(-0.514117696105,-0.857719647992));
#6306 = ( GEOMETRIC_REPRESENTATION_CONTEXT(2) 
PARAMETRIC_REPRESENTATION_CONTEXT() REPRESENTATION_CONTEXT('2D SPACE',''
  ) );
#6307 = ORIENTED_EDGE('',*,*,#6308,.T.);
#6308 = EDGE_CURVE('',#6288,#6309,#6311,.T.);
#6309 = VERTEX_POINT('',#6310);
#6310 = CARTESIAN_POINT('',(-6.002999782562,7.002999782562,0.));
#6311 = SURFACE_CURVE('',#6312,(#6316),.PCURVE_S1.);
#6312 = LINE('',#6313,#6314);
#6313 = CARTESIAN_POINT('',(-6.002999782562,7.002999782562,3.));
#6314 = VECTOR('',#6315,1.);
#6315 = DIRECTION('',(0.,0.,-1.));
#6316 = PCURVE('',#6296,#6317);
#6317 = DEFINITIONAL_REPRESENTATION('',(#6318),#6322);
#6318 = LINE('',#6319,#6320);
#6319 = CARTESIAN_POINT('',(-2.042440009721,-1.960059868686));
#6320 = VECTOR('',#6321,1.);
#6321 = DIRECTION('',(1.,0.));
#6322 = ( GEOMETRIC_REPRESENTATION_CONTEXT(2) 
PARAMETRIC_REPRESENTATION_CONTEXT() REPRESENTATION_CONTEXT('2D SPACE',''
  ) );
#6323 = ORIENTED_EDGE('',*,*,#6324,.T.);
#6324 = EDGE_CURVE('',#6309,#6286,#6325,.T.);
#6325 = SURFACE_CURVE('',#6326,(#6330),.PCURVE_S1.);
#6326 = LINE('',#6327,#6328);
#6327 = CARTESIAN_POINT('',(-6.002999782562,7.002999782562,0.));
#6328 = VECTOR('',#6329,1.);
#6329 = DIRECTION('',(1.,0.,0.));
#6330 = PCURVE('',#6296,#6331);
#6331 = DEFINITIONAL_REPRESENTATION('',(#6332),#6336);
#6332 = LINE('',#6333,#6334);
#6333 = CARTESIAN_POINT('',(0.957559990279,-1.960059868686));
#6334 = VECTOR('',#6335,1.);
#6335 = DIRECTION('',(0.,1.));
#6336 = ( GEOMETRIC_REPRESENTATION_CONTEXT(2) 
PARAMETRIC_REPRESENTATION_CONTEXT() REPRESENTATION_CONTEXT('2D SPACE',''
  ) );
#6337 = SHELL_BASED_SURFACE_MODEL('',(#6338));
#6338 = OPEN_SHELL('',(#6339));
#6339 = ADVANCED_FACE('',(#6340),#6354,.T.);
#6340 = FACE_BOUND('',#6341,.T.);
#6341 = EDGE_LOOP('',(#6342,#6365,#6381));
#6342 = ORIENTED_EDGE('',*,*,#6343,.F.);
#6343 = EDGE_CURVE('',#6344,#6346,#6348,.T.);
#6344 = VERTEX_POINT('',#6345);
#6345 = CARTESIAN_POINT('',(-6.002999782562,7.002999782562,3.));
#6346 = VERTEX_POINT('',#6347);
#6347 = CARTESIAN_POINT('',(-0.998000025749,7.002999782562,3.));
#6348 = SURFACE_CURVE('',#6349,(#6353),.PCURVE_S1.);
#6349 = LINE('',#6350,#6351);
#6350 = CARTESIAN_POINT('',(-6.002999782562,7.002999782562,3.));
#6351 = VECTOR('',#6352,1.);
#6352 = DIRECTION('',(1.,0.,0.));
#6353 = PCURVE('',#6354,#6359);
#6354 = PLANE('',#6355);
#6355 = AXIS2_PLACEMENT_3D('',#6356,#6357,#6358);
#6356 = CARTESIAN_POINT('',(-2.958059894435,7.002999782562,
    2.042440009721));
#6357 = DIRECTION('',(-0.,-1.,-0.));
#6358 = DIRECTION('',(0.,0.,-1.));
#6359 = DEFINITIONAL_REPRESENTATION('',(#6360),#6364);
#6360 = LINE('',#6361,#6362);
#6361 = CARTESIAN_POINT('',(-0.957559990279,-3.044939888127));
#6362 = VECTOR('',#6363,1.);
#6363 = DIRECTION('',(0.,1.));
#6364 = ( GEOMETRIC_REPRESENTATION_CONTEXT(2) 
PARAMETRIC_REPRESENTATION_CONTEXT() REPRESENTATION_CONTEXT('2D SPACE',''
  ) );
#6365 = ORIENTED_EDGE('',*,*,#6366,.F.);
#6366 = EDGE_CURVE('',#6367,#6344,#6369,.T.);
#6367 = VERTEX_POINT('',#6368);
#6368 = CARTESIAN_POINT('',(-0.998000025749,7.002999782562,0.));
#6369 = SURFACE_CURVE('',#6370,(#6374),.PCURVE_S1.);
#6370 = LINE('',#6371,#6372);
#6371 = CARTESIAN_POINT('',(-0.998000025749,7.002999782562,0.));
#6372 = VECTOR('',#6373,1.);
#6373 = DIRECTION('',(-0.857719647992,0.,0.514117696105));
#6374 = PCURVE('',#6354,#6375);
#6375 = DEFINITIONAL_REPRESENTATION('',(#6376),#6380);
#6376 = LINE('',#6377,#6378);
#6377 = CARTESIAN_POINT('',(2.042440009721,1.960059868686));
#6378 = VECTOR('',#6379,1.);
#6379 = DIRECTION('',(-0.514117696105,-0.857719647992));
#6380 = ( GEOMETRIC_REPRESENTATION_CONTEXT(2) 
PARAMETRIC_REPRESENTATION_CONTEXT() REPRESENTATION_CONTEXT('2D SPACE',''
  ) );
#6381 = ORIENTED_EDGE('',*,*,#6382,.T.);
#6382 = EDGE_CURVE('',#6367,#6346,#6383,.T.);
#6383 = SURFACE_CURVE('',#6384,(#6388),.PCURVE_S1.);
#6384 = LINE('',#6385,#6386);
#6385 = CARTESIAN_POINT('',(-0.998000025749,7.002999782562,0.));
#6386 = VECTOR('',#6387,1.);
#6387 = DIRECTION('',(0.,0.,1.));
#6388 = PCURVE('',#6354,#6389);
#6389 = DEFINITIONAL_REPRESENTATION('',(#6390),#6394);
#6390 = LINE('',#6391,#6392);
#6391 = CARTESIAN_POINT('',(2.042440009721,1.960059868686));
#6392 = VECTOR('',#6393,1.);
#6393 = DIRECTION('',(-1.,0.));
#6394 = ( GEOMETRIC_REPRESENTATION_CONTEXT(2) 
PARAMETRIC_REPRESENTATION_CONTEXT() REPRESENTATION_CONTEXT('2D SPACE',''
  ) );
#6395 = SHELL_BASED_SURFACE_MODEL('',(#6396));
#6396 = OPEN_SHELL('',(#6397));
#6397 = ADVANCED_FACE('',(#6398),#6412,.T.);
#6398 = FACE_BOUND('',#6399,.T.);
#6399 = EDGE_LOOP('',(#6400,#6423,#6439));
#6400 = ORIENTED_EDGE('',*,*,#6401,.F.);
#6401 = EDGE_CURVE('',#6402,#6404,#6406,.T.);
#6402 = VERTEX_POINT('',#6403);
#6403 = CARTESIAN_POINT('',(-6.002999782562,7.002999782562,0.));
#6404 = VERTEX_POINT('',#6405);
#6405 = CARTESIAN_POINT('',(-6.002999782562,-3.003000020981,0.));
#6406 = SURFACE_CURVE('',#6407,(#6411),.PCURVE_S1.);
#6407 = LINE('',#6408,#6409);
#6408 = CARTESIAN_POINT('',(-6.002999782562,7.002999782562,0.));
#6409 = VECTOR('',#6410,1.);
#6410 = DIRECTION('',(0.,-1.,0.));
#6411 = PCURVE('',#6412,#6417);
#6412 = PLANE('',#6413);
#6413 = AXIS2_PLACEMENT_3D('',#6414,#6415,#6416);
#6414 = CARTESIAN_POINT('',(-6.002999782562,2.639986476497,
    0.860013404294));
#6415 = DIRECTION('',(1.,0.,0.));
#6416 = DIRECTION('',(-0.,0.,1.));
#6417 = DEFINITIONAL_REPRESENTATION('',(#6418),#6422);
#6418 = LINE('',#6419,#6420);
#6419 = CARTESIAN_POINT('',(-0.860013404294,-4.363013306065));
#6420 = VECTOR('',#6421,1.);
#6421 = DIRECTION('',(0.,1.));
#6422 = ( GEOMETRIC_REPRESENTATION_CONTEXT(2) 
PARAMETRIC_REPRESENTATION_CONTEXT() REPRESENTATION_CONTEXT('2D SPACE',''
  ) );
#6423 = ORIENTED_EDGE('',*,*,#6424,.F.);
#6424 = EDGE_CURVE('',#6425,#6402,#6427,.T.);
#6425 = VERTEX_POINT('',#6426);
#6426 = CARTESIAN_POINT('',(-6.002999782562,7.002999782562,3.));
#6427 = SURFACE_CURVE('',#6428,(#6432),.PCURVE_S1.);
#6428 = LINE('',#6429,#6430);
#6429 = CARTESIAN_POINT('',(-6.002999782562,7.002999782562,3.));
#6430 = VECTOR('',#6431,1.);
#6431 = DIRECTION('',(0.,0.,-1.));
#6432 = PCURVE('',#6412,#6433);
#6433 = DEFINITIONAL_REPRESENTATION('',(#6434),#6438);
#6434 = LINE('',#6435,#6436);
#6435 = CARTESIAN_POINT('',(2.139986595706,-4.363013306065));
#6436 = VECTOR('',#6437,1.);
#6437 = DIRECTION('',(-1.,0.));
#6438 = ( GEOMETRIC_REPRESENTATION_CONTEXT(2) 
PARAMETRIC_REPRESENTATION_CONTEXT() REPRESENTATION_CONTEXT('2D SPACE',''
  ) );
#6439 = ORIENTED_EDGE('',*,*,#6440,.T.);
#6440 = EDGE_CURVE('',#6425,#6404,#6441,.T.);
#6441 = SURFACE_CURVE('',#6442,(#6446),.PCURVE_S1.);
#6442 = LINE('',#6443,#6444);
#6443 = CARTESIAN_POINT('',(-6.002999782562,7.002999782562,3.));
#6444 = VECTOR('',#6445,1.);
#6445 = DIRECTION('',(0.,-0.957873696462,-0.2871898007));
#6446 = PCURVE('',#6412,#6447);
#6447 = DEFINITIONAL_REPRESENTATION('',(#6448),#6452);
#6448 = LINE('',#6449,#6450);
#6449 = CARTESIAN_POINT('',(2.139986595706,-4.363013306065));
#6450 = VECTOR('',#6451,1.);
#6451 = DIRECTION('',(-0.2871898007,0.957873696462));
#6452 = ( GEOMETRIC_REPRESENTATION_CONTEXT(2) 
PARAMETRIC_REPRESENTATION_CONTEXT() REPRESENTATION_CONTEXT('2D SPACE',''
  ) );
#6453 = SHELL_BASED_SURFACE_MODEL('',(#6454));
#6454 = OPEN_SHELL('',(#6455));
#6455 = ADVANCED_FACE('',(#6456),#6470,.T.);
#6456 = FACE_BOUND('',#6457,.T.);
#6457 = EDGE_LOOP('',(#6458,#6481,#6497));
#6458 = ORIENTED_EDGE('',*,*,#6459,.T.);
#6459 = EDGE_CURVE('',#6460,#6462,#6464,.T.);
#6460 = VERTEX_POINT('',#6461);
#6461 = CARTESIAN_POINT('',(-12.5,10.998000144958,3.));
#6462 = VERTEX_POINT('',#6463);
#6463 = CARTESIAN_POINT('',(-12.5,10.998000144958,0.));
#6464 = SURFACE_CURVE('',#6465,(#6469),.PCURVE_S1.);
#6465 = LINE('',#6466,#6467);
#6466 = CARTESIAN_POINT('',(-12.5,10.998000144958,3.));
#6467 = VECTOR('',#6468,1.);
#6468 = DIRECTION('',(0.,0.,-1.));
#6469 = PCURVE('',#6470,#6475);
#6470 = PLANE('',#6471);
#6471 = AXIS2_PLACEMENT_3D('',#6472,#6473,#6474);
#6472 = CARTESIAN_POINT('',(-12.62511191943,11.02442454432,
    1.390754025454));
#6473 = DIRECTION('',(0.206647312259,0.978415498823,0.));
#6474 = DIRECTION('',(0.978415498823,-0.206647312259,0.));
#6475 = DEFINITIONAL_REPRESENTATION('',(#6476),#6480);
#6476 = LINE('',#6477,#6478);
#6477 = CARTESIAN_POINT('',(0.127871972169,-1.609245974546));
#6478 = VECTOR('',#6479,1.);
#6479 = DIRECTION('',(0.,1.));
#6480 = ( GEOMETRIC_REPRESENTATION_CONTEXT(2) 
PARAMETRIC_REPRESENTATION_CONTEXT() REPRESENTATION_CONTEXT('2D SPACE',''
  ) );
#6481 = ORIENTED_EDGE('',*,*,#6482,.F.);
#6482 = EDGE_CURVE('',#6483,#6462,#6485,.T.);
#6483 = VERTEX_POINT('',#6484);
#6484 = CARTESIAN_POINT('',(-12.96399974823,11.095999717712,0.));
#6485 = SURFACE_CURVE('',#6486,(#6490),.PCURVE_S1.);
#6486 = LINE('',#6487,#6488);
#6487 = CARTESIAN_POINT('',(-12.96399974823,11.095999717712,0.));
#6488 = VECTOR('',#6489,1.);
#6489 = DIRECTION('',(0.978415498823,-0.206647312259,0.));
#6490 = PCURVE('',#6470,#6491);
#6491 = DEFINITIONAL_REPRESENTATION('',(#6492),#6496);
#6492 = LINE('',#6493,#6494);
#6493 = CARTESIAN_POINT('',(-0.346363921261,1.390754025454));
#6494 = VECTOR('',#6495,1.);
#6495 = DIRECTION('',(1.,0.));
#6496 = ( GEOMETRIC_REPRESENTATION_CONTEXT(2) 
PARAMETRIC_REPRESENTATION_CONTEXT() REPRESENTATION_CONTEXT('2D SPACE',''
  ) );
#6497 = ORIENTED_EDGE('',*,*,#6498,.T.);
#6498 = EDGE_CURVE('',#6483,#6460,#6499,.T.);
#6499 = SURFACE_CURVE('',#6500,(#6504),.PCURVE_S1.);
#6500 = LINE('',#6501,#6502);
#6501 = CARTESIAN_POINT('',(-12.96399974823,11.095999717712,0.));
#6502 = VECTOR('',#6503,1.);
#6503 = DIRECTION('',(0.152769592038,-3.226586826096E-02,0.987734967233)
  );
#6504 = PCURVE('',#6470,#6505);
#6505 = DEFINITIONAL_REPRESENTATION('',(#6506),#6510);
#6506 = LINE('',#6507,#6508);
#6507 = CARTESIAN_POINT('',(-0.346363921261,1.390754025454));
#6508 = VECTOR('',#6509,1.);
#6509 = DIRECTION('',(0.156139791553,-0.987734967233));
#6510 = ( GEOMETRIC_REPRESENTATION_CONTEXT(2) 
PARAMETRIC_REPRESENTATION_CONTEXT() REPRESENTATION_CONTEXT('2D SPACE',''
  ) );
#6511 = SHELL_BASED_SURFACE_MODEL('',(#6512));
#6512 = OPEN_SHELL('',(#6513));
#6513 = ADVANCED_FACE('',(#6514),#6528,.T.);
#6514 = FACE_BOUND('',#6515,.T.);
#6515 = EDGE_LOOP('',(#6516,#6539,#6555));
#6516 = ORIENTED_EDGE('',*,*,#6517,.T.);
#6517 = EDGE_CURVE('',#6518,#6520,#6522,.T.);
#6518 = VERTEX_POINT('',#6519);
#6519 = CARTESIAN_POINT('',(-13.38300037384,11.380000114441,3.));
#6520 = VERTEX_POINT('',#6521);
#6521 = CARTESIAN_POINT('',(-12.96399974823,11.095999717712,0.));
#6522 = SURFACE_CURVE('',#6523,(#6527),.PCURVE_S1.);
#6523 = LINE('',#6524,#6525);
#6524 = CARTESIAN_POINT('',(-13.38300037384,11.380000114441,3.));
#6525 = VECTOR('',#6526,1.);
#6526 = DIRECTION('',(0.137720277799,-9.334738695327E-02,-0.986062569228
    ));
#6527 = PCURVE('',#6528,#6533);
#6528 = PLANE('',#6529);
#6529 = AXIS2_PLACEMENT_3D('',#6530,#6531,#6532);
#6530 = CARTESIAN_POINT('',(-13.26947516786,11.303052249535,
    1.38405593064));
#6531 = DIRECTION('',(0.561066502299,0.827770729126,0.));
#6532 = DIRECTION('',(0.827770729126,-0.561066502299,0.));
#6533 = DEFINITIONAL_REPRESENTATION('',(#6534),#6538);
#6534 = LINE('',#6535,#6536);
#6535 = CARTESIAN_POINT('',(-0.137145711945,-1.61594406936));
#6536 = VECTOR('',#6537,1.);
#6537 = DIRECTION('',(0.166374906666,0.986062569228));
#6538 = ( GEOMETRIC_REPRESENTATION_CONTEXT(2) 
PARAMETRIC_REPRESENTATION_CONTEXT() REPRESENTATION_CONTEXT('2D SPACE',''
  ) );
#6539 = ORIENTED_EDGE('',*,*,#6540,.F.);
#6540 = EDGE_CURVE('',#6541,#6520,#6543,.T.);
#6541 = VERTEX_POINT('',#6542);
#6542 = CARTESIAN_POINT('',(-13.38300037384,11.380000114441,0.));
#6543 = SURFACE_CURVE('',#6544,(#6548),.PCURVE_S1.);
#6544 = LINE('',#6545,#6546);
#6545 = CARTESIAN_POINT('',(-13.38300037384,11.380000114441,0.));
#6546 = VECTOR('',#6547,1.);
#6547 = DIRECTION('',(0.827770729126,-0.561066502299,0.));
#6548 = PCURVE('',#6528,#6549);
#6549 = DEFINITIONAL_REPRESENTATION('',(#6550),#6554);
#6550 = LINE('',#6551,#6552);
#6551 = CARTESIAN_POINT('',(-0.137145711945,1.38405593064));
#6552 = VECTOR('',#6553,1.);
#6553 = DIRECTION('',(1.,0.));
#6554 = ( GEOMETRIC_REPRESENTATION_CONTEXT(2) 
PARAMETRIC_REPRESENTATION_CONTEXT() REPRESENTATION_CONTEXT('2D SPACE',''
  ) );
#6555 = ORIENTED_EDGE('',*,*,#6556,.T.);
#6556 = EDGE_CURVE('',#6541,#6518,#6557,.T.);
#6557 = SURFACE_CURVE('',#6558,(#6562),.PCURVE_S1.);
#6558 = LINE('',#6559,#6560);
#6559 = CARTESIAN_POINT('',(-13.38300037384,11.380000114441,0.));
#6560 = VECTOR('',#6561,1.);
#6561 = DIRECTION('',(0.,0.,1.));
#6562 = PCURVE('',#6528,#6563);
#6563 = DEFINITIONAL_REPRESENTATION('',(#6564),#6568);
#6564 = LINE('',#6565,#6566);
#6565 = CARTESIAN_POINT('',(-0.137145711945,1.38405593064));
#6566 = VECTOR('',#6567,1.);
#6567 = DIRECTION('',(0.,-1.));
#6568 = ( GEOMETRIC_REPRESENTATION_CONTEXT(2) 
PARAMETRIC_REPRESENTATION_CONTEXT() REPRESENTATION_CONTEXT('2D SPACE',''
  ) );
#6569 = SHELL_BASED_SURFACE_MODEL('',(#6570));
#6570 = OPEN_SHELL('',(#6571));
#6571 = ADVANCED_FACE('',(#6572),#6586,.T.);
#6572 = FACE_BOUND('',#6573,.T.);
#6573 = EDGE_LOOP('',(#6574,#6597,#6613));
#6574 = ORIENTED_EDGE('',*,*,#6575,.F.);
#6575 = EDGE_CURVE('',#6576,#6578,#6580,.T.);
#6576 = VERTEX_POINT('',#6577);
#6577 = CARTESIAN_POINT('',(-11.07100009918,13.619000434875,3.));
#6578 = VERTEX_POINT('',#6579);
#6579 = CARTESIAN_POINT('',(-10.99800014495,13.,3.));
#6580 = SURFACE_CURVE('',#6581,(#6585),.PCURVE_S1.);
#6581 = LINE('',#6582,#6583);
#6582 = CARTESIAN_POINT('',(-11.07100009918,13.619000434875,3.));
#6583 = VECTOR('',#6584,1.);
#6584 = DIRECTION('',(0.117120351867,-0.993117728761,0.));
#6585 = PCURVE('',#6586,#6591);
#6586 = PLANE('',#6587);
#6587 = AXIS2_PLACEMENT_3D('',#6588,#6589,#6590);
#6588 = CARTESIAN_POINT('',(-11.01812594422,13.170655976889,
    1.639806426296));
#6589 = DIRECTION('',(-0.993117728761,-0.117120351867,-0.));
#6590 = DIRECTION('',(0.117120351867,-0.993117728761,0.));
#6591 = DEFINITIONAL_REPRESENTATION('',(#6592),#6596);
#6592 = LINE('',#6593,#6594);
#6593 = CARTESIAN_POINT('',(-0.451451469451,1.360193573704));
#6594 = VECTOR('',#6595,1.);
#6595 = DIRECTION('',(1.,0.));
#6596 = ( GEOMETRIC_REPRESENTATION_CONTEXT(2) 
PARAMETRIC_REPRESENTATION_CONTEXT() REPRESENTATION_CONTEXT('2D SPACE',''
  ) );
#6597 = ORIENTED_EDGE('',*,*,#6598,.T.);
#6598 = EDGE_CURVE('',#6576,#6599,#6601,.T.);
#6599 = VERTEX_POINT('',#6600);
#6600 = CARTESIAN_POINT('',(-10.99800014495,13.,0.));
#6601 = SURFACE_CURVE('',#6602,(#6606),.PCURVE_S1.);
#6602 = LINE('',#6603,#6604);
#6603 = CARTESIAN_POINT('',(-11.07100009918,13.619000434875,3.));
#6604 = VECTOR('',#6605,1.);
#6605 = DIRECTION('',(2.382454972985E-02,-0.20201939577,-0.979091698751)
  );
#6606 = PCURVE('',#6586,#6607);
#6607 = DEFINITIONAL_REPRESENTATION('',(#6608),#6612);
#6608 = LINE('',#6609,#6610);
#6609 = CARTESIAN_POINT('',(-0.451451469451,1.360193573704));
#6610 = VECTOR('',#6611,1.);
#6611 = DIRECTION('',(0.20341938314,-0.979091698751));
#6612 = ( GEOMETRIC_REPRESENTATION_CONTEXT(2) 
PARAMETRIC_REPRESENTATION_CONTEXT() REPRESENTATION_CONTEXT('2D SPACE',''
  ) );
#6613 = ORIENTED_EDGE('',*,*,#6614,.T.);
#6614 = EDGE_CURVE('',#6599,#6578,#6615,.T.);
#6615 = SURFACE_CURVE('',#6616,(#6620),.PCURVE_S1.);
#6616 = LINE('',#6617,#6618);
#6617 = CARTESIAN_POINT('',(-10.99800014495,13.,0.));
#6618 = VECTOR('',#6619,1.);
#6619 = DIRECTION('',(0.,0.,1.));
#6620 = PCURVE('',#6586,#6621);
#6621 = DEFINITIONAL_REPRESENTATION('',(#6622),#6626);
#6622 = LINE('',#6623,#6624);
#6623 = CARTESIAN_POINT('',(0.171838616859,-1.639806426296));
#6624 = VECTOR('',#6625,1.);
#6625 = DIRECTION('',(0.,1.));
#6626 = ( GEOMETRIC_REPRESENTATION_CONTEXT(2) 
PARAMETRIC_REPRESENTATION_CONTEXT() REPRESENTATION_CONTEXT('2D SPACE',''
  ) );
#6627 = SHELL_BASED_SURFACE_MODEL('',(#6628));
#6628 = OPEN_SHELL('',(#6629));
#6629 = ADVANCED_FACE('',(#6630),#6644,.T.);
#6630 = FACE_BOUND('',#6631,.T.);
#6631 = EDGE_LOOP('',(#6632,#6655,#6671));
#6632 = ORIENTED_EDGE('',*,*,#6633,.T.);
#6633 = EDGE_CURVE('',#6634,#6636,#6638,.T.);
#6634 = VERTEX_POINT('',#6635);
#6635 = CARTESIAN_POINT('',(-13.71599960327,11.822999954224,0.));
#6636 = VERTEX_POINT('',#6637);
#6637 = CARTESIAN_POINT('',(-13.38300037384,11.380000114441,3.));
#6638 = SURFACE_CURVE('',#6639,(#6643),.PCURVE_S1.);
#6639 = LINE('',#6640,#6641);
#6640 = CARTESIAN_POINT('',(-13.71599960327,11.822999954224,0.));
#6641 = VECTOR('',#6642,1.);
#6642 = DIRECTION('',(0.109152871975,-0.145209659732,0.983361482498));
#6643 = PCURVE('',#6644,#6649);
#6644 = PLANE('',#6645);
#6645 = AXIS2_PLACEMENT_3D('',#6646,#6647,#6648);
#6646 = CARTESIAN_POINT('',(-13.47387517708,11.500893857487,
    1.374140098008));
#6647 = DIRECTION('',(0.799350509993,0.600865011607,0.));
#6648 = DIRECTION('',(-0.600865011607,0.799350509993,0.));
#6649 = DEFINITIONAL_REPRESENTATION('',(#6650),#6654);
#6650 = LINE('',#6651,#6652);
#6651 = CARTESIAN_POINT('',(0.402959768849,-1.374140098008));
#6652 = VECTOR('',#6653,1.);
#6653 = DIRECTION('',(-0.181659557248,0.983361482498));
#6654 = ( GEOMETRIC_REPRESENTATION_CONTEXT(2) 
PARAMETRIC_REPRESENTATION_CONTEXT() REPRESENTATION_CONTEXT('2D SPACE',''
  ) );
#6655 = ORIENTED_EDGE('',*,*,#6656,.F.);
#6656 = EDGE_CURVE('',#6657,#6636,#6659,.T.);
#6657 = VERTEX_POINT('',#6658);
#6658 = CARTESIAN_POINT('',(-13.38300037384,11.380000114441,0.));
#6659 = SURFACE_CURVE('',#6660,(#6664),.PCURVE_S1.);
#6660 = LINE('',#6661,#6662);
#6661 = CARTESIAN_POINT('',(-13.38300037384,11.380000114441,0.));
#6662 = VECTOR('',#6663,1.);
#6663 = DIRECTION('',(0.,0.,1.));
#6664 = PCURVE('',#6644,#6665);
#6665 = DEFINITIONAL_REPRESENTATION('',(#6666),#6670);
#6666 = LINE('',#6667,#6668);
#6667 = CARTESIAN_POINT('',(-0.151239964865,-1.374140098008));
#6668 = VECTOR('',#6669,1.);
#6669 = DIRECTION('',(0.,1.));
#6670 = ( GEOMETRIC_REPRESENTATION_CONTEXT(2) 
PARAMETRIC_REPRESENTATION_CONTEXT() REPRESENTATION_CONTEXT('2D SPACE',''
  ) );
#6671 = ORIENTED_EDGE('',*,*,#6672,.F.);
#6672 = EDGE_CURVE('',#6634,#6657,#6673,.T.);
#6673 = SURFACE_CURVE('',#6674,(#6678),.PCURVE_S1.);
#6674 = LINE('',#6675,#6676);
#6675 = CARTESIAN_POINT('',(-13.71599960327,11.822999954224,0.));
#6676 = VECTOR('',#6677,1.);
#6677 = DIRECTION('',(0.600865011607,-0.799350509993,0.));
#6678 = PCURVE('',#6644,#6679);
#6679 = DEFINITIONAL_REPRESENTATION('',(#6680),#6684);
#6680 = LINE('',#6681,#6682);
#6681 = CARTESIAN_POINT('',(0.402959768849,-1.374140098008));
#6682 = VECTOR('',#6683,1.);
#6683 = DIRECTION('',(-1.,0.));
#6684 = ( GEOMETRIC_REPRESENTATION_CONTEXT(2) 
PARAMETRIC_REPRESENTATION_CONTEXT() REPRESENTATION_CONTEXT('2D SPACE',''
  ) );
#6685 = SHELL_BASED_SURFACE_MODEL('',(#6686));
#6686 = OPEN_SHELL('',(#6687));
#6687 = ADVANCED_FACE('',(#6688),#6702,.T.);
#6688 = FACE_BOUND('',#6689,.T.);
#6689 = EDGE_LOOP('',(#6690,#6713,#6729));
#6690 = ORIENTED_EDGE('',*,*,#6691,.F.);
#6691 = EDGE_CURVE('',#6692,#6694,#6696,.T.);
#6692 = VERTEX_POINT('',#6693);
#6693 = CARTESIAN_POINT('',(-10.99800014495,13.,3.));
#6694 = VERTEX_POINT('',#6695);
#6695 = CARTESIAN_POINT('',(-11.07100009918,12.380999565125,3.));
#6696 = SURFACE_CURVE('',#6697,(#6701),.PCURVE_S1.);
#6697 = LINE('',#6698,#6699);
#6698 = CARTESIAN_POINT('',(-10.99800014495,13.,3.));
#6699 = VECTOR('',#6700,1.);
#6700 = DIRECTION('',(-0.117120351867,-0.993117728761,0.));
#6701 = PCURVE('',#6702,#6707);
#6702 = PLANE('',#6703);
#6703 = AXIS2_PLACEMENT_3D('',#6704,#6705,#6706);
#6704 = CARTESIAN_POINT('',(-11.01812594422,12.829344023111,
    1.639806426296));
#6705 = DIRECTION('',(-0.993117728761,0.117120351867,-0.));
#6706 = DIRECTION('',(-0.117120351867,-0.993117728761,0.));
#6707 = DEFINITIONAL_REPRESENTATION('',(#6708),#6712);
#6708 = LINE('',#6709,#6710);
#6709 = CARTESIAN_POINT('',(-0.171838616859,1.360193573704));
#6710 = VECTOR('',#6711,1.);
#6711 = DIRECTION('',(1.,0.));
#6712 = ( GEOMETRIC_REPRESENTATION_CONTEXT(2) 
PARAMETRIC_REPRESENTATION_CONTEXT() REPRESENTATION_CONTEXT('2D SPACE',''
  ) );
#6713 = ORIENTED_EDGE('',*,*,#6714,.F.);
#6714 = EDGE_CURVE('',#6715,#6692,#6717,.T.);
#6715 = VERTEX_POINT('',#6716);
#6716 = CARTESIAN_POINT('',(-10.99800014495,13.,0.));
#6717 = SURFACE_CURVE('',#6718,(#6722),.PCURVE_S1.);
#6718 = LINE('',#6719,#6720);
#6719 = CARTESIAN_POINT('',(-10.99800014495,13.,0.));
#6720 = VECTOR('',#6721,1.);
#6721 = DIRECTION('',(0.,0.,1.));
#6722 = PCURVE('',#6702,#6723);
#6723 = DEFINITIONAL_REPRESENTATION('',(#6724),#6728);
#6724 = LINE('',#6725,#6726);
#6725 = CARTESIAN_POINT('',(-0.171838616859,-1.639806426296));
#6726 = VECTOR('',#6727,1.);
#6727 = DIRECTION('',(0.,1.));
#6728 = ( GEOMETRIC_REPRESENTATION_CONTEXT(2) 
PARAMETRIC_REPRESENTATION_CONTEXT() REPRESENTATION_CONTEXT('2D SPACE',''
  ) );
#6729 = ORIENTED_EDGE('',*,*,#6730,.T.);
#6730 = EDGE_CURVE('',#6715,#6694,#6731,.T.);
#6731 = SURFACE_CURVE('',#6732,(#6736),.PCURVE_S1.);
#6732 = LINE('',#6733,#6734);
#6733 = CARTESIAN_POINT('',(-10.99800014495,13.,0.));
#6734 = VECTOR('',#6735,1.);
#6735 = DIRECTION('',(-2.382454972985E-02,-0.20201939577,0.979091698751)
  );
#6736 = PCURVE('',#6702,#6737);
#6737 = DEFINITIONAL_REPRESENTATION('',(#6738),#6742);
#6738 = LINE('',#6739,#6740);
#6739 = CARTESIAN_POINT('',(-0.171838616859,-1.639806426296));
#6740 = VECTOR('',#6741,1.);
#6741 = DIRECTION('',(0.20341938314,0.979091698751));
#6742 = ( GEOMETRIC_REPRESENTATION_CONTEXT(2) 
PARAMETRIC_REPRESENTATION_CONTEXT() REPRESENTATION_CONTEXT('2D SPACE',''
  ) );
#6743 = SHELL_BASED_SURFACE_MODEL('',(#6744));
#6744 = OPEN_SHELL('',(#6745));
#6745 = ADVANCED_FACE('',(#6746),#6760,.T.);
#6746 = FACE_BOUND('',#6747,.T.);
#6747 = EDGE_LOOP('',(#6748,#6771,#6787));
#6748 = ORIENTED_EDGE('',*,*,#6749,.F.);
#6749 = EDGE_CURVE('',#6750,#6752,#6754,.T.);
#6750 = VERTEX_POINT('',#6751);
#6751 = CARTESIAN_POINT('',(-0.998000025749,7.002999782562,3.));
#6752 = VERTEX_POINT('',#6753);
#6753 = CARTESIAN_POINT('',(-0.998000025749,-3.003000020981,0.));
#6754 = SURFACE_CURVE('',#6755,(#6759),.PCURVE_S1.);
#6755 = LINE('',#6756,#6757);
#6756 = CARTESIAN_POINT('',(-0.998000025749,7.002999782562,3.));
#6757 = VECTOR('',#6758,1.);
#6758 = DIRECTION('',(0.,-0.957873696462,-0.2871898007));
#6759 = PCURVE('',#6760,#6765);
#6760 = PLANE('',#6761);
#6761 = AXIS2_PLACEMENT_3D('',#6762,#6763,#6764);
#6762 = CARTESIAN_POINT('',(-0.998000025749,2.639986476497,
    0.860013404294));
#6763 = DIRECTION('',(-1.,-0.,-0.));
#6764 = DIRECTION('',(0.,0.,-1.));
#6765 = DEFINITIONAL_REPRESENTATION('',(#6766),#6770);
#6766 = LINE('',#6767,#6768);
#6767 = CARTESIAN_POINT('',(-2.139986595706,-4.363013306065));
#6768 = VECTOR('',#6769,1.);
#6769 = DIRECTION('',(0.2871898007,0.957873696462));
#6770 = ( GEOMETRIC_REPRESENTATION_CONTEXT(2) 
PARAMETRIC_REPRESENTATION_CONTEXT() REPRESENTATION_CONTEXT('2D SPACE',''
  ) );
#6771 = ORIENTED_EDGE('',*,*,#6772,.F.);
#6772 = EDGE_CURVE('',#6773,#6750,#6775,.T.);
#6773 = VERTEX_POINT('',#6774);
#6774 = CARTESIAN_POINT('',(-0.998000025749,7.002999782562,0.));
#6775 = SURFACE_CURVE('',#6776,(#6780),.PCURVE_S1.);
#6776 = LINE('',#6777,#6778);
#6777 = CARTESIAN_POINT('',(-0.998000025749,7.002999782562,0.));
#6778 = VECTOR('',#6779,1.);
#6779 = DIRECTION('',(0.,0.,1.));
#6780 = PCURVE('',#6760,#6781);
#6781 = DEFINITIONAL_REPRESENTATION('',(#6782),#6786);
#6782 = LINE('',#6783,#6784);
#6783 = CARTESIAN_POINT('',(0.860013404294,-4.363013306065));
#6784 = VECTOR('',#6785,1.);
#6785 = DIRECTION('',(-1.,0.));
#6786 = ( GEOMETRIC_REPRESENTATION_CONTEXT(2) 
PARAMETRIC_REPRESENTATION_CONTEXT() REPRESENTATION_CONTEXT('2D SPACE',''
  ) );
#6787 = ORIENTED_EDGE('',*,*,#6788,.T.);
#6788 = EDGE_CURVE('',#6773,#6752,#6789,.T.);
#6789 = SURFACE_CURVE('',#6790,(#6794),.PCURVE_S1.);
#6790 = LINE('',#6791,#6792);
#6791 = CARTESIAN_POINT('',(-0.998000025749,7.002999782562,0.));
#6792 = VECTOR('',#6793,1.);
#6793 = DIRECTION('',(0.,-1.,0.));
#6794 = PCURVE('',#6760,#6795);
#6795 = DEFINITIONAL_REPRESENTATION('',(#6796),#6800);
#6796 = LINE('',#6797,#6798);
#6797 = CARTESIAN_POINT('',(0.860013404294,-4.363013306065));
#6798 = VECTOR('',#6799,1.);
#6799 = DIRECTION('',(0.,1.));
#6800 = ( GEOMETRIC_REPRESENTATION_CONTEXT(2) 
PARAMETRIC_REPRESENTATION_CONTEXT() REPRESENTATION_CONTEXT('2D SPACE',''
  ) );
#6801 = SHELL_BASED_SURFACE_MODEL('',(#6802));
#6802 = OPEN_SHELL('',(#6803));
#6803 = ADVANCED_FACE('',(#6804),#6818,.T.);
#6804 = FACE_BOUND('',#6805,.T.);
#6805 = EDGE_LOOP('',(#6806,#6829,#6845));
#6806 = ORIENTED_EDGE('',*,*,#6807,.T.);
#6807 = EDGE_CURVE('',#6808,#6810,#6812,.T.);
#6808 = VERTEX_POINT('',#6809);
#6809 = CARTESIAN_POINT('',(6.035999774933,43.096000671387,0.));
#6810 = VERTEX_POINT('',#6811);
#6811 = CARTESIAN_POINT('',(6.035999774933,43.096000671387,3.));
#6812 = SURFACE_CURVE('',#6813,(#6817),.PCURVE_S1.);
#6813 = LINE('',#6814,#6815);
#6814 = CARTESIAN_POINT('',(6.035999774933,43.096000671387,0.));
#6815 = VECTOR('',#6816,1.);
#6816 = DIRECTION('',(0.,0.,1.));
#6817 = PCURVE('',#6818,#6823);
#6818 = PLANE('',#6819);
#6819 = AXIS2_PLACEMENT_3D('',#6820,#6821,#6822);
#6820 = CARTESIAN_POINT('',(6.161111831795,43.069576270155,
    1.609246072971));
#6821 = DIRECTION('',(0.206647108963,0.97841554176,0.));
#6822 = DIRECTION('',(0.97841554176,-0.206647108963,0.));
#6823 = DEFINITIONAL_REPRESENTATION('',(#6824),#6828);
#6824 = LINE('',#6825,#6826);
#6825 = CARTESIAN_POINT('',(-0.127872107016,1.609246072971));
#6826 = VECTOR('',#6827,1.);
#6827 = DIRECTION('',(0.,-1.));
#6828 = ( GEOMETRIC_REPRESENTATION_CONTEXT(2) 
PARAMETRIC_REPRESENTATION_CONTEXT() REPRESENTATION_CONTEXT('2D SPACE',''
  ) );
#6829 = ORIENTED_EDGE('',*,*,#6830,.F.);
#6830 = EDGE_CURVE('',#6831,#6810,#6833,.T.);
#6831 = VERTEX_POINT('',#6832);
#6832 = CARTESIAN_POINT('',(6.5,42.998001098633,3.));
#6833 = SURFACE_CURVE('',#6834,(#6838),.PCURVE_S1.);
#6834 = LINE('',#6835,#6836);
#6835 = CARTESIAN_POINT('',(6.5,42.998001098633,3.));
#6836 = VECTOR('',#6837,1.);
#6837 = DIRECTION('',(-0.97841554176,0.206647108963,0.));
#6838 = PCURVE('',#6818,#6839);
#6839 = DEFINITIONAL_REPRESENTATION('',(#6840),#6844);
#6840 = LINE('',#6841,#6842);
#6841 = CARTESIAN_POINT('',(0.346364252959,-1.390753927029));
#6842 = VECTOR('',#6843,1.);
#6843 = DIRECTION('',(-1.,0.));
#6844 = ( GEOMETRIC_REPRESENTATION_CONTEXT(2) 
PARAMETRIC_REPRESENTATION_CONTEXT() REPRESENTATION_CONTEXT('2D SPACE',''
  ) );
#6845 = ORIENTED_EDGE('',*,*,#6846,.T.);
#6846 = EDGE_CURVE('',#6831,#6808,#6847,.T.);
#6847 = SURFACE_CURVE('',#6848,(#6852),.PCURVE_S1.);
#6848 = LINE('',#6849,#6850);
#6849 = CARTESIAN_POINT('',(6.5,42.998001098633,3.));
#6850 = VECTOR('',#6851,1.);
#6851 = DIRECTION('',(-0.15276974537,3.226586748709E-02,-0.987734943542)
  );
#6852 = PCURVE('',#6818,#6853);
#6853 = DEFINITIONAL_REPRESENTATION('',(#6854),#6858);
#6854 = LINE('',#6855,#6856);
#6855 = CARTESIAN_POINT('',(0.346364252959,-1.390753927029));
#6856 = VECTOR('',#6857,1.);
#6857 = DIRECTION('',(-0.156139941415,0.987734943542));
#6858 = ( GEOMETRIC_REPRESENTATION_CONTEXT(2) 
PARAMETRIC_REPRESENTATION_CONTEXT() REPRESENTATION_CONTEXT('2D SPACE',''
  ) );
#6859 = SHELL_BASED_SURFACE_MODEL('',(#6860));
#6860 = OPEN_SHELL('',(#6861));
#6861 = ADVANCED_FACE('',(#6862),#6876,.T.);
#6862 = FACE_BOUND('',#6863,.T.);
#6863 = EDGE_LOOP('',(#6864,#6887,#6903));
#6864 = ORIENTED_EDGE('',*,*,#6865,.T.);
#6865 = EDGE_CURVE('',#6866,#6868,#6870,.T.);
#6866 = VERTEX_POINT('',#6867);
#6867 = CARTESIAN_POINT('',(6.5,42.998001098633,3.));
#6868 = VERTEX_POINT('',#6869);
#6869 = CARTESIAN_POINT('',(6.5,42.998001098633,0.));
#6870 = SURFACE_CURVE('',#6871,(#6875),.PCURVE_S1.);
#6871 = LINE('',#6872,#6873);
#6872 = CARTESIAN_POINT('',(6.5,42.998001098633,3.));
#6873 = VECTOR('',#6874,1.);
#6874 = DIRECTION('',(0.,0.,-1.));
#6875 = PCURVE('',#6876,#6881);
#6876 = PLANE('',#6877);
#6877 = AXIS2_PLACEMENT_3D('',#6878,#6879,#6880);
#6878 = CARTESIAN_POINT('',(6.374887943138,43.024425499865,
    1.390753927029));
#6879 = DIRECTION('',(0.206647108963,0.97841554176,0.));
#6880 = DIRECTION('',(0.97841554176,-0.206647108963,0.));
#6881 = DEFINITIONAL_REPRESENTATION('',(#6882),#6886);
#6882 = LINE('',#6883,#6884);
#6883 = CARTESIAN_POINT('',(0.127872107016,-1.609246072971));
#6884 = VECTOR('',#6885,1.);
#6885 = DIRECTION('',(0.,1.));
#6886 = ( GEOMETRIC_REPRESENTATION_CONTEXT(2) 
PARAMETRIC_REPRESENTATION_CONTEXT() REPRESENTATION_CONTEXT('2D SPACE',''
  ) );
#6887 = ORIENTED_EDGE('',*,*,#6888,.T.);
#6888 = EDGE_CURVE('',#6868,#6889,#6891,.T.);
#6889 = VERTEX_POINT('',#6890);
#6890 = CARTESIAN_POINT('',(6.035999774933,43.096000671387,0.));
#6891 = SURFACE_CURVE('',#6892,(#6896),.PCURVE_S1.);
#6892 = LINE('',#6893,#6894);
#6893 = CARTESIAN_POINT('',(6.5,42.998001098633,0.));
#6894 = VECTOR('',#6895,1.);
#6895 = DIRECTION('',(-0.97841554176,0.206647108963,0.));
#6896 = PCURVE('',#6876,#6897);
#6897 = DEFINITIONAL_REPRESENTATION('',(#6898),#6902);
#6898 = LINE('',#6899,#6900);
#6899 = CARTESIAN_POINT('',(0.127872107016,1.390753927029));
#6900 = VECTOR('',#6901,1.);
#6901 = DIRECTION('',(-1.,0.));
#6902 = ( GEOMETRIC_REPRESENTATION_CONTEXT(2) 
PARAMETRIC_REPRESENTATION_CONTEXT() REPRESENTATION_CONTEXT('2D SPACE',''
  ) );
#6903 = ORIENTED_EDGE('',*,*,#6904,.F.);
#6904 = EDGE_CURVE('',#6866,#6889,#6905,.T.);
#6905 = SURFACE_CURVE('',#6906,(#6910),.PCURVE_S1.);
#6906 = LINE('',#6907,#6908);
#6907 = CARTESIAN_POINT('',(6.5,42.998001098633,3.));
#6908 = VECTOR('',#6909,1.);
#6909 = DIRECTION('',(-0.15276974537,3.226586748709E-02,-0.987734943542)
  );
#6910 = PCURVE('',#6876,#6911);
#6911 = DEFINITIONAL_REPRESENTATION('',(#6912),#6916);
#6912 = LINE('',#6913,#6914);
#6913 = CARTESIAN_POINT('',(0.127872107016,-1.609246072971));
#6914 = VECTOR('',#6915,1.);
#6915 = DIRECTION('',(-0.156139941415,0.987734943542));
#6916 = ( GEOMETRIC_REPRESENTATION_CONTEXT(2) 
PARAMETRIC_REPRESENTATION_CONTEXT() REPRESENTATION_CONTEXT('2D SPACE',''
  ) );
#6917 = SHELL_BASED_SURFACE_MODEL('',(#6918));
#6918 = OPEN_SHELL('',(#6919));
#6919 = ADVANCED_FACE('',(#6920),#6934,.T.);
#6920 = FACE_BOUND('',#6921,.T.);
#6921 = EDGE_LOOP('',(#6922,#6945,#6961));
#6922 = ORIENTED_EDGE('',*,*,#6923,.F.);
#6923 = EDGE_CURVE('',#6924,#6926,#6928,.T.);
#6924 = VERTEX_POINT('',#6925);
#6925 = CARTESIAN_POINT('',(5.617000102997,43.380001068115,0.));
#6926 = VERTEX_POINT('',#6927);
#6927 = CARTESIAN_POINT('',(6.035999774933,43.096000671387,0.));
#6928 = SURFACE_CURVE('',#6929,(#6933),.PCURVE_S1.);
#6929 = LINE('',#6930,#6931);
#6930 = CARTESIAN_POINT('',(5.617000102997,43.380001068115,0.));
#6931 = VECTOR('',#6932,1.);
#6932 = DIRECTION('',(0.82777013603,-0.561067377324,0.));
#6933 = PCURVE('',#6934,#6939);
#6934 = PLANE('',#6935);
#6935 = AXIS2_PLACEMENT_3D('',#6936,#6937,#6938);
#6936 = CARTESIAN_POINT('',(5.730525037084,43.303053212356,1.38405609516
    ));
#6937 = DIRECTION('',(0.561067377324,0.82777013603,0.));
#6938 = DIRECTION('',(0.82777013603,-0.561067377324,0.));
#6939 = DEFINITIONAL_REPRESENTATION('',(#6940),#6944);
#6940 = LINE('',#6941,#6942);
#6941 = CARTESIAN_POINT('',(-0.137145481754,1.38405609516));
#6942 = VECTOR('',#6943,1.);
#6943 = DIRECTION('',(1.,0.));
#6944 = ( GEOMETRIC_REPRESENTATION_CONTEXT(2) 
PARAMETRIC_REPRESENTATION_CONTEXT() REPRESENTATION_CONTEXT('2D SPACE',''
  ) );
#6945 = ORIENTED_EDGE('',*,*,#6946,.T.);
#6946 = EDGE_CURVE('',#6924,#6947,#6949,.T.);
#6947 = VERTEX_POINT('',#6948);
#6948 = CARTESIAN_POINT('',(5.617000102997,43.380001068115,3.));
#6949 = SURFACE_CURVE('',#6950,(#6954),.PCURVE_S1.);
#6950 = LINE('',#6951,#6952);
#6951 = CARTESIAN_POINT('',(5.617000102997,43.380001068115,0.));
#6952 = VECTOR('',#6953,1.);
#6953 = DIRECTION('',(0.,0.,1.));
#6954 = PCURVE('',#6934,#6955);
#6955 = DEFINITIONAL_REPRESENTATION('',(#6956),#6960);
#6956 = LINE('',#6957,#6958);
#6957 = CARTESIAN_POINT('',(-0.137145481754,1.38405609516));
#6958 = VECTOR('',#6959,1.);
#6959 = DIRECTION('',(0.,-1.));
#6960 = ( GEOMETRIC_REPRESENTATION_CONTEXT(2) 
PARAMETRIC_REPRESENTATION_CONTEXT() REPRESENTATION_CONTEXT('2D SPACE',''
  ) );
#6961 = ORIENTED_EDGE('',*,*,#6962,.T.);
#6962 = EDGE_CURVE('',#6947,#6926,#6963,.T.);
#6963 = SURFACE_CURVE('',#6964,(#6968),.PCURVE_S1.);
#6964 = LINE('',#6965,#6966);
#6965 = CARTESIAN_POINT('',(5.617000102997,43.380001068115,3.));
#6966 = VECTOR('',#6967,1.);
#6967 = DIRECTION('',(0.137719970284,-9.334739098306E-02,-0.986062611796
    ));
#6968 = PCURVE('',#6934,#6969);
#6969 = DEFINITIONAL_REPRESENTATION('',(#6970),#6974);
#6970 = LINE('',#6971,#6972);
#6971 = CARTESIAN_POINT('',(-0.137145481754,-1.61594390484));
#6972 = VECTOR('',#6973,1.);
#6973 = DIRECTION('',(0.166374654375,0.986062611796));
#6974 = ( GEOMETRIC_REPRESENTATION_CONTEXT(2) 
PARAMETRIC_REPRESENTATION_CONTEXT() REPRESENTATION_CONTEXT('2D SPACE',''
  ) );
#6975 = SHELL_BASED_SURFACE_MODEL('',(#6976));
#6976 = OPEN_SHELL('',(#6977));
#6977 = ADVANCED_FACE('',(#6978),#6992,.T.);
#6978 = FACE_BOUND('',#6979,.T.);
#6979 = EDGE_LOOP('',(#6980,#7003,#7019));
#6980 = ORIENTED_EDGE('',*,*,#6981,.F.);
#6981 = EDGE_CURVE('',#6982,#6984,#6986,.T.);
#6982 = VERTEX_POINT('',#6983);
#6983 = CARTESIAN_POINT('',(6.035999774933,43.096000671387,3.));
#6984 = VERTEX_POINT('',#6985);
#6985 = CARTESIAN_POINT('',(5.617000102997,43.380001068115,3.));
#6986 = SURFACE_CURVE('',#6987,(#6991),.PCURVE_S1.);
#6987 = LINE('',#6988,#6989);
#6988 = CARTESIAN_POINT('',(6.035999774933,43.096000671387,3.));
#6989 = VECTOR('',#6990,1.);
#6990 = DIRECTION('',(-0.82777013603,0.561067377324,0.));
#6991 = PCURVE('',#6992,#6997);
#6992 = PLANE('',#6993);
#6993 = AXIS2_PLACEMENT_3D('',#6994,#6995,#6996);
#6994 = CARTESIAN_POINT('',(5.922474840846,43.172948527146,1.61594390484
    ));
#6995 = DIRECTION('',(0.561067377324,0.82777013603,0.));
#6996 = DIRECTION('',(0.82777013603,-0.561067377324,0.));
#6997 = DEFINITIONAL_REPRESENTATION('',(#6998),#7002);
#6998 = LINE('',#6999,#7000);
#6999 = CARTESIAN_POINT('',(0.137145481754,-1.38405609516));
#7000 = VECTOR('',#7001,1.);
#7001 = DIRECTION('',(-1.,0.));
#7002 = ( GEOMETRIC_REPRESENTATION_CONTEXT(2) 
PARAMETRIC_REPRESENTATION_CONTEXT() REPRESENTATION_CONTEXT('2D SPACE',''
  ) );
#7003 = ORIENTED_EDGE('',*,*,#7004,.F.);
#7004 = EDGE_CURVE('',#7005,#6982,#7007,.T.);
#7005 = VERTEX_POINT('',#7006);
#7006 = CARTESIAN_POINT('',(6.035999774933,43.096000671387,0.));
#7007 = SURFACE_CURVE('',#7008,(#7012),.PCURVE_S1.);
#7008 = LINE('',#7009,#7010);
#7009 = CARTESIAN_POINT('',(6.035999774933,43.096000671387,0.));
#7010 = VECTOR('',#7011,1.);
#7011 = DIRECTION('',(0.,0.,1.));
#7012 = PCURVE('',#6992,#7013);
#7013 = DEFINITIONAL_REPRESENTATION('',(#7014),#7018);
#7014 = LINE('',#7015,#7016);
#7015 = CARTESIAN_POINT('',(0.137145481754,1.61594390484));
#7016 = VECTOR('',#7017,1.);
#7017 = DIRECTION('',(0.,-1.));
#7018 = ( GEOMETRIC_REPRESENTATION_CONTEXT(2) 
PARAMETRIC_REPRESENTATION_CONTEXT() REPRESENTATION_CONTEXT('2D SPACE',''
  ) );
#7019 = ORIENTED_EDGE('',*,*,#7020,.F.);
#7020 = EDGE_CURVE('',#6984,#7005,#7021,.T.);
#7021 = SURFACE_CURVE('',#7022,(#7026),.PCURVE_S1.);
#7022 = LINE('',#7023,#7024);
#7023 = CARTESIAN_POINT('',(5.617000102997,43.380001068115,3.));
#7024 = VECTOR('',#7025,1.);
#7025 = DIRECTION('',(0.137719970284,-9.334739098306E-02,-0.986062611796
    ));
#7026 = PCURVE('',#6992,#7027);
#7027 = DEFINITIONAL_REPRESENTATION('',(#7028),#7032);
#7028 = LINE('',#7029,#7030);
#7029 = CARTESIAN_POINT('',(-0.369033291433,-1.38405609516));
#7030 = VECTOR('',#7031,1.);
#7031 = DIRECTION('',(0.166374654375,0.986062611796));
#7032 = ( GEOMETRIC_REPRESENTATION_CONTEXT(2) 
PARAMETRIC_REPRESENTATION_CONTEXT() REPRESENTATION_CONTEXT('2D SPACE',''
  ) );
#7033 = SHELL_BASED_SURFACE_MODEL('',(#7034));
#7034 = OPEN_SHELL('',(#7035));
#7035 = ADVANCED_FACE('',(#7036),#7050,.T.);
#7036 = FACE_BOUND('',#7037,.T.);
#7037 = EDGE_LOOP('',(#7038,#7061,#7077));
#7038 = ORIENTED_EDGE('',*,*,#7039,.T.);
#7039 = EDGE_CURVE('',#7040,#7042,#7044,.T.);
#7040 = VERTEX_POINT('',#7041);
#7041 = CARTESIAN_POINT('',(5.617000102997,43.380001068115,3.));
#7042 = VERTEX_POINT('',#7043);
#7043 = CARTESIAN_POINT('',(5.283999919891,43.823001861572,0.));
#7044 = SURFACE_CURVE('',#7045,(#7049),.PCURVE_S1.);
#7045 = LINE('',#7046,#7047);
#7046 = CARTESIAN_POINT('',(5.617000102997,43.380001068115,3.));
#7047 = VECTOR('',#7048,1.);
#7048 = DIRECTION('',(-0.109153175898,0.145209960788,-0.983361404306));
#7049 = PCURVE('',#7050,#7055);
#7050 = PLANE('',#7051);
#7051 = AXIS2_PLACEMENT_3D('',#7052,#7053,#7054);
#7052 = CARTESIAN_POINT('',(5.374875001458,43.702107834235,
    1.625860175184));
#7053 = DIRECTION('',(0.799350304764,0.60086528463,0.));
#7054 = DIRECTION('',(-0.60086528463,0.799350304764,0.));
#7055 = DEFINITIONAL_REPRESENTATION('',(#7056),#7060);
#7056 = LINE('',#7057,#7058);
#7057 = CARTESIAN_POINT('',(-0.402960709716,1.374139824816));
#7058 = VECTOR('',#7059,1.);
#7059 = DIRECTION('',(0.181659980514,-0.983361404306));
#7060 = ( GEOMETRIC_REPRESENTATION_CONTEXT(2) 
PARAMETRIC_REPRESENTATION_CONTEXT() REPRESENTATION_CONTEXT('2D SPACE',''
  ) );
#7061 = ORIENTED_EDGE('',*,*,#7062,.T.);
#7062 = EDGE_CURVE('',#7042,#7063,#7065,.T.);
#7063 = VERTEX_POINT('',#7064);
#7064 = CARTESIAN_POINT('',(5.283999919891,43.823001861572,3.));
#7065 = SURFACE_CURVE('',#7066,(#7070),.PCURVE_S1.);
#7066 = LINE('',#7067,#7068);
#7067 = CARTESIAN_POINT('',(5.283999919891,43.823001861572,0.));
#7068 = VECTOR('',#7069,1.);
#7069 = DIRECTION('',(0.,0.,1.));
#7070 = PCURVE('',#7050,#7071);
#7071 = DEFINITIONAL_REPRESENTATION('',(#7072),#7076);
#7072 = LINE('',#7073,#7074);
#7073 = CARTESIAN_POINT('',(0.151240359348,-1.625860175184));
#7074 = VECTOR('',#7075,1.);
#7075 = DIRECTION('',(0.,1.));
#7076 = ( GEOMETRIC_REPRESENTATION_CONTEXT(2) 
PARAMETRIC_REPRESENTATION_CONTEXT() REPRESENTATION_CONTEXT('2D SPACE',''
  ) );
#7077 = ORIENTED_EDGE('',*,*,#7078,.F.);
#7078 = EDGE_CURVE('',#7040,#7063,#7079,.T.);
#7079 = SURFACE_CURVE('',#7080,(#7084),.PCURVE_S1.);
#7080 = LINE('',#7081,#7082);
#7081 = CARTESIAN_POINT('',(5.617000102997,43.380001068115,3.));
#7082 = VECTOR('',#7083,1.);
#7083 = DIRECTION('',(-0.60086528463,0.799350304764,0.));
#7084 = PCURVE('',#7050,#7085);
#7085 = DEFINITIONAL_REPRESENTATION('',(#7086),#7090);
#7086 = LINE('',#7087,#7088);
#7087 = CARTESIAN_POINT('',(-0.402960709716,1.374139824816));
#7088 = VECTOR('',#7089,1.);
#7089 = DIRECTION('',(1.,0.));
#7090 = ( GEOMETRIC_REPRESENTATION_CONTEXT(2) 
PARAMETRIC_REPRESENTATION_CONTEXT() REPRESENTATION_CONTEXT('2D SPACE',''
  ) );
#7091 = SHELL_BASED_SURFACE_MODEL('',(#7092));
#7092 = OPEN_SHELL('',(#7093));
#7093 = ADVANCED_FACE('',(#7094),#7108,.T.);
#7094 = FACE_BOUND('',#7095,.T.);
#7095 = EDGE_LOOP('',(#7096,#7119,#7135));
#7096 = ORIENTED_EDGE('',*,*,#7097,.F.);
#7097 = EDGE_CURVE('',#7098,#7100,#7102,.T.);
#7098 = VERTEX_POINT('',#7099);
#7099 = CARTESIAN_POINT('',(5.283999919891,43.823001861572,0.));
#7100 = VERTEX_POINT('',#7101);
#7101 = CARTESIAN_POINT('',(5.617000102997,43.380001068115,0.));
#7102 = SURFACE_CURVE('',#7103,(#7107),.PCURVE_S1.);
#7103 = LINE('',#7104,#7105);
#7104 = CARTESIAN_POINT('',(5.283999919891,43.823001861572,0.));
#7105 = VECTOR('',#7106,1.);
#7106 = DIRECTION('',(0.60086528463,-0.799350304764,0.));
#7107 = PCURVE('',#7108,#7113);
#7108 = PLANE('',#7109);
#7109 = AXIS2_PLACEMENT_3D('',#7110,#7111,#7112);
#7110 = CARTESIAN_POINT('',(5.52612502143,43.500895095452,1.374139824816
    ));
#7111 = DIRECTION('',(0.799350304764,0.60086528463,0.));
#7112 = DIRECTION('',(-0.60086528463,0.799350304764,0.));
#7113 = DEFINITIONAL_REPRESENTATION('',(#7114),#7118);
#7114 = LINE('',#7115,#7116);
#7115 = CARTESIAN_POINT('',(0.402960709716,-1.374139824816));
#7116 = VECTOR('',#7117,1.);
#7117 = DIRECTION('',(-1.,0.));
#7118 = ( GEOMETRIC_REPRESENTATION_CONTEXT(2) 
PARAMETRIC_REPRESENTATION_CONTEXT() REPRESENTATION_CONTEXT('2D SPACE',''
  ) );
#7119 = ORIENTED_EDGE('',*,*,#7120,.F.);
#7120 = EDGE_CURVE('',#7121,#7098,#7123,.T.);
#7121 = VERTEX_POINT('',#7122);
#7122 = CARTESIAN_POINT('',(5.617000102997,43.380001068115,3.));
#7123 = SURFACE_CURVE('',#7124,(#7128),.PCURVE_S1.);
#7124 = LINE('',#7125,#7126);
#7125 = CARTESIAN_POINT('',(5.617000102997,43.380001068115,3.));
#7126 = VECTOR('',#7127,1.);
#7127 = DIRECTION('',(-0.109153175898,0.145209960788,-0.983361404306));
#7128 = PCURVE('',#7108,#7129);
#7129 = DEFINITIONAL_REPRESENTATION('',(#7130),#7134);
#7130 = LINE('',#7131,#7132);
#7131 = CARTESIAN_POINT('',(-0.151240359348,1.625860175184));
#7132 = VECTOR('',#7133,1.);
#7133 = DIRECTION('',(0.181659980514,-0.983361404306));
#7134 = ( GEOMETRIC_REPRESENTATION_CONTEXT(2) 
PARAMETRIC_REPRESENTATION_CONTEXT() REPRESENTATION_CONTEXT('2D SPACE',''
  ) );
#7135 = ORIENTED_EDGE('',*,*,#7136,.F.);
#7136 = EDGE_CURVE('',#7100,#7121,#7137,.T.);
#7137 = SURFACE_CURVE('',#7138,(#7142),.PCURVE_S1.);
#7138 = LINE('',#7139,#7140);
#7139 = CARTESIAN_POINT('',(5.617000102997,43.380001068115,0.));
#7140 = VECTOR('',#7141,1.);
#7141 = DIRECTION('',(0.,0.,1.));
#7142 = PCURVE('',#7108,#7143);
#7143 = DEFINITIONAL_REPRESENTATION('',(#7144),#7148);
#7144 = LINE('',#7145,#7146);
#7145 = CARTESIAN_POINT('',(-0.151240359348,-1.374139824816));
#7146 = VECTOR('',#7147,1.);
#7147 = DIRECTION('',(0.,1.));
#7148 = ( GEOMETRIC_REPRESENTATION_CONTEXT(2) 
PARAMETRIC_REPRESENTATION_CONTEXT() REPRESENTATION_CONTEXT('2D SPACE',''
  ) );
#7149 = SHELL_BASED_SURFACE_MODEL('',(#7150));
#7150 = OPEN_SHELL('',(#7151));
#7151 = ADVANCED_FACE('',(#7152),#7166,.T.);
#7152 = FACE_BOUND('',#7153,.T.);
#7153 = EDGE_LOOP('',(#7154,#7177,#7193));
#7154 = ORIENTED_EDGE('',*,*,#7155,.T.);
#7155 = EDGE_CURVE('',#7156,#7158,#7160,.T.);
#7156 = VERTEX_POINT('',#7157);
#7157 = CARTESIAN_POINT('',(6.035999774933,43.096000671387,0.));
#7158 = VERTEX_POINT('',#7159);
#7159 = CARTESIAN_POINT('',(-11.07100009918,13.619000434875,0.));
#7160 = SURFACE_CURVE('',#7161,(#7165),.PCURVE_S1.);
#7161 = LINE('',#7162,#7163);
#7162 = CARTESIAN_POINT('',(6.035999774933,43.096000671387,0.));
#7163 = VECTOR('',#7164,1.);
#7164 = DIRECTION('',(-0.501945087926,-0.864899490523,0.));
#7165 = PCURVE('',#7166,#7171);
#7166 = PLANE('',#7167);
#7167 = AXIS2_PLACEMENT_3D('',#7168,#7169,#7170);
#7168 = CARTESIAN_POINT('',(-2.645628233427,28.368738557454,0.));
#7169 = DIRECTION('',(-0.,-0.,-1.));
#7170 = DIRECTION('',(-1.,0.,0.));
#7171 = DEFINITIONAL_REPRESENTATION('',(#7172),#7176);
#7172 = LINE('',#7173,#7174);
#7173 = CARTESIAN_POINT('',(-8.68162800836,14.727262113932));
#7174 = VECTOR('',#7175,1.);
#7175 = DIRECTION('',(0.501945087926,-0.864899490523));
#7176 = ( GEOMETRIC_REPRESENTATION_CONTEXT(2) 
PARAMETRIC_REPRESENTATION_CONTEXT() REPRESENTATION_CONTEXT('2D SPACE',''
  ) );
#7177 = ORIENTED_EDGE('',*,*,#7178,.T.);
#7178 = EDGE_CURVE('',#7158,#7179,#7181,.T.);
#7179 = VERTEX_POINT('',#7180);
#7180 = CARTESIAN_POINT('',(-11.28400039672,14.177000045776,0.));
#7181 = SURFACE_CURVE('',#7182,(#7186),.PCURVE_S1.);
#7182 = LINE('',#7183,#7184);
#7183 = CARTESIAN_POINT('',(-11.07100009918,13.619000434875,0.));
#7184 = VECTOR('',#7185,1.);
#7185 = DIRECTION('',(-0.356622511537,0.934248566638,0.));
#7186 = PCURVE('',#7166,#7187);
#7187 = DEFINITIONAL_REPRESENTATION('',(#7188),#7192);
#7188 = LINE('',#7189,#7190);
#7189 = CARTESIAN_POINT('',(8.425371865755,-14.74973812257));
#7190 = VECTOR('',#7191,1.);
#7191 = DIRECTION('',(0.356622511537,0.934248566638));
#7192 = ( GEOMETRIC_REPRESENTATION_CONTEXT(2) 
PARAMETRIC_REPRESENTATION_CONTEXT() REPRESENTATION_CONTEXT('2D SPACE',''
  ) );
#7193 = ORIENTED_EDGE('',*,*,#7194,.F.);
#7194 = EDGE_CURVE('',#7156,#7179,#7195,.T.);
#7195 = SURFACE_CURVE('',#7196,(#7200),.PCURVE_S1.);
#7196 = LINE('',#7197,#7198);
#7197 = CARTESIAN_POINT('',(6.035999774933,43.096000671387,0.));
#7198 = VECTOR('',#7199,1.);
#7199 = DIRECTION('',(-0.513810657222,-0.857903612608,0.));
#7200 = PCURVE('',#7166,#7201);
#7201 = DEFINITIONAL_REPRESENTATION('',(#7202),#7206);
#7202 = LINE('',#7203,#7204);
#7203 = CARTESIAN_POINT('',(-8.68162800836,14.727262113932));
#7204 = VECTOR('',#7205,1.);
#7205 = DIRECTION('',(0.513810657222,-0.857903612608));
#7206 = ( GEOMETRIC_REPRESENTATION_CONTEXT(2) 
PARAMETRIC_REPRESENTATION_CONTEXT() REPRESENTATION_CONTEXT('2D SPACE',''
  ) );
#7207 = SHELL_BASED_SURFACE_MODEL('',(#7208));
#7208 = OPEN_SHELL('',(#7209));
#7209 = ADVANCED_FACE('',(#7210),#7224,.T.);
#7210 = FACE_BOUND('',#7211,.T.);
#7211 = EDGE_LOOP('',(#7212,#7235,#7251));
#7212 = ORIENTED_EDGE('',*,*,#7213,.F.);
#7213 = EDGE_CURVE('',#7214,#7216,#7218,.T.);
#7214 = VERTEX_POINT('',#7215);
#7215 = CARTESIAN_POINT('',(5.283999919891,43.823001861572,3.));
#7216 = VERTEX_POINT('',#7217);
#7217 = CARTESIAN_POINT('',(5.071000099182,44.381000518799,3.));
#7218 = SURFACE_CURVE('',#7219,(#7223),.PCURVE_S1.);
#7219 = LINE('',#7220,#7221);
#7220 = CARTESIAN_POINT('',(5.283999919891,43.823001861572,3.));
#7221 = VECTOR('',#7222,1.);
#7222 = DIRECTION('',(-0.356622346698,0.934248629561,0.));
#7223 = PCURVE('',#7224,#7229);
#7224 = PLANE('',#7225);
#7225 = AXIS2_PLACEMENT_3D('',#7226,#7227,#7228);
#7226 = CARTESIAN_POINT('',(5.225500708626,43.97625307665,1.634598124693
    ));
#7227 = DIRECTION('',(0.934248629561,0.356622346698,0.));
#7228 = DIRECTION('',(-0.356622346698,0.934248629561,0.));
#7229 = DEFINITIONAL_REPRESENTATION('',(#7230),#7234);
#7230 = LINE('',#7231,#7232);
#7231 = CARTESIAN_POINT('',(-0.164036863666,1.365401875307));
#7232 = VECTOR('',#7233,1.);
#7233 = DIRECTION('',(1.,0.));
#7234 = ( GEOMETRIC_REPRESENTATION_CONTEXT(2) 
PARAMETRIC_REPRESENTATION_CONTEXT() REPRESENTATION_CONTEXT('2D SPACE',''
  ) );
#7235 = ORIENTED_EDGE('',*,*,#7236,.F.);
#7236 = EDGE_CURVE('',#7237,#7214,#7239,.T.);
#7237 = VERTEX_POINT('',#7238);
#7238 = CARTESIAN_POINT('',(5.283999919891,43.823001861572,0.));
#7239 = SURFACE_CURVE('',#7240,(#7244),.PCURVE_S1.);
#7240 = LINE('',#7241,#7242);
#7241 = CARTESIAN_POINT('',(5.283999919891,43.823001861572,0.));
#7242 = VECTOR('',#7243,1.);
#7243 = DIRECTION('',(0.,0.,1.));
#7244 = PCURVE('',#7224,#7245);
#7245 = DEFINITIONAL_REPRESENTATION('',(#7246),#7250);
#7246 = LINE('',#7247,#7248);
#7247 = CARTESIAN_POINT('',(-0.164036863666,-1.634598124693));
#7248 = VECTOR('',#7249,1.);
#7249 = DIRECTION('',(0.,1.));
#7250 = ( GEOMETRIC_REPRESENTATION_CONTEXT(2) 
PARAMETRIC_REPRESENTATION_CONTEXT() REPRESENTATION_CONTEXT('2D SPACE',''
  ) );
#7251 = ORIENTED_EDGE('',*,*,#7252,.T.);
#7252 = EDGE_CURVE('',#7237,#7216,#7253,.T.);
#7253 = SURFACE_CURVE('',#7254,(#7258),.PCURVE_S1.);
#7254 = LINE('',#7255,#7256);
#7255 = CARTESIAN_POINT('',(5.283999919891,43.823001861572,0.));
#7256 = VECTOR('',#7257,1.);
#7257 = DIRECTION('',(-6.963332864585E-02,0.182419420604,0.980751933227)
  );
#7258 = PCURVE('',#7224,#7259);
#7259 = DEFINITIONAL_REPRESENTATION('',(#7260),#7264);
#7260 = LINE('',#7261,#7262);
#7261 = CARTESIAN_POINT('',(-0.164036863666,-1.634598124693));
#7262 = VECTOR('',#7263,1.);
#7263 = DIRECTION('',(0.195257894775,0.980751933227));
#7264 = ( GEOMETRIC_REPRESENTATION_CONTEXT(2) 
PARAMETRIC_REPRESENTATION_CONTEXT() REPRESENTATION_CONTEXT('2D SPACE',''
  ) );
#7265 = SHELL_BASED_SURFACE_MODEL('',(#7266));
#7266 = OPEN_SHELL('',(#7267));
#7267 = ADVANCED_FACE('',(#7268),#7282,.T.);
#7268 = FACE_BOUND('',#7269,.T.);
#7269 = EDGE_LOOP('',(#7270,#7293,#7309));
#7270 = ORIENTED_EDGE('',*,*,#7271,.F.);
#7271 = EDGE_CURVE('',#7272,#7274,#7276,.T.);
#7272 = VERTEX_POINT('',#7273);
#7273 = CARTESIAN_POINT('',(5.071000099182,44.381000518799,0.));
#7274 = VERTEX_POINT('',#7275);
#7275 = CARTESIAN_POINT('',(5.283999919891,43.823001861572,0.));
#7276 = SURFACE_CURVE('',#7277,(#7281),.PCURVE_S1.);
#7277 = LINE('',#7278,#7279);
#7278 = CARTESIAN_POINT('',(5.071000099182,44.381000518799,0.));
#7279 = VECTOR('',#7280,1.);
#7280 = DIRECTION('',(0.356622346698,-0.934248629561,0.));
#7281 = PCURVE('',#7282,#7287);
#7282 = PLANE('',#7283);
#7283 = AXIS2_PLACEMENT_3D('',#7284,#7285,#7286);
#7284 = CARTESIAN_POINT('',(5.129499310448,44.227749303721,
    1.365401875307));
#7285 = DIRECTION('',(0.934248629561,0.356622346698,0.));
#7286 = DIRECTION('',(-0.356622346698,0.934248629561,0.));
#7287 = DEFINITIONAL_REPRESENTATION('',(#7288),#7292);
#7288 = LINE('',#7289,#7290);
#7289 = CARTESIAN_POINT('',(0.164036863666,-1.365401875307));
#7290 = VECTOR('',#7291,1.);
#7291 = DIRECTION('',(-1.,0.));
#7292 = ( GEOMETRIC_REPRESENTATION_CONTEXT(2) 
PARAMETRIC_REPRESENTATION_CONTEXT() REPRESENTATION_CONTEXT('2D SPACE',''
  ) );
#7293 = ORIENTED_EDGE('',*,*,#7294,.T.);
#7294 = EDGE_CURVE('',#7272,#7295,#7297,.T.);
#7295 = VERTEX_POINT('',#7296);
#7296 = CARTESIAN_POINT('',(5.071000099182,44.381000518799,3.));
#7297 = SURFACE_CURVE('',#7298,(#7302),.PCURVE_S1.);
#7298 = LINE('',#7299,#7300);
#7299 = CARTESIAN_POINT('',(5.071000099182,44.381000518799,0.));
#7300 = VECTOR('',#7301,1.);
#7301 = DIRECTION('',(0.,0.,1.));
#7302 = PCURVE('',#7282,#7303);
#7303 = DEFINITIONAL_REPRESENTATION('',(#7304),#7308);
#7304 = LINE('',#7305,#7306);
#7305 = CARTESIAN_POINT('',(0.164036863666,-1.365401875307));
#7306 = VECTOR('',#7307,1.);
#7307 = DIRECTION('',(0.,1.));
#7308 = ( GEOMETRIC_REPRESENTATION_CONTEXT(2) 
PARAMETRIC_REPRESENTATION_CONTEXT() REPRESENTATION_CONTEXT('2D SPACE',''
  ) );
#7309 = ORIENTED_EDGE('',*,*,#7310,.F.);
#7310 = EDGE_CURVE('',#7274,#7295,#7311,.T.);
#7311 = SURFACE_CURVE('',#7312,(#7316),.PCURVE_S1.);
#7312 = LINE('',#7313,#7314);
#7313 = CARTESIAN_POINT('',(5.283999919891,43.823001861572,0.));
#7314 = VECTOR('',#7315,1.);
#7315 = DIRECTION('',(-6.963332864585E-02,0.182419420604,0.980751933227)
  );
#7316 = PCURVE('',#7282,#7317);
#7317 = DEFINITIONAL_REPRESENTATION('',(#7318),#7322);
#7318 = LINE('',#7319,#7320);
#7319 = CARTESIAN_POINT('',(-0.433233113052,-1.365401875307));
#7320 = VECTOR('',#7321,1.);
#7321 = DIRECTION('',(0.195257894775,0.980751933227));
#7322 = ( GEOMETRIC_REPRESENTATION_CONTEXT(2) 
PARAMETRIC_REPRESENTATION_CONTEXT() REPRESENTATION_CONTEXT('2D SPACE',''
  ) );
#7323 = SHELL_BASED_SURFACE_MODEL('',(#7324));
#7324 = OPEN_SHELL('',(#7325));
#7325 = ADVANCED_FACE('',(#7326),#7340,.T.);
#7326 = FACE_BOUND('',#7327,.T.);
#7327 = EDGE_LOOP('',(#7328,#7351,#7367));
#7328 = ORIENTED_EDGE('',*,*,#7329,.F.);
#7329 = EDGE_CURVE('',#7330,#7332,#7334,.T.);
#7330 = VERTEX_POINT('',#7331);
#7331 = CARTESIAN_POINT('',(5.071000099182,44.381000518799,0.));
#7332 = VERTEX_POINT('',#7333);
#7333 = CARTESIAN_POINT('',(5.071000099182,44.381000518799,3.));
#7334 = SURFACE_CURVE('',#7335,(#7339),.PCURVE_S1.);
#7335 = LINE('',#7336,#7337);
#7336 = CARTESIAN_POINT('',(5.071000099182,44.381000518799,0.));
#7337 = VECTOR('',#7338,1.);
#7338 = DIRECTION('',(0.,0.,1.));
#7339 = PCURVE('',#7340,#7345);
#7340 = PLANE('',#7341);
#7341 = AXIS2_PLACEMENT_3D('',#7342,#7343,#7344);
#7342 = CARTESIAN_POINT('',(5.050874302702,44.551656209099,
    1.360193762317));
#7343 = DIRECTION('',(0.993117707772,0.117120529835,0.));
#7344 = DIRECTION('',(-0.117120529835,0.993117707772,0.));
#7345 = DEFINITIONAL_REPRESENTATION('',(#7346),#7350);
#7346 = LINE('',#7347,#7348);
#7347 = CARTESIAN_POINT('',(-0.171838331917,-1.360193762317));
#7348 = VECTOR('',#7349,1.);
#7349 = DIRECTION('',(0.,1.));
#7350 = ( GEOMETRIC_REPRESENTATION_CONTEXT(2) 
PARAMETRIC_REPRESENTATION_CONTEXT() REPRESENTATION_CONTEXT('2D SPACE',''
  ) );
#7351 = ORIENTED_EDGE('',*,*,#7352,.T.);
#7352 = EDGE_CURVE('',#7330,#7353,#7355,.T.);
#7353 = VERTEX_POINT('',#7354);
#7354 = CARTESIAN_POINT('',(4.998000144958,45.,0.));
#7355 = SURFACE_CURVE('',#7356,(#7360),.PCURVE_S1.);
#7356 = LINE('',#7357,#7358);
#7357 = CARTESIAN_POINT('',(5.071000099182,44.381000518799,0.));
#7358 = VECTOR('',#7359,1.);
#7359 = DIRECTION('',(-0.117120529835,0.993117707772,0.));
#7360 = PCURVE('',#7340,#7361);
#7361 = DEFINITIONAL_REPRESENTATION('',(#7362),#7366);
#7362 = LINE('',#7363,#7364);
#7363 = CARTESIAN_POINT('',(-0.171838331917,-1.360193762317));
#7364 = VECTOR('',#7365,1.);
#7365 = DIRECTION('',(1.,0.));
#7366 = ( GEOMETRIC_REPRESENTATION_CONTEXT(2) 
PARAMETRIC_REPRESENTATION_CONTEXT() REPRESENTATION_CONTEXT('2D SPACE',''
  ) );
#7367 = ORIENTED_EDGE('',*,*,#7368,.T.);
#7368 = EDGE_CURVE('',#7353,#7332,#7369,.T.);
#7369 = SURFACE_CURVE('',#7370,(#7374),.PCURVE_S1.);
#7370 = LINE('',#7371,#7372);
#7371 = CARTESIAN_POINT('',(4.998000144958,45.,0.));
#7372 = VECTOR('',#7373,1.);
#7373 = DIRECTION('',(2.382455122788E-02,-0.202019097228,0.979091760314)
  );
#7374 = PCURVE('',#7340,#7375);
#7375 = DEFINITIONAL_REPRESENTATION('',(#7376),#7380);
#7376 = LINE('',#7377,#7378);
#7377 = CARTESIAN_POINT('',(0.451450807283,-1.360193762317));
#7378 = VECTOR('',#7379,1.);
#7379 = DIRECTION('',(-0.203419086828,0.979091760314));
#7380 = ( GEOMETRIC_REPRESENTATION_CONTEXT(2) 
PARAMETRIC_REPRESENTATION_CONTEXT() REPRESENTATION_CONTEXT('2D SPACE',''
  ) );
#7381 = SHELL_BASED_SURFACE_MODEL('',(#7382));
#7382 = OPEN_SHELL('',(#7383));
#7383 = ADVANCED_FACE('',(#7384),#7398,.T.);
#7384 = FACE_BOUND('',#7385,.T.);
#7385 = EDGE_LOOP('',(#7386,#7409,#7425));
#7386 = ORIENTED_EDGE('',*,*,#7387,.T.);
#7387 = EDGE_CURVE('',#7388,#7390,#7392,.T.);
#7388 = VERTEX_POINT('',#7389);
#7389 = CARTESIAN_POINT('',(4.998000144958,45.,0.));
#7390 = VERTEX_POINT('',#7391);
#7391 = CARTESIAN_POINT('',(4.998000144958,45.,3.));
#7392 = SURFACE_CURVE('',#7393,(#7397),.PCURVE_S1.);
#7393 = LINE('',#7394,#7395);
#7394 = CARTESIAN_POINT('',(4.998000144958,45.,0.));
#7395 = VECTOR('',#7396,1.);
#7396 = DIRECTION('',(0.,0.,1.));
#7397 = PCURVE('',#7398,#7403);
#7398 = PLANE('',#7399);
#7399 = AXIS2_PLACEMENT_3D('',#7400,#7401,#7402);
#7400 = CARTESIAN_POINT('',(5.018125941439,44.8293443097,1.639806237683)
  );
#7401 = DIRECTION('',(0.993117707772,0.117120529835,0.));
#7402 = DIRECTION('',(-0.117120529835,0.993117707772,0.));
#7403 = DEFINITIONAL_REPRESENTATION('',(#7404),#7408);
#7404 = LINE('',#7405,#7406);
#7405 = CARTESIAN_POINT('',(0.171838331917,-1.639806237683));
#7406 = VECTOR('',#7407,1.);
#7407 = DIRECTION('',(0.,1.));
#7408 = ( GEOMETRIC_REPRESENTATION_CONTEXT(2) 
PARAMETRIC_REPRESENTATION_CONTEXT() REPRESENTATION_CONTEXT('2D SPACE',''
  ) );
#7409 = ORIENTED_EDGE('',*,*,#7410,.F.);
#7410 = EDGE_CURVE('',#7411,#7390,#7413,.T.);
#7411 = VERTEX_POINT('',#7412);
#7412 = CARTESIAN_POINT('',(5.071000099182,44.381000518799,3.));
#7413 = SURFACE_CURVE('',#7414,(#7418),.PCURVE_S1.);
#7414 = LINE('',#7415,#7416);
#7415 = CARTESIAN_POINT('',(5.071000099182,44.381000518799,3.));
#7416 = VECTOR('',#7417,1.);
#7417 = DIRECTION('',(-0.117120529835,0.993117707772,0.));
#7418 = PCURVE('',#7398,#7419);
#7419 = DEFINITIONAL_REPRESENTATION('',(#7420),#7424);
#7420 = LINE('',#7421,#7422);
#7421 = CARTESIAN_POINT('',(-0.451450807283,1.360193762317));
#7422 = VECTOR('',#7423,1.);
#7423 = DIRECTION('',(1.,0.));
#7424 = ( GEOMETRIC_REPRESENTATION_CONTEXT(2) 
PARAMETRIC_REPRESENTATION_CONTEXT() REPRESENTATION_CONTEXT('2D SPACE',''
  ) );
#7425 = ORIENTED_EDGE('',*,*,#7426,.F.);
#7426 = EDGE_CURVE('',#7388,#7411,#7427,.T.);
#7427 = SURFACE_CURVE('',#7428,(#7432),.PCURVE_S1.);
#7428 = LINE('',#7429,#7430);
#7429 = CARTESIAN_POINT('',(4.998000144958,45.,0.));
#7430 = VECTOR('',#7431,1.);
#7431 = DIRECTION('',(2.382455122788E-02,-0.202019097228,0.979091760314)
  );
#7432 = PCURVE('',#7398,#7433);
#7433 = DEFINITIONAL_REPRESENTATION('',(#7434),#7438);
#7434 = LINE('',#7435,#7436);
#7435 = CARTESIAN_POINT('',(0.171838331917,-1.639806237683));
#7436 = VECTOR('',#7437,1.);
#7437 = DIRECTION('',(-0.203419086828,0.979091760314));
#7438 = ( GEOMETRIC_REPRESENTATION_CONTEXT(2) 
PARAMETRIC_REPRESENTATION_CONTEXT() REPRESENTATION_CONTEXT('2D SPACE',''
  ) );
#7439 = SHELL_BASED_SURFACE_MODEL('',(#7440));
#7440 = OPEN_SHELL('',(#7441));
#7441 = ADVANCED_FACE('',(#7442),#7456,.T.);
#7442 = FACE_BOUND('',#7443,.T.);
#7443 = EDGE_LOOP('',(#7444,#7467,#7483));
#7444 = ORIENTED_EDGE('',*,*,#7445,.T.);
#7445 = EDGE_CURVE('',#7446,#7448,#7450,.T.);
#7446 = VERTEX_POINT('',#7447);
#7447 = CARTESIAN_POINT('',(4.998000144958,45.,0.));
#7448 = VERTEX_POINT('',#7449);
#7449 = CARTESIAN_POINT('',(5.071000099182,45.618999481201,3.));
#7450 = SURFACE_CURVE('',#7451,(#7455),.PCURVE_S1.);
#7451 = LINE('',#7452,#7453);
#7452 = CARTESIAN_POINT('',(4.998000144958,45.,0.));
#7453 = VECTOR('',#7454,1.);
#7454 = DIRECTION('',(2.382455122788E-02,0.202019097228,0.979091760314)
  );
#7455 = PCURVE('',#7456,#7461);
#7456 = PLANE('',#7457);
#7457 = AXIS2_PLACEMENT_3D('',#7458,#7459,#7460);
#7458 = CARTESIAN_POINT('',(5.018125941439,45.1706556903,1.639806237683)
  );
#7459 = DIRECTION('',(0.993117707772,-0.117120529835,0.));
#7460 = DIRECTION('',(0.117120529835,0.993117707772,0.));
#7461 = DEFINITIONAL_REPRESENTATION('',(#7462),#7466);
#7462 = LINE('',#7463,#7464);
#7463 = CARTESIAN_POINT('',(-0.171838331917,-1.639806237683));
#7464 = VECTOR('',#7465,1.);
#7465 = DIRECTION('',(0.203419086828,0.979091760314));
#7466 = ( GEOMETRIC_REPRESENTATION_CONTEXT(2) 
PARAMETRIC_REPRESENTATION_CONTEXT() REPRESENTATION_CONTEXT('2D SPACE',''
  ) );
#7467 = ORIENTED_EDGE('',*,*,#7468,.F.);
#7468 = EDGE_CURVE('',#7469,#7448,#7471,.T.);
#7469 = VERTEX_POINT('',#7470);
#7470 = CARTESIAN_POINT('',(4.998000144958,45.,3.));
#7471 = SURFACE_CURVE('',#7472,(#7476),.PCURVE_S1.);
#7472 = LINE('',#7473,#7474);
#7473 = CARTESIAN_POINT('',(4.998000144958,45.,3.));
#7474 = VECTOR('',#7475,1.);
#7475 = DIRECTION('',(0.117120529835,0.993117707772,0.));
#7476 = PCURVE('',#7456,#7477);
#7477 = DEFINITIONAL_REPRESENTATION('',(#7478),#7482);
#7478 = LINE('',#7479,#7480);
#7479 = CARTESIAN_POINT('',(-0.171838331917,1.360193762317));
#7480 = VECTOR('',#7481,1.);
#7481 = DIRECTION('',(1.,0.));
#7482 = ( GEOMETRIC_REPRESENTATION_CONTEXT(2) 
PARAMETRIC_REPRESENTATION_CONTEXT() REPRESENTATION_CONTEXT('2D SPACE',''
  ) );
#7483 = ORIENTED_EDGE('',*,*,#7484,.F.);
#7484 = EDGE_CURVE('',#7446,#7469,#7485,.T.);
#7485 = SURFACE_CURVE('',#7486,(#7490),.PCURVE_S1.);
#7486 = LINE('',#7487,#7488);
#7487 = CARTESIAN_POINT('',(4.998000144958,45.,0.));
#7488 = VECTOR('',#7489,1.);
#7489 = DIRECTION('',(0.,0.,1.));
#7490 = PCURVE('',#7456,#7491);
#7491 = DEFINITIONAL_REPRESENTATION('',(#7492),#7496);
#7492 = LINE('',#7493,#7494);
#7493 = CARTESIAN_POINT('',(-0.171838331917,-1.639806237683));
#7494 = VECTOR('',#7495,1.);
#7495 = DIRECTION('',(0.,1.));
#7496 = ( GEOMETRIC_REPRESENTATION_CONTEXT(2) 
PARAMETRIC_REPRESENTATION_CONTEXT() REPRESENTATION_CONTEXT('2D SPACE',''
  ) );
#7497 = SHELL_BASED_SURFACE_MODEL('',(#7498));
#7498 = OPEN_SHELL('',(#7499));
#7499 = ADVANCED_FACE('',(#7500),#7514,.T.);
#7500 = FACE_BOUND('',#7501,.T.);
#7501 = EDGE_LOOP('',(#7502,#7525,#7541));
#7502 = ORIENTED_EDGE('',*,*,#7503,.F.);
#7503 = EDGE_CURVE('',#7504,#7506,#7508,.T.);
#7504 = VERTEX_POINT('',#7505);
#7505 = CARTESIAN_POINT('',(7.928999900818,45.618999481201,0.));
#7506 = VERTEX_POINT('',#7507);
#7507 = CARTESIAN_POINT('',(8.001999855042,45.,3.));
#7508 = SURFACE_CURVE('',#7509,(#7513),.PCURVE_S1.);
#7509 = LINE('',#7510,#7511);
#7510 = CARTESIAN_POINT('',(7.928999900818,45.618999481201,0.));
#7511 = VECTOR('',#7512,1.);
#7512 = DIRECTION('',(2.382455122788E-02,-0.202019097228,0.979091760314)
  );
#7513 = PCURVE('',#7514,#7519);
#7514 = PLANE('',#7515);
#7515 = AXIS2_PLACEMENT_3D('',#7516,#7517,#7518);
#7516 = CARTESIAN_POINT('',(7.981874058561,45.1706556903,1.360193762317)
  );
#7517 = DIRECTION('',(-0.993117707772,-0.117120529835,-0.));
#7518 = DIRECTION('',(0.117120529835,-0.993117707772,0.));
#7519 = DEFINITIONAL_REPRESENTATION('',(#7520),#7524);
#7520 = LINE('',#7521,#7522);
#7521 = CARTESIAN_POINT('',(-0.451450807283,-1.360193762317));
#7522 = VECTOR('',#7523,1.);
#7523 = DIRECTION('',(0.203419086828,0.979091760314));
#7524 = ( GEOMETRIC_REPRESENTATION_CONTEXT(2) 
PARAMETRIC_REPRESENTATION_CONTEXT() REPRESENTATION_CONTEXT('2D SPACE',''
  ) );
#7525 = ORIENTED_EDGE('',*,*,#7526,.T.);
#7526 = EDGE_CURVE('',#7504,#7527,#7529,.T.);
#7527 = VERTEX_POINT('',#7528);
#7528 = CARTESIAN_POINT('',(8.001999855042,45.,0.));
#7529 = SURFACE_CURVE('',#7530,(#7534),.PCURVE_S1.);
#7530 = LINE('',#7531,#7532);
#7531 = CARTESIAN_POINT('',(7.928999900818,45.618999481201,0.));
#7532 = VECTOR('',#7533,1.);
#7533 = DIRECTION('',(0.117120529835,-0.993117707772,0.));
#7534 = PCURVE('',#7514,#7535);
#7535 = DEFINITIONAL_REPRESENTATION('',(#7536),#7540);
#7536 = LINE('',#7537,#7538);
#7537 = CARTESIAN_POINT('',(-0.451450807283,-1.360193762317));
#7538 = VECTOR('',#7539,1.);
#7539 = DIRECTION('',(1.,0.));
#7540 = ( GEOMETRIC_REPRESENTATION_CONTEXT(2) 
PARAMETRIC_REPRESENTATION_CONTEXT() REPRESENTATION_CONTEXT('2D SPACE',''
  ) );
#7541 = ORIENTED_EDGE('',*,*,#7542,.T.);
#7542 = EDGE_CURVE('',#7527,#7506,#7543,.T.);
#7543 = SURFACE_CURVE('',#7544,(#7548),.PCURVE_S1.);
#7544 = LINE('',#7545,#7546);
#7545 = CARTESIAN_POINT('',(8.001999855042,45.,0.));
#7546 = VECTOR('',#7547,1.);
#7547 = DIRECTION('',(0.,0.,1.));
#7548 = PCURVE('',#7514,#7549);
#7549 = DEFINITIONAL_REPRESENTATION('',(#7550),#7554);
#7550 = LINE('',#7551,#7552);
#7551 = CARTESIAN_POINT('',(0.171838331917,-1.360193762317));
#7552 = VECTOR('',#7553,1.);
#7553 = DIRECTION('',(0.,1.));
#7554 = ( GEOMETRIC_REPRESENTATION_CONTEXT(2) 
PARAMETRIC_REPRESENTATION_CONTEXT() REPRESENTATION_CONTEXT('2D SPACE',''
  ) );
#7555 = SHELL_BASED_SURFACE_MODEL('',(#7556));
#7556 = OPEN_SHELL('',(#7557));
#7557 = ADVANCED_FACE('',(#7558),#7572,.T.);
#7558 = FACE_BOUND('',#7559,.T.);
#7559 = EDGE_LOOP('',(#7560,#7583,#7599));
#7560 = ORIENTED_EDGE('',*,*,#7561,.T.);
#7561 = EDGE_CURVE('',#7562,#7564,#7566,.T.);
#7562 = VERTEX_POINT('',#7563);
#7563 = CARTESIAN_POINT('',(7.716000080109,43.823001861572,0.));
#7564 = VERTEX_POINT('',#7565);
#7565 = CARTESIAN_POINT('',(7.928999900818,44.381000518799,0.));
#7566 = SURFACE_CURVE('',#7567,(#7571),.PCURVE_S1.);
#7567 = LINE('',#7568,#7569);
#7568 = CARTESIAN_POINT('',(7.716000080109,43.823001861572,0.));
#7569 = VECTOR('',#7570,1.);
#7570 = DIRECTION('',(0.356622346698,0.934248629561,0.));
#7571 = PCURVE('',#7572,#7577);
#7572 = PLANE('',#7573);
#7573 = AXIS2_PLACEMENT_3D('',#7574,#7575,#7576);
#7574 = CARTESIAN_POINT('',(10.889546575702,23.698472025681,0.));
#7575 = DIRECTION('',(-0.,-0.,-1.));
#7576 = DIRECTION('',(-1.,0.,0.));
#7577 = DEFINITIONAL_REPRESENTATION('',(#7578),#7582);
#7578 = LINE('',#7579,#7580);
#7579 = CARTESIAN_POINT('',(3.173546495593,20.124529835891));
#7580 = VECTOR('',#7581,1.);
#7581 = DIRECTION('',(-0.356622346698,0.934248629561));
#7582 = ( GEOMETRIC_REPRESENTATION_CONTEXT(2) 
PARAMETRIC_REPRESENTATION_CONTEXT() REPRESENTATION_CONTEXT('2D SPACE',''
  ) );
#7583 = ORIENTED_EDGE('',*,*,#7584,.T.);
#7584 = EDGE_CURVE('',#7564,#7585,#7587,.T.);
#7585 = VERTEX_POINT('',#7586);
#7586 = CARTESIAN_POINT('',(14.,3.,0.));
#7587 = SURFACE_CURVE('',#7588,(#7592),.PCURVE_S1.);
#7588 = LINE('',#7589,#7590);
#7589 = CARTESIAN_POINT('',(7.928999900818,44.381000518799,0.));
#7590 = VECTOR('',#7591,1.);
#7591 = DIRECTION('',(0.14515600699,-0.989408779845,0.));
#7592 = PCURVE('',#7572,#7593);
#7593 = DEFINITIONAL_REPRESENTATION('',(#7594),#7598);
#7594 = LINE('',#7595,#7596);
#7595 = CARTESIAN_POINT('',(2.960546674884,20.682528493118));
#7596 = VECTOR('',#7597,1.);
#7597 = DIRECTION('',(-0.14515600699,-0.989408779845));
#7598 = ( GEOMETRIC_REPRESENTATION_CONTEXT(2) 
PARAMETRIC_REPRESENTATION_CONTEXT() REPRESENTATION_CONTEXT('2D SPACE',''
  ) );
#7599 = ORIENTED_EDGE('',*,*,#7600,.T.);
#7600 = EDGE_CURVE('',#7585,#7562,#7601,.T.);
#7601 = SURFACE_CURVE('',#7602,(#7606),.PCURVE_S1.);
#7602 = LINE('',#7603,#7604);
#7603 = CARTESIAN_POINT('',(14.,3.,0.));
#7604 = VECTOR('',#7605,1.);
#7605 = DIRECTION('',(-0.152140863349,0.988358820318,0.));
#7606 = PCURVE('',#7572,#7607);
#7607 = DEFINITIONAL_REPRESENTATION('',(#7608),#7612);
#7608 = LINE('',#7609,#7610);
#7609 = CARTESIAN_POINT('',(-3.110453424298,-20.69847202568));
#7610 = VECTOR('',#7611,1.);
#7611 = DIRECTION('',(0.152140863349,0.988358820318));
#7612 = ( GEOMETRIC_REPRESENTATION_CONTEXT(2) 
PARAMETRIC_REPRESENTATION_CONTEXT() REPRESENTATION_CONTEXT('2D SPACE',''
  ) );
#7613 = SHELL_BASED_SURFACE_MODEL('',(#7614));
#7614 = OPEN_SHELL('',(#7615));
#7615 = ADVANCED_FACE('',(#7616),#7630,.T.);
#7616 = FACE_BOUND('',#7617,.T.);
#7617 = EDGE_LOOP('',(#7618,#7641,#7657));
#7618 = ORIENTED_EDGE('',*,*,#7619,.T.);
#7619 = EDGE_CURVE('',#7620,#7622,#7624,.T.);
#7620 = VERTEX_POINT('',#7621);
#7621 = CARTESIAN_POINT('',(8.001999855042,45.,0.));
#7622 = VERTEX_POINT('',#7623);
#7623 = CARTESIAN_POINT('',(7.928999900818,44.381000518799,0.));
#7624 = SURFACE_CURVE('',#7625,(#7629),.PCURVE_S1.);
#7625 = LINE('',#7626,#7627);
#7626 = CARTESIAN_POINT('',(8.001999855042,45.,0.));
#7627 = VECTOR('',#7628,1.);
#7628 = DIRECTION('',(-0.117120529835,-0.993117707772,0.));
#7629 = PCURVE('',#7630,#7635);
#7630 = PLANE('',#7631);
#7631 = AXIS2_PLACEMENT_3D('',#7632,#7633,#7634);
#7632 = CARTESIAN_POINT('',(7.949125697298,44.551656209099,
    1.360193762317));
#7633 = DIRECTION('',(-0.993117707772,0.117120529835,-0.));
#7634 = DIRECTION('',(-0.117120529835,-0.993117707772,0.));
#7635 = DEFINITIONAL_REPRESENTATION('',(#7636),#7640);
#7636 = LINE('',#7637,#7638);
#7637 = CARTESIAN_POINT('',(-0.451450807283,-1.360193762317));
#7638 = VECTOR('',#7639,1.);
#7639 = DIRECTION('',(1.,0.));
#7640 = ( GEOMETRIC_REPRESENTATION_CONTEXT(2) 
PARAMETRIC_REPRESENTATION_CONTEXT() REPRESENTATION_CONTEXT('2D SPACE',''
  ) );
#7641 = ORIENTED_EDGE('',*,*,#7642,.T.);
#7642 = EDGE_CURVE('',#7622,#7643,#7645,.T.);
#7643 = VERTEX_POINT('',#7644);
#7644 = CARTESIAN_POINT('',(7.928999900818,44.381000518799,3.));
#7645 = SURFACE_CURVE('',#7646,(#7650),.PCURVE_S1.);
#7646 = LINE('',#7647,#7648);
#7647 = CARTESIAN_POINT('',(7.928999900818,44.381000518799,0.));
#7648 = VECTOR('',#7649,1.);
#7649 = DIRECTION('',(0.,0.,1.));
#7650 = PCURVE('',#7630,#7651);
#7651 = DEFINITIONAL_REPRESENTATION('',(#7652),#7656);
#7652 = LINE('',#7653,#7654);
#7653 = CARTESIAN_POINT('',(0.171838331917,-1.360193762317));
#7654 = VECTOR('',#7655,1.);
#7655 = DIRECTION('',(0.,1.));
#7656 = ( GEOMETRIC_REPRESENTATION_CONTEXT(2) 
PARAMETRIC_REPRESENTATION_CONTEXT() REPRESENTATION_CONTEXT('2D SPACE',''
  ) );
#7657 = ORIENTED_EDGE('',*,*,#7658,.T.);
#7658 = EDGE_CURVE('',#7643,#7620,#7659,.T.);
#7659 = SURFACE_CURVE('',#7660,(#7664),.PCURVE_S1.);
#7660 = LINE('',#7661,#7662);
#7661 = CARTESIAN_POINT('',(7.928999900818,44.381000518799,3.));
#7662 = VECTOR('',#7663,1.);
#7663 = DIRECTION('',(2.382455122788E-02,0.202019097228,-0.979091760314)
  );
#7664 = PCURVE('',#7630,#7665);
#7665 = DEFINITIONAL_REPRESENTATION('',(#7666),#7670);
#7666 = LINE('',#7667,#7668);
#7667 = CARTESIAN_POINT('',(0.171838331917,1.639806237683));
#7668 = VECTOR('',#7669,1.);
#7669 = DIRECTION('',(-0.203419086828,-0.979091760314));
#7670 = ( GEOMETRIC_REPRESENTATION_CONTEXT(2) 
PARAMETRIC_REPRESENTATION_CONTEXT() REPRESENTATION_CONTEXT('2D SPACE',''
  ) );
#7671 = SHELL_BASED_SURFACE_MODEL('',(#7672));
#7672 = OPEN_SHELL('',(#7673));
#7673 = ADVANCED_FACE('',(#7674),#7688,.T.);
#7674 = FACE_BOUND('',#7675,.T.);
#7675 = EDGE_LOOP('',(#7676,#7699,#7715));
#7676 = ORIENTED_EDGE('',*,*,#7677,.F.);
#7677 = EDGE_CURVE('',#7678,#7680,#7682,.T.);
#7678 = VERTEX_POINT('',#7679);
#7679 = CARTESIAN_POINT('',(8.001999855042,45.,3.));
#7680 = VERTEX_POINT('',#7681);
#7681 = CARTESIAN_POINT('',(7.928999900818,44.381000518799,3.));
#7682 = SURFACE_CURVE('',#7683,(#7687),.PCURVE_S1.);
#7683 = LINE('',#7684,#7685);
#7684 = CARTESIAN_POINT('',(8.001999855042,45.,3.));
#7685 = VECTOR('',#7686,1.);
#7686 = DIRECTION('',(-0.117120529835,-0.993117707772,0.));
#7687 = PCURVE('',#7688,#7693);
#7688 = PLANE('',#7689);
#7689 = AXIS2_PLACEMENT_3D('',#7690,#7691,#7692);
#7690 = CARTESIAN_POINT('',(7.981874058561,44.8293443097,1.639806237683)
  );
#7691 = DIRECTION('',(-0.993117707772,0.117120529835,-0.));
#7692 = DIRECTION('',(-0.117120529835,-0.993117707772,0.));
#7693 = DEFINITIONAL_REPRESENTATION('',(#7694),#7698);
#7694 = LINE('',#7695,#7696);
#7695 = CARTESIAN_POINT('',(-0.171838331917,1.360193762317));
#7696 = VECTOR('',#7697,1.);
#7697 = DIRECTION('',(1.,0.));
#7698 = ( GEOMETRIC_REPRESENTATION_CONTEXT(2) 
PARAMETRIC_REPRESENTATION_CONTEXT() REPRESENTATION_CONTEXT('2D SPACE',''
  ) );
#7699 = ORIENTED_EDGE('',*,*,#7700,.F.);
#7700 = EDGE_CURVE('',#7701,#7678,#7703,.T.);
#7701 = VERTEX_POINT('',#7702);
#7702 = CARTESIAN_POINT('',(8.001999855042,45.,0.));
#7703 = SURFACE_CURVE('',#7704,(#7708),.PCURVE_S1.);
#7704 = LINE('',#7705,#7706);
#7705 = CARTESIAN_POINT('',(8.001999855042,45.,0.));
#7706 = VECTOR('',#7707,1.);
#7707 = DIRECTION('',(0.,0.,1.));
#7708 = PCURVE('',#7688,#7709);
#7709 = DEFINITIONAL_REPRESENTATION('',(#7710),#7714);
#7710 = LINE('',#7711,#7712);
#7711 = CARTESIAN_POINT('',(-0.171838331917,-1.639806237683));
#7712 = VECTOR('',#7713,1.);
#7713 = DIRECTION('',(0.,1.));
#7714 = ( GEOMETRIC_REPRESENTATION_CONTEXT(2) 
PARAMETRIC_REPRESENTATION_CONTEXT() REPRESENTATION_CONTEXT('2D SPACE',''
  ) );
#7715 = ORIENTED_EDGE('',*,*,#7716,.F.);
#7716 = EDGE_CURVE('',#7680,#7701,#7717,.T.);
#7717 = SURFACE_CURVE('',#7718,(#7722),.PCURVE_S1.);
#7718 = LINE('',#7719,#7720);
#7719 = CARTESIAN_POINT('',(7.928999900818,44.381000518799,3.));
#7720 = VECTOR('',#7721,1.);
#7721 = DIRECTION('',(2.382455122788E-02,0.202019097228,-0.979091760314)
  );
#7722 = PCURVE('',#7688,#7723);
#7723 = DEFINITIONAL_REPRESENTATION('',(#7724),#7728);
#7724 = LINE('',#7725,#7726);
#7725 = CARTESIAN_POINT('',(0.451450807283,1.360193762317));
#7726 = VECTOR('',#7727,1.);
#7727 = DIRECTION('',(-0.203419086828,-0.979091760314));
#7728 = ( GEOMETRIC_REPRESENTATION_CONTEXT(2) 
PARAMETRIC_REPRESENTATION_CONTEXT() REPRESENTATION_CONTEXT('2D SPACE',''
  ) );
#7729 = SHELL_BASED_SURFACE_MODEL('',(#7730));
#7730 = OPEN_SHELL('',(#7731));
#7731 = ADVANCED_FACE('',(#7732),#7746,.T.);
#7732 = FACE_BOUND('',#7733,.T.);
#7733 = EDGE_LOOP('',(#7734,#7757,#7773));
#7734 = ORIENTED_EDGE('',*,*,#7735,.T.);
#7735 = EDGE_CURVE('',#7736,#7738,#7740,.T.);
#7736 = VERTEX_POINT('',#7737);
#7737 = CARTESIAN_POINT('',(14.,3.,0.));
#7738 = VERTEX_POINT('',#7739);
#7739 = CARTESIAN_POINT('',(-0.998000025749,-3.003000020981,0.));
#7740 = SURFACE_CURVE('',#7741,(#7745),.PCURVE_S1.);
#7741 = LINE('',#7742,#7743);
#7742 = CARTESIAN_POINT('',(14.,3.,0.));
#7743 = VECTOR('',#7744,1.);
#7744 = DIRECTION('',(-0.928395556478,-0.371593448156,0.));
#7745 = PCURVE('',#7746,#7751);
#7746 = PLANE('',#7747);
#7747 = AXIS2_PLACEMENT_3D('',#7748,#7749,#7750);
#7748 = CARTESIAN_POINT('',(4.700898957363,2.342065815779,0.));
#7749 = DIRECTION('',(-0.,-0.,-1.));
#7750 = DIRECTION('',(-1.,0.,0.));
#7751 = DEFINITIONAL_REPRESENTATION('',(#7752),#7756);
#7752 = LINE('',#7753,#7754);
#7753 = CARTESIAN_POINT('',(-9.299101042637,0.657934184221));
#7754 = VECTOR('',#7755,1.);
#7755 = DIRECTION('',(0.928395556478,-0.371593448156));
#7756 = ( GEOMETRIC_REPRESENTATION_CONTEXT(2) 
PARAMETRIC_REPRESENTATION_CONTEXT() REPRESENTATION_CONTEXT('2D SPACE',''
  ) );
#7757 = ORIENTED_EDGE('',*,*,#7758,.F.);
#7758 = EDGE_CURVE('',#7759,#7738,#7761,.T.);
#7759 = VERTEX_POINT('',#7760);
#7760 = CARTESIAN_POINT('',(-0.998000025749,7.002999782562,0.));
#7761 = SURFACE_CURVE('',#7762,(#7766),.PCURVE_S1.);
#7762 = LINE('',#7763,#7764);
#7763 = CARTESIAN_POINT('',(-0.998000025749,7.002999782562,0.));
#7764 = VECTOR('',#7765,1.);
#7765 = DIRECTION('',(0.,-1.,0.));
#7766 = PCURVE('',#7746,#7767);
#7767 = DEFINITIONAL_REPRESENTATION('',(#7768),#7772);
#7768 = LINE('',#7769,#7770);
#7769 = CARTESIAN_POINT('',(5.698898983112,4.660933966783));
#7770 = VECTOR('',#7771,1.);
#7771 = DIRECTION('',(0.,-1.));
#7772 = ( GEOMETRIC_REPRESENTATION_CONTEXT(2) 
PARAMETRIC_REPRESENTATION_CONTEXT() REPRESENTATION_CONTEXT('2D SPACE',''
  ) );
#7773 = ORIENTED_EDGE('',*,*,#7774,.T.);
#7774 = EDGE_CURVE('',#7759,#7736,#7775,.T.);
#7775 = SURFACE_CURVE('',#7776,(#7780),.PCURVE_S1.);
#7776 = LINE('',#7777,#7778);
#7777 = CARTESIAN_POINT('',(-0.998000025749,7.002999782562,0.));
#7778 = VECTOR('',#7779,1.);
#7779 = DIRECTION('',(0.966178251201,-0.257875138207,0.));
#7780 = PCURVE('',#7746,#7781);
#7781 = DEFINITIONAL_REPRESENTATION('',(#7782),#7786);
#7782 = LINE('',#7783,#7784);
#7783 = CARTESIAN_POINT('',(5.698898983112,4.660933966783));
#7784 = VECTOR('',#7785,1.);
#7785 = DIRECTION('',(-0.966178251201,-0.257875138207));
#7786 = ( GEOMETRIC_REPRESENTATION_CONTEXT(2) 
PARAMETRIC_REPRESENTATION_CONTEXT() REPRESENTATION_CONTEXT('2D SPACE',''
  ) );
#7787 = SHELL_BASED_SURFACE_MODEL('',(#7788));
#7788 = OPEN_SHELL('',(#7789));
#7789 = ADVANCED_FACE('',(#7790),#7804,.T.);
#7790 = FACE_BOUND('',#7791,.T.);
#7791 = EDGE_LOOP('',(#7792,#7815,#7831));
#7792 = ORIENTED_EDGE('',*,*,#7793,.T.);
#7793 = EDGE_CURVE('',#7794,#7796,#7798,.T.);
#7794 = VERTEX_POINT('',#7795);
#7795 = CARTESIAN_POINT('',(7.716000080109,43.823001861572,0.));
#7796 = VERTEX_POINT('',#7797);
#7797 = CARTESIAN_POINT('',(7.928999900818,44.381000518799,3.));
#7798 = SURFACE_CURVE('',#7799,(#7803),.PCURVE_S1.);
#7799 = LINE('',#7800,#7801);
#7800 = CARTESIAN_POINT('',(7.716000080109,43.823001861572,0.));
#7801 = VECTOR('',#7802,1.);
#7802 = DIRECTION('',(6.963332864585E-02,0.182419420604,0.980751933227)
  );
#7803 = PCURVE('',#7804,#7809);
#7804 = PLANE('',#7805);
#7805 = AXIS2_PLACEMENT_3D('',#7806,#7807,#7808);
#7806 = CARTESIAN_POINT('',(7.870500689552,44.227749303721,
    1.365401875307));
#7807 = DIRECTION('',(-0.934248629561,0.356622346698,-0.));
#7808 = DIRECTION('',(-0.356622346698,-0.934248629561,0.));
#7809 = DEFINITIONAL_REPRESENTATION('',(#7810),#7814);
#7810 = LINE('',#7811,#7812);
#7811 = CARTESIAN_POINT('',(0.433233113052,-1.365401875307));
#7812 = VECTOR('',#7813,1.);
#7813 = DIRECTION('',(-0.195257894775,0.980751933227));
#7814 = ( GEOMETRIC_REPRESENTATION_CONTEXT(2) 
PARAMETRIC_REPRESENTATION_CONTEXT() REPRESENTATION_CONTEXT('2D SPACE',''
  ) );
#7815 = ORIENTED_EDGE('',*,*,#7816,.F.);
#7816 = EDGE_CURVE('',#7817,#7796,#7819,.T.);
#7817 = VERTEX_POINT('',#7818);
#7818 = CARTESIAN_POINT('',(7.928999900818,44.381000518799,0.));
#7819 = SURFACE_CURVE('',#7820,(#7824),.PCURVE_S1.);
#7820 = LINE('',#7821,#7822);
#7821 = CARTESIAN_POINT('',(7.928999900818,44.381000518799,0.));
#7822 = VECTOR('',#7823,1.);
#7823 = DIRECTION('',(0.,0.,1.));
#7824 = PCURVE('',#7804,#7825);
#7825 = DEFINITIONAL_REPRESENTATION('',(#7826),#7830);
#7826 = LINE('',#7827,#7828);
#7827 = CARTESIAN_POINT('',(-0.164036863666,-1.365401875307));
#7828 = VECTOR('',#7829,1.);
#7829 = DIRECTION('',(0.,1.));
#7830 = ( GEOMETRIC_REPRESENTATION_CONTEXT(2) 
PARAMETRIC_REPRESENTATION_CONTEXT() REPRESENTATION_CONTEXT('2D SPACE',''
  ) );
#7831 = ORIENTED_EDGE('',*,*,#7832,.F.);
#7832 = EDGE_CURVE('',#7794,#7817,#7833,.T.);
#7833 = SURFACE_CURVE('',#7834,(#7838),.PCURVE_S1.);
#7834 = LINE('',#7835,#7836);
#7835 = CARTESIAN_POINT('',(7.716000080109,43.823001861572,0.));
#7836 = VECTOR('',#7837,1.);
#7837 = DIRECTION('',(0.356622346698,0.934248629561,0.));
#7838 = PCURVE('',#7804,#7839);
#7839 = DEFINITIONAL_REPRESENTATION('',(#7840),#7844);
#7840 = LINE('',#7841,#7842);
#7841 = CARTESIAN_POINT('',(0.433233113052,-1.365401875307));
#7842 = VECTOR('',#7843,1.);
#7843 = DIRECTION('',(-1.,0.));
#7844 = ( GEOMETRIC_REPRESENTATION_CONTEXT(2) 
PARAMETRIC_REPRESENTATION_CONTEXT() REPRESENTATION_CONTEXT('2D SPACE',''
  ) );
#7845 = SHELL_BASED_SURFACE_MODEL('',(#7846));
#7846 = OPEN_SHELL('',(#7847));
#7847 = ADVANCED_FACE('',(#7848),#7862,.T.);
#7848 = FACE_BOUND('',#7849,.T.);
#7849 = EDGE_LOOP('',(#7850,#7873,#7889));
#7850 = ORIENTED_EDGE('',*,*,#7851,.F.);
#7851 = EDGE_CURVE('',#7852,#7854,#7856,.T.);
#7852 = VERTEX_POINT('',#7853);
#7853 = CARTESIAN_POINT('',(7.928999900818,44.381000518799,3.));
#7854 = VERTEX_POINT('',#7855);
#7855 = CARTESIAN_POINT('',(7.716000080109,43.823001861572,3.));
#7856 = SURFACE_CURVE('',#7857,(#7861),.PCURVE_S1.);
#7857 = LINE('',#7858,#7859);
#7858 = CARTESIAN_POINT('',(7.928999900818,44.381000518799,3.));
#7859 = VECTOR('',#7860,1.);
#7860 = DIRECTION('',(-0.356622346698,-0.934248629561,0.));
#7861 = PCURVE('',#7862,#7867);
#7862 = PLANE('',#7863);
#7863 = AXIS2_PLACEMENT_3D('',#7864,#7865,#7866);
#7864 = CARTESIAN_POINT('',(7.774499291374,43.97625307665,1.634598124693
    ));
#7865 = DIRECTION('',(-0.934248629561,0.356622346698,-0.));
#7866 = DIRECTION('',(-0.356622346698,-0.934248629561,0.));
#7867 = DEFINITIONAL_REPRESENTATION('',(#7868),#7872);
#7868 = LINE('',#7869,#7870);
#7869 = CARTESIAN_POINT('',(-0.433233113052,1.365401875307));
#7870 = VECTOR('',#7871,1.);
#7871 = DIRECTION('',(1.,0.));
#7872 = ( GEOMETRIC_REPRESENTATION_CONTEXT(2) 
PARAMETRIC_REPRESENTATION_CONTEXT() REPRESENTATION_CONTEXT('2D SPACE',''
  ) );
#7873 = ORIENTED_EDGE('',*,*,#7874,.F.);
#7874 = EDGE_CURVE('',#7875,#7852,#7877,.T.);
#7875 = VERTEX_POINT('',#7876);
#7876 = CARTESIAN_POINT('',(7.716000080109,43.823001861572,0.));
#7877 = SURFACE_CURVE('',#7878,(#7882),.PCURVE_S1.);
#7878 = LINE('',#7879,#7880);
#7879 = CARTESIAN_POINT('',(7.716000080109,43.823001861572,0.));
#7880 = VECTOR('',#7881,1.);
#7881 = DIRECTION('',(6.963332864585E-02,0.182419420604,0.980751933227)
  );
#7882 = PCURVE('',#7862,#7883);
#7883 = DEFINITIONAL_REPRESENTATION('',(#7884),#7888);
#7884 = LINE('',#7885,#7886);
#7885 = CARTESIAN_POINT('',(0.164036863666,-1.634598124693));
#7886 = VECTOR('',#7887,1.);
#7887 = DIRECTION('',(-0.195257894775,0.980751933227));
#7888 = ( GEOMETRIC_REPRESENTATION_CONTEXT(2) 
PARAMETRIC_REPRESENTATION_CONTEXT() REPRESENTATION_CONTEXT('2D SPACE',''
  ) );
#7889 = ORIENTED_EDGE('',*,*,#7890,.T.);
#7890 = EDGE_CURVE('',#7875,#7854,#7891,.T.);
#7891 = SURFACE_CURVE('',#7892,(#7896),.PCURVE_S1.);
#7892 = LINE('',#7893,#7894);
#7893 = CARTESIAN_POINT('',(7.716000080109,43.823001861572,0.));
#7894 = VECTOR('',#7895,1.);
#7895 = DIRECTION('',(0.,0.,1.));
#7896 = PCURVE('',#7862,#7897);
#7897 = DEFINITIONAL_REPRESENTATION('',(#7898),#7902);
#7898 = LINE('',#7899,#7900);
#7899 = CARTESIAN_POINT('',(0.164036863666,-1.634598124693));
#7900 = VECTOR('',#7901,1.);
#7901 = DIRECTION('',(0.,1.));
#7902 = ( GEOMETRIC_REPRESENTATION_CONTEXT(2) 
PARAMETRIC_REPRESENTATION_CONTEXT() REPRESENTATION_CONTEXT('2D SPACE',''
  ) );
#7903 = SHELL_BASED_SURFACE_MODEL('',(#7904));
#7904 = OPEN_SHELL('',(#7905));
#7905 = ADVANCED_FACE('',(#7906),#7920,.T.);
#7906 = FACE_BOUND('',#7907,.T.);
#7907 = EDGE_LOOP('',(#7908,#7931,#7947));
#7908 = ORIENTED_EDGE('',*,*,#7909,.F.);
#7909 = EDGE_CURVE('',#7910,#7912,#7914,.T.);
#7910 = VERTEX_POINT('',#7911);
#7911 = CARTESIAN_POINT('',(7.716000080109,43.823001861572,3.));
#7912 = VERTEX_POINT('',#7913);
#7913 = CARTESIAN_POINT('',(7.382999897003,43.380001068115,0.));
#7914 = SURFACE_CURVE('',#7915,(#7919),.PCURVE_S1.);
#7915 = LINE('',#7916,#7917);
#7916 = CARTESIAN_POINT('',(7.716000080109,43.823001861572,3.));
#7917 = VECTOR('',#7918,1.);
#7918 = DIRECTION('',(-0.109153175898,-0.145209960788,-0.983361404306));
#7919 = PCURVE('',#7920,#7925);
#7920 = PLANE('',#7921);
#7921 = AXIS2_PLACEMENT_3D('',#7922,#7923,#7924);
#7922 = CARTESIAN_POINT('',(7.625124998542,43.702107834235,
    1.374139824816));
#7923 = DIRECTION('',(-0.799350304764,0.60086528463,-0.));
#7924 = DIRECTION('',(-0.60086528463,-0.799350304764,0.));
#7925 = DEFINITIONAL_REPRESENTATION('',(#7926),#7930);
#7926 = LINE('',#7927,#7928);
#7927 = CARTESIAN_POINT('',(-0.151240359348,1.625860175184));
#7928 = VECTOR('',#7929,1.);
#7929 = DIRECTION('',(0.181659980514,-0.983361404306));
#7930 = ( GEOMETRIC_REPRESENTATION_CONTEXT(2) 
PARAMETRIC_REPRESENTATION_CONTEXT() REPRESENTATION_CONTEXT('2D SPACE',''
  ) );
#7931 = ORIENTED_EDGE('',*,*,#7932,.F.);
#7932 = EDGE_CURVE('',#7933,#7910,#7935,.T.);
#7933 = VERTEX_POINT('',#7934);
#7934 = CARTESIAN_POINT('',(7.716000080109,43.823001861572,0.));
#7935 = SURFACE_CURVE('',#7936,(#7940),.PCURVE_S1.);
#7936 = LINE('',#7937,#7938);
#7937 = CARTESIAN_POINT('',(7.716000080109,43.823001861572,0.));
#7938 = VECTOR('',#7939,1.);
#7939 = DIRECTION('',(0.,0.,1.));
#7940 = PCURVE('',#7920,#7941);
#7941 = DEFINITIONAL_REPRESENTATION('',(#7942),#7946);
#7942 = LINE('',#7943,#7944);
#7943 = CARTESIAN_POINT('',(-0.151240359348,-1.374139824816));
#7944 = VECTOR('',#7945,1.);
#7945 = DIRECTION('',(0.,1.));
#7946 = ( GEOMETRIC_REPRESENTATION_CONTEXT(2) 
PARAMETRIC_REPRESENTATION_CONTEXT() REPRESENTATION_CONTEXT('2D SPACE',''
  ) );
#7947 = ORIENTED_EDGE('',*,*,#7948,.T.);
#7948 = EDGE_CURVE('',#7933,#7912,#7949,.T.);
#7949 = SURFACE_CURVE('',#7950,(#7954),.PCURVE_S1.);
#7950 = LINE('',#7951,#7952);
#7951 = CARTESIAN_POINT('',(7.716000080109,43.823001861572,0.));
#7952 = VECTOR('',#7953,1.);
#7953 = DIRECTION('',(-0.60086528463,-0.799350304764,0.));
#7954 = PCURVE('',#7920,#7955);
#7955 = DEFINITIONAL_REPRESENTATION('',(#7956),#7960);
#7956 = LINE('',#7957,#7958);
#7957 = CARTESIAN_POINT('',(-0.151240359348,-1.374139824816));
#7958 = VECTOR('',#7959,1.);
#7959 = DIRECTION('',(1.,0.));
#7960 = ( GEOMETRIC_REPRESENTATION_CONTEXT(2) 
PARAMETRIC_REPRESENTATION_CONTEXT() REPRESENTATION_CONTEXT('2D SPACE',''
  ) );
#7961 = SHELL_BASED_SURFACE_MODEL('',(#7962));
#7962 = OPEN_SHELL('',(#7963));
#7963 = ADVANCED_FACE('',(#7964),#7978,.T.);
#7964 = FACE_BOUND('',#7965,.T.);
#7965 = EDGE_LOOP('',(#7966,#7989,#8005));
#7966 = ORIENTED_EDGE('',*,*,#7967,.F.);
#7967 = EDGE_CURVE('',#7968,#7970,#7972,.T.);
#7968 = VERTEX_POINT('',#7969);
#7969 = CARTESIAN_POINT('',(7.382999897003,43.380001068115,0.));
#7970 = VERTEX_POINT('',#7971);
#7971 = CARTESIAN_POINT('',(6.964000225067,43.096000671387,3.));
#7972 = SURFACE_CURVE('',#7973,(#7977),.PCURVE_S1.);
#7973 = LINE('',#7974,#7975);
#7974 = CARTESIAN_POINT('',(7.382999897003,43.380001068115,0.));
#7975 = VECTOR('',#7976,1.);
#7976 = DIRECTION('',(-0.137719970284,-9.334739098306E-02,0.986062611796
    ));
#7977 = PCURVE('',#7978,#7983);
#7978 = PLANE('',#7979);
#7979 = AXIS2_PLACEMENT_3D('',#7980,#7981,#7982);
#7980 = CARTESIAN_POINT('',(7.077525159154,43.172948527146,1.38405609516
    ));
#7981 = DIRECTION('',(-0.561067377324,0.82777013603,0.));
#7982 = DIRECTION('',(0.82777013603,0.561067377324,0.));
#7983 = DEFINITIONAL_REPRESENTATION('',(#7984),#7988);
#7984 = LINE('',#7985,#7986);
#7985 = CARTESIAN_POINT('',(0.369033291433,1.38405609516));
#7986 = VECTOR('',#7987,1.);
#7987 = DIRECTION('',(-0.166374654375,-0.986062611796));
#7988 = ( GEOMETRIC_REPRESENTATION_CONTEXT(2) 
PARAMETRIC_REPRESENTATION_CONTEXT() REPRESENTATION_CONTEXT('2D SPACE',''
  ) );
#7989 = ORIENTED_EDGE('',*,*,#7990,.T.);
#7990 = EDGE_CURVE('',#7968,#7991,#7993,.T.);
#7991 = VERTEX_POINT('',#7992);
#7992 = CARTESIAN_POINT('',(6.964000225067,43.096000671387,0.));
#7993 = SURFACE_CURVE('',#7994,(#7998),.PCURVE_S1.);
#7994 = LINE('',#7995,#7996);
#7995 = CARTESIAN_POINT('',(7.382999897003,43.380001068115,0.));
#7996 = VECTOR('',#7997,1.);
#7997 = DIRECTION('',(-0.82777013603,-0.561067377324,0.));
#7998 = PCURVE('',#7978,#7999);
#7999 = DEFINITIONAL_REPRESENTATION('',(#8000),#8004);
#8000 = LINE('',#8001,#8002);
#8001 = CARTESIAN_POINT('',(0.369033291433,1.38405609516));
#8002 = VECTOR('',#8003,1.);
#8003 = DIRECTION('',(-1.,-0.));
#8004 = ( GEOMETRIC_REPRESENTATION_CONTEXT(2) 
PARAMETRIC_REPRESENTATION_CONTEXT() REPRESENTATION_CONTEXT('2D SPACE',''
  ) );
#8005 = ORIENTED_EDGE('',*,*,#8006,.T.);
#8006 = EDGE_CURVE('',#7991,#7970,#8007,.T.);
#8007 = SURFACE_CURVE('',#8008,(#8012),.PCURVE_S1.);
#8008 = LINE('',#8009,#8010);
#8009 = CARTESIAN_POINT('',(6.964000225067,43.096000671387,0.));
#8010 = VECTOR('',#8011,1.);
#8011 = DIRECTION('',(0.,0.,1.));
#8012 = PCURVE('',#7978,#8013);
#8013 = DEFINITIONAL_REPRESENTATION('',(#8014),#8018);
#8014 = LINE('',#8015,#8016);
#8015 = CARTESIAN_POINT('',(-0.137145481754,1.38405609516));
#8016 = VECTOR('',#8017,1.);
#8017 = DIRECTION('',(0.,-1.));
#8018 = ( GEOMETRIC_REPRESENTATION_CONTEXT(2) 
PARAMETRIC_REPRESENTATION_CONTEXT() REPRESENTATION_CONTEXT('2D SPACE',''
  ) );
#8019 = SHELL_BASED_SURFACE_MODEL('',(#8020));
#8020 = OPEN_SHELL('',(#8021));
#8021 = ADVANCED_FACE('',(#8022),#8036,.T.);
#8022 = FACE_BOUND('',#8023,.T.);
#8023 = EDGE_LOOP('',(#8024,#8047,#8063));
#8024 = ORIENTED_EDGE('',*,*,#8025,.T.);
#8025 = EDGE_CURVE('',#8026,#8028,#8030,.T.);
#8026 = VERTEX_POINT('',#8027);
#8027 = CARTESIAN_POINT('',(6.964000225067,43.096000671387,3.));
#8028 = VERTEX_POINT('',#8029);
#8029 = CARTESIAN_POINT('',(6.5,42.998001098633,0.));
#8030 = SURFACE_CURVE('',#8031,(#8035),.PCURVE_S1.);
#8031 = LINE('',#8032,#8033);
#8032 = CARTESIAN_POINT('',(6.964000225067,43.096000671387,3.));
#8033 = VECTOR('',#8034,1.);
#8034 = DIRECTION('',(-0.15276974537,-3.226586748709E-02,-0.987734943542
    ));
#8035 = PCURVE('',#8036,#8041);
#8036 = PLANE('',#8037);
#8037 = AXIS2_PLACEMENT_3D('',#8038,#8039,#8040);
#8038 = CARTESIAN_POINT('',(6.625112056862,43.024425499865,
    1.609246072971));
#8039 = DIRECTION('',(-0.206647108963,0.97841554176,0.));
#8040 = DIRECTION('',(0.97841554176,0.206647108963,0.));
#8041 = DEFINITIONAL_REPRESENTATION('',(#8042),#8046);
#8042 = LINE('',#8043,#8044);
#8043 = CARTESIAN_POINT('',(0.346364252959,-1.390753927029));
#8044 = VECTOR('',#8045,1.);
#8045 = DIRECTION('',(-0.156139941415,0.987734943542));
#8046 = ( GEOMETRIC_REPRESENTATION_CONTEXT(2) 
PARAMETRIC_REPRESENTATION_CONTEXT() REPRESENTATION_CONTEXT('2D SPACE',''
  ) );
#8047 = ORIENTED_EDGE('',*,*,#8048,.F.);
#8048 = EDGE_CURVE('',#8049,#8028,#8051,.T.);
#8049 = VERTEX_POINT('',#8050);
#8050 = CARTESIAN_POINT('',(6.5,42.998001098633,3.));
#8051 = SURFACE_CURVE('',#8052,(#8056),.PCURVE_S1.);
#8052 = LINE('',#8053,#8054);
#8053 = CARTESIAN_POINT('',(6.5,42.998001098633,3.));
#8054 = VECTOR('',#8055,1.);
#8055 = DIRECTION('',(0.,0.,-1.));
#8056 = PCURVE('',#8036,#8057);
#8057 = DEFINITIONAL_REPRESENTATION('',(#8058),#8062);
#8058 = LINE('',#8059,#8060);
#8059 = CARTESIAN_POINT('',(-0.127872107016,-1.390753927029));
#8060 = VECTOR('',#8061,1.);
#8061 = DIRECTION('',(0.,1.));
#8062 = ( GEOMETRIC_REPRESENTATION_CONTEXT(2) 
PARAMETRIC_REPRESENTATION_CONTEXT() REPRESENTATION_CONTEXT('2D SPACE',''
  ) );
#8063 = ORIENTED_EDGE('',*,*,#8064,.F.);
#8064 = EDGE_CURVE('',#8026,#8049,#8065,.T.);
#8065 = SURFACE_CURVE('',#8066,(#8070),.PCURVE_S1.);
#8066 = LINE('',#8067,#8068);
#8067 = CARTESIAN_POINT('',(6.964000225067,43.096000671387,3.));
#8068 = VECTOR('',#8069,1.);
#8069 = DIRECTION('',(-0.97841554176,-0.206647108963,0.));
#8070 = PCURVE('',#8036,#8071);
#8071 = DEFINITIONAL_REPRESENTATION('',(#8072),#8076);
#8072 = LINE('',#8073,#8074);
#8073 = CARTESIAN_POINT('',(0.346364252959,-1.390753927029));
#8074 = VECTOR('',#8075,1.);
#8075 = DIRECTION('',(-1.,-0.));
#8076 = ( GEOMETRIC_REPRESENTATION_CONTEXT(2) 
PARAMETRIC_REPRESENTATION_CONTEXT() REPRESENTATION_CONTEXT('2D SPACE',''
  ) );
#8077 = SHELL_BASED_SURFACE_MODEL('',(#8078));
#8078 = OPEN_SHELL('',(#8079));
#8079 = ADVANCED_FACE('',(#8080),#8094,.T.);
#8080 = FACE_BOUND('',#8081,.T.);
#8081 = EDGE_LOOP('',(#8082,#8105,#8121));
#8082 = ORIENTED_EDGE('',*,*,#8083,.T.);
#8083 = EDGE_CURVE('',#8084,#8086,#8088,.T.);
#8084 = VERTEX_POINT('',#8085);
#8085 = CARTESIAN_POINT('',(6.964000225067,43.096000671387,0.));
#8086 = VERTEX_POINT('',#8087);
#8087 = CARTESIAN_POINT('',(6.5,42.998001098633,0.));
#8088 = SURFACE_CURVE('',#8089,(#8093),.PCURVE_S1.);
#8089 = LINE('',#8090,#8091);
#8090 = CARTESIAN_POINT('',(6.964000225067,43.096000671387,0.));
#8091 = VECTOR('',#8092,1.);
#8092 = DIRECTION('',(-0.97841554176,-0.206647108963,0.));
#8093 = PCURVE('',#8094,#8099);
#8094 = PLANE('',#8095);
#8095 = AXIS2_PLACEMENT_3D('',#8096,#8097,#8098);
#8096 = CARTESIAN_POINT('',(6.838888168205,43.069576270155,
    1.390753927029));
#8097 = DIRECTION('',(-0.206647108963,0.97841554176,0.));
#8098 = DIRECTION('',(0.97841554176,0.206647108963,0.));
#8099 = DEFINITIONAL_REPRESENTATION('',(#8100),#8104);
#8100 = LINE('',#8101,#8102);
#8101 = CARTESIAN_POINT('',(0.127872107016,1.390753927029));
#8102 = VECTOR('',#8103,1.);
#8103 = DIRECTION('',(-1.,-0.));
#8104 = ( GEOMETRIC_REPRESENTATION_CONTEXT(2) 
PARAMETRIC_REPRESENTATION_CONTEXT() REPRESENTATION_CONTEXT('2D SPACE',''
  ) );
#8105 = ORIENTED_EDGE('',*,*,#8106,.F.);
#8106 = EDGE_CURVE('',#8107,#8086,#8109,.T.);
#8107 = VERTEX_POINT('',#8108);
#8108 = CARTESIAN_POINT('',(6.964000225067,43.096000671387,3.));
#8109 = SURFACE_CURVE('',#8110,(#8114),.PCURVE_S1.);
#8110 = LINE('',#8111,#8112);
#8111 = CARTESIAN_POINT('',(6.964000225067,43.096000671387,3.));
#8112 = VECTOR('',#8113,1.);
#8113 = DIRECTION('',(-0.15276974537,-3.226586748709E-02,-0.987734943542
    ));
#8114 = PCURVE('',#8094,#8115);
#8115 = DEFINITIONAL_REPRESENTATION('',(#8116),#8120);
#8116 = LINE('',#8117,#8118);
#8117 = CARTESIAN_POINT('',(0.127872107016,-1.609246072971));
#8118 = VECTOR('',#8119,1.);
#8119 = DIRECTION('',(-0.156139941415,0.987734943542));
#8120 = ( GEOMETRIC_REPRESENTATION_CONTEXT(2) 
PARAMETRIC_REPRESENTATION_CONTEXT() REPRESENTATION_CONTEXT('2D SPACE',''
  ) );
#8121 = ORIENTED_EDGE('',*,*,#8122,.F.);
#8122 = EDGE_CURVE('',#8084,#8107,#8123,.T.);
#8123 = SURFACE_CURVE('',#8124,(#8128),.PCURVE_S1.);
#8124 = LINE('',#8125,#8126);
#8125 = CARTESIAN_POINT('',(6.964000225067,43.096000671387,0.));
#8126 = VECTOR('',#8127,1.);
#8127 = DIRECTION('',(0.,0.,1.));
#8128 = PCURVE('',#8094,#8129);
#8129 = DEFINITIONAL_REPRESENTATION('',(#8130),#8134);
#8130 = LINE('',#8131,#8132);
#8131 = CARTESIAN_POINT('',(0.127872107016,1.390753927029));
#8132 = VECTOR('',#8133,1.);
#8133 = DIRECTION('',(0.,-1.));
#8134 = ( GEOMETRIC_REPRESENTATION_CONTEXT(2) 
PARAMETRIC_REPRESENTATION_CONTEXT() REPRESENTATION_CONTEXT('2D SPACE',''
  ) );
#8135 = SHELL_BASED_SURFACE_MODEL('',(#8136));
#8136 = OPEN_SHELL('',(#8137));
#8137 = ADVANCED_FACE('',(#8138),#8152,.T.);
#8138 = FACE_BOUND('',#8139,.T.);
#8139 = EDGE_LOOP('',(#8140,#8163,#8179));
#8140 = ORIENTED_EDGE('',*,*,#8141,.T.);
#8141 = EDGE_CURVE('',#8142,#8144,#8146,.T.);
#8142 = VERTEX_POINT('',#8143);
#8143 = CARTESIAN_POINT('',(6.035999774933,46.903999328613,0.));
#8144 = VERTEX_POINT('',#8145);
#8145 = CARTESIAN_POINT('',(5.617000102997,46.619998931885,0.));
#8146 = SURFACE_CURVE('',#8147,(#8151),.PCURVE_S1.);
#8147 = LINE('',#8148,#8149);
#8148 = CARTESIAN_POINT('',(6.035999774933,46.903999328613,0.));
#8149 = VECTOR('',#8150,1.);
#8150 = DIRECTION('',(-0.82777013603,-0.561067377324,0.));
#8151 = PCURVE('',#8152,#8157);
#8152 = PLANE('',#8153);
#8153 = AXIS2_PLACEMENT_3D('',#8154,#8155,#8156);
#8154 = CARTESIAN_POINT('',(-5.963689225009,49.354610170366,0.));
#8155 = DIRECTION('',(-0.,-0.,-1.));
#8156 = DIRECTION('',(-1.,0.,0.));
#8157 = DEFINITIONAL_REPRESENTATION('',(#8158),#8162);
#8158 = LINE('',#8159,#8160);
#8159 = CARTESIAN_POINT('',(-11.99968899994,-2.450610841753));
#8160 = VECTOR('',#8161,1.);
#8161 = DIRECTION('',(0.82777013603,-0.561067377324));
#8162 = ( GEOMETRIC_REPRESENTATION_CONTEXT(2) 
PARAMETRIC_REPRESENTATION_CONTEXT() REPRESENTATION_CONTEXT('2D SPACE',''
  ) );
#8163 = ORIENTED_EDGE('',*,*,#8164,.T.);
#8164 = EDGE_CURVE('',#8144,#8165,#8167,.T.);
#8165 = VERTEX_POINT('',#8166);
#8166 = CARTESIAN_POINT('',(-18.,52.,0.));
#8167 = SURFACE_CURVE('',#8168,(#8172),.PCURVE_S1.);
#8168 = LINE('',#8169,#8170);
#8169 = CARTESIAN_POINT('',(5.617000102997,46.619998931885,0.));
#8170 = VECTOR('',#8171,1.);
#8171 = DIRECTION('',(-0.975021197464,0.222111828806,0.));
#8172 = PCURVE('',#8152,#8173);
#8173 = DEFINITIONAL_REPRESENTATION('',(#8174),#8178);
#8174 = LINE('',#8175,#8176);
#8175 = CARTESIAN_POINT('',(-11.580689328,-2.734611238481));
#8176 = VECTOR('',#8177,1.);
#8177 = DIRECTION('',(0.975021197464,0.222111828806));
#8178 = ( GEOMETRIC_REPRESENTATION_CONTEXT(2) 
PARAMETRIC_REPRESENTATION_CONTEXT() REPRESENTATION_CONTEXT('2D SPACE',''
  ) );
#8179 = ORIENTED_EDGE('',*,*,#8180,.T.);
#8180 = EDGE_CURVE('',#8165,#8142,#8181,.T.);
#8181 = SURFACE_CURVE('',#8182,(#8186),.PCURVE_S1.);
#8182 = LINE('',#8183,#8184);
#8183 = CARTESIAN_POINT('',(-18.,52.,0.));
#8184 = VECTOR('',#8185,1.);
#8185 = DIRECTION('',(0.97825514345,-0.207405097125,0.));
#8186 = PCURVE('',#8152,#8187);
#8187 = DEFINITIONAL_REPRESENTATION('',(#8188),#8192);
#8188 = LINE('',#8189,#8190);
#8189 = CARTESIAN_POINT('',(12.036310774991,2.645389829634));
#8190 = VECTOR('',#8191,1.);
#8191 = DIRECTION('',(-0.97825514345,-0.207405097125));
#8192 = ( GEOMETRIC_REPRESENTATION_CONTEXT(2) 
PARAMETRIC_REPRESENTATION_CONTEXT() REPRESENTATION_CONTEXT('2D SPACE',''
  ) );
#8193 = SHELL_BASED_SURFACE_MODEL('',(#8194));
#8194 = OPEN_SHELL('',(#8195));
#8195 = ADVANCED_FACE('',(#8196),#8210,.T.);
#8196 = FACE_BOUND('',#8197,.T.);
#8197 = EDGE_LOOP('',(#8198,#8221,#8237));
#8198 = ORIENTED_EDGE('',*,*,#8199,.T.);
#8199 = EDGE_CURVE('',#8200,#8202,#8204,.T.);
#8200 = VERTEX_POINT('',#8201);
#8201 = CARTESIAN_POINT('',(4.998000144958,45.,0.));
#8202 = VERTEX_POINT('',#8203);
#8203 = CARTESIAN_POINT('',(5.071000099182,45.618999481201,0.));
#8204 = SURFACE_CURVE('',#8205,(#8209),.PCURVE_S1.);
#8205 = LINE('',#8206,#8207);
#8206 = CARTESIAN_POINT('',(4.998000144958,45.,0.));
#8207 = VECTOR('',#8208,1.);
#8208 = DIRECTION('',(0.117120529835,0.993117707772,0.));
#8209 = PCURVE('',#8210,#8215);
#8210 = PLANE('',#8211);
#8211 = AXIS2_PLACEMENT_3D('',#8212,#8213,#8214);
#8212 = CARTESIAN_POINT('',(5.050874302702,45.448343790901,
    1.360193762317));
#8213 = DIRECTION('',(0.993117707772,-0.117120529835,0.));
#8214 = DIRECTION('',(0.117120529835,0.993117707772,0.));
#8215 = DEFINITIONAL_REPRESENTATION('',(#8216),#8220);
#8216 = LINE('',#8217,#8218);
#8217 = CARTESIAN_POINT('',(-0.451450807283,-1.360193762317));
#8218 = VECTOR('',#8219,1.);
#8219 = DIRECTION('',(1.,0.));
#8220 = ( GEOMETRIC_REPRESENTATION_CONTEXT(2) 
PARAMETRIC_REPRESENTATION_CONTEXT() REPRESENTATION_CONTEXT('2D SPACE',''
  ) );
#8221 = ORIENTED_EDGE('',*,*,#8222,.T.);
#8222 = EDGE_CURVE('',#8202,#8223,#8225,.T.);
#8223 = VERTEX_POINT('',#8224);
#8224 = CARTESIAN_POINT('',(5.071000099182,45.618999481201,3.));
#8225 = SURFACE_CURVE('',#8226,(#8230),.PCURVE_S1.);
#8226 = LINE('',#8227,#8228);
#8227 = CARTESIAN_POINT('',(5.071000099182,45.618999481201,0.));
#8228 = VECTOR('',#8229,1.);
#8229 = DIRECTION('',(0.,0.,1.));
#8230 = PCURVE('',#8210,#8231);
#8231 = DEFINITIONAL_REPRESENTATION('',(#8232),#8236);
#8232 = LINE('',#8233,#8234);
#8233 = CARTESIAN_POINT('',(0.171838331917,-1.360193762317));
#8234 = VECTOR('',#8235,1.);
#8235 = DIRECTION('',(0.,1.));
#8236 = ( GEOMETRIC_REPRESENTATION_CONTEXT(2) 
PARAMETRIC_REPRESENTATION_CONTEXT() REPRESENTATION_CONTEXT('2D SPACE',''
  ) );
#8237 = ORIENTED_EDGE('',*,*,#8238,.F.);
#8238 = EDGE_CURVE('',#8200,#8223,#8239,.T.);
#8239 = SURFACE_CURVE('',#8240,(#8244),.PCURVE_S1.);
#8240 = LINE('',#8241,#8242);
#8241 = CARTESIAN_POINT('',(4.998000144958,45.,0.));
#8242 = VECTOR('',#8243,1.);
#8243 = DIRECTION('',(2.382455122788E-02,0.202019097228,0.979091760314)
  );
#8244 = PCURVE('',#8210,#8245);
#8245 = DEFINITIONAL_REPRESENTATION('',(#8246),#8250);
#8246 = LINE('',#8247,#8248);
#8247 = CARTESIAN_POINT('',(-0.451450807283,-1.360193762317));
#8248 = VECTOR('',#8249,1.);
#8249 = DIRECTION('',(0.203419086828,0.979091760314));
#8250 = ( GEOMETRIC_REPRESENTATION_CONTEXT(2) 
PARAMETRIC_REPRESENTATION_CONTEXT() REPRESENTATION_CONTEXT('2D SPACE',''
  ) );
#8251 = SHELL_BASED_SURFACE_MODEL('',(#8252));
#8252 = OPEN_SHELL('',(#8253));
#8253 = ADVANCED_FACE('',(#8254),#8268,.T.);
#8254 = FACE_BOUND('',#8255,.T.);
#8255 = EDGE_LOOP('',(#8256,#8279,#8295));
#8256 = ORIENTED_EDGE('',*,*,#8257,.F.);
#8257 = EDGE_CURVE('',#8258,#8260,#8262,.T.);
#8258 = VERTEX_POINT('',#8259);
#8259 = CARTESIAN_POINT('',(5.071000099182,45.618999481201,3.));
#8260 = VERTEX_POINT('',#8261);
#8261 = CARTESIAN_POINT('',(5.283999919891,46.176998138428,3.));
#8262 = SURFACE_CURVE('',#8263,(#8267),.PCURVE_S1.);
#8263 = LINE('',#8264,#8265);
#8264 = CARTESIAN_POINT('',(5.071000099182,45.618999481201,3.));
#8265 = VECTOR('',#8266,1.);
#8266 = DIRECTION('',(0.356622346698,0.934248629561,0.));
#8267 = PCURVE('',#8268,#8273);
#8268 = PLANE('',#8269);
#8269 = AXIS2_PLACEMENT_3D('',#8270,#8271,#8272);
#8270 = CARTESIAN_POINT('',(5.129499310448,45.772250696279,
    1.634598124693));
#8271 = DIRECTION('',(0.934248629561,-0.356622346698,0.));
#8272 = DIRECTION('',(0.356622346698,0.934248629561,0.));
#8273 = DEFINITIONAL_REPRESENTATION('',(#8274),#8278);
#8274 = LINE('',#8275,#8276);
#8275 = CARTESIAN_POINT('',(-0.164036863666,1.365401875307));
#8276 = VECTOR('',#8277,1.);
#8277 = DIRECTION('',(1.,0.));
#8278 = ( GEOMETRIC_REPRESENTATION_CONTEXT(2) 
PARAMETRIC_REPRESENTATION_CONTEXT() REPRESENTATION_CONTEXT('2D SPACE',''
  ) );
#8279 = ORIENTED_EDGE('',*,*,#8280,.F.);
#8280 = EDGE_CURVE('',#8281,#8258,#8283,.T.);
#8281 = VERTEX_POINT('',#8282);
#8282 = CARTESIAN_POINT('',(5.071000099182,45.618999481201,0.));
#8283 = SURFACE_CURVE('',#8284,(#8288),.PCURVE_S1.);
#8284 = LINE('',#8285,#8286);
#8285 = CARTESIAN_POINT('',(5.071000099182,45.618999481201,0.));
#8286 = VECTOR('',#8287,1.);
#8287 = DIRECTION('',(0.,0.,1.));
#8288 = PCURVE('',#8268,#8289);
#8289 = DEFINITIONAL_REPRESENTATION('',(#8290),#8294);
#8290 = LINE('',#8291,#8292);
#8291 = CARTESIAN_POINT('',(-0.164036863666,-1.634598124693));
#8292 = VECTOR('',#8293,1.);
#8293 = DIRECTION('',(0.,1.));
#8294 = ( GEOMETRIC_REPRESENTATION_CONTEXT(2) 
PARAMETRIC_REPRESENTATION_CONTEXT() REPRESENTATION_CONTEXT('2D SPACE',''
  ) );
#8295 = ORIENTED_EDGE('',*,*,#8296,.T.);
#8296 = EDGE_CURVE('',#8281,#8260,#8297,.T.);
#8297 = SURFACE_CURVE('',#8298,(#8302),.PCURVE_S1.);
#8298 = LINE('',#8299,#8300);
#8299 = CARTESIAN_POINT('',(5.071000099182,45.618999481201,0.));
#8300 = VECTOR('',#8301,1.);
#8301 = DIRECTION('',(6.963332864585E-02,0.182419420604,0.980751933227)
  );
#8302 = PCURVE('',#8268,#8303);
#8303 = DEFINITIONAL_REPRESENTATION('',(#8304),#8308);
#8304 = LINE('',#8305,#8306);
#8305 = CARTESIAN_POINT('',(-0.164036863666,-1.634598124693));
#8306 = VECTOR('',#8307,1.);
#8307 = DIRECTION('',(0.195257894775,0.980751933227));
#8308 = ( GEOMETRIC_REPRESENTATION_CONTEXT(2) 
PARAMETRIC_REPRESENTATION_CONTEXT() REPRESENTATION_CONTEXT('2D SPACE',''
  ) );
#8309 = SHELL_BASED_SURFACE_MODEL('',(#8310));
#8310 = OPEN_SHELL('',(#8311));
#8311 = ADVANCED_FACE('',(#8312),#8326,.T.);
#8312 = FACE_BOUND('',#8313,.T.);
#8313 = EDGE_LOOP('',(#8314,#8337,#8353));
#8314 = ORIENTED_EDGE('',*,*,#8315,.T.);
#8315 = EDGE_CURVE('',#8316,#8318,#8320,.T.);
#8316 = VERTEX_POINT('',#8317);
#8317 = CARTESIAN_POINT('',(5.071000099182,45.618999481201,0.));
#8318 = VERTEX_POINT('',#8319);
#8319 = CARTESIAN_POINT('',(5.283999919891,46.176998138428,0.));
#8320 = SURFACE_CURVE('',#8321,(#8325),.PCURVE_S1.);
#8321 = LINE('',#8322,#8323);
#8322 = CARTESIAN_POINT('',(5.071000099182,45.618999481201,0.));
#8323 = VECTOR('',#8324,1.);
#8324 = DIRECTION('',(0.356622346698,0.934248629561,0.));
#8325 = PCURVE('',#8326,#8331);
#8326 = PLANE('',#8327);
#8327 = AXIS2_PLACEMENT_3D('',#8328,#8329,#8330);
#8328 = CARTESIAN_POINT('',(5.225500708626,46.02374692335,1.365401875307
    ));
#8329 = DIRECTION('',(0.934248629561,-0.356622346698,0.));
#8330 = DIRECTION('',(0.356622346698,0.934248629561,0.));
#8331 = DEFINITIONAL_REPRESENTATION('',(#8332),#8336);
#8332 = LINE('',#8333,#8334);
#8333 = CARTESIAN_POINT('',(-0.433233113052,-1.365401875307));
#8334 = VECTOR('',#8335,1.);
#8335 = DIRECTION('',(1.,0.));
#8336 = ( GEOMETRIC_REPRESENTATION_CONTEXT(2) 
PARAMETRIC_REPRESENTATION_CONTEXT() REPRESENTATION_CONTEXT('2D SPACE',''
  ) );
#8337 = ORIENTED_EDGE('',*,*,#8338,.T.);
#8338 = EDGE_CURVE('',#8318,#8339,#8341,.T.);
#8339 = VERTEX_POINT('',#8340);
#8340 = CARTESIAN_POINT('',(5.283999919891,46.176998138428,3.));
#8341 = SURFACE_CURVE('',#8342,(#8346),.PCURVE_S1.);
#8342 = LINE('',#8343,#8344);
#8343 = CARTESIAN_POINT('',(5.283999919891,46.176998138428,0.));
#8344 = VECTOR('',#8345,1.);
#8345 = DIRECTION('',(0.,0.,1.));
#8346 = PCURVE('',#8326,#8347);
#8347 = DEFINITIONAL_REPRESENTATION('',(#8348),#8352);
#8348 = LINE('',#8349,#8350);
#8349 = CARTESIAN_POINT('',(0.164036863666,-1.365401875307));
#8350 = VECTOR('',#8351,1.);
#8351 = DIRECTION('',(0.,1.));
#8352 = ( GEOMETRIC_REPRESENTATION_CONTEXT(2) 
PARAMETRIC_REPRESENTATION_CONTEXT() REPRESENTATION_CONTEXT('2D SPACE',''
  ) );
#8353 = ORIENTED_EDGE('',*,*,#8354,.F.);
#8354 = EDGE_CURVE('',#8316,#8339,#8355,.T.);
#8355 = SURFACE_CURVE('',#8356,(#8360),.PCURVE_S1.);
#8356 = LINE('',#8357,#8358);
#8357 = CARTESIAN_POINT('',(5.071000099182,45.618999481201,0.));
#8358 = VECTOR('',#8359,1.);
#8359 = DIRECTION('',(6.963332864585E-02,0.182419420604,0.980751933227)
  );
#8360 = PCURVE('',#8326,#8361);
#8361 = DEFINITIONAL_REPRESENTATION('',(#8362),#8366);
#8362 = LINE('',#8363,#8364);
#8363 = CARTESIAN_POINT('',(-0.433233113052,-1.365401875307));
#8364 = VECTOR('',#8365,1.);
#8365 = DIRECTION('',(0.195257894775,0.980751933227));
#8366 = ( GEOMETRIC_REPRESENTATION_CONTEXT(2) 
PARAMETRIC_REPRESENTATION_CONTEXT() REPRESENTATION_CONTEXT('2D SPACE',''
  ) );
#8367 = SHELL_BASED_SURFACE_MODEL('',(#8368));
#8368 = OPEN_SHELL('',(#8369));
#8369 = ADVANCED_FACE('',(#8370),#8384,.T.);
#8370 = FACE_BOUND('',#8371,.T.);
#8371 = EDGE_LOOP('',(#8372,#8395,#8411));
#8372 = ORIENTED_EDGE('',*,*,#8373,.T.);
#8373 = EDGE_CURVE('',#8374,#8376,#8378,.T.);
#8374 = VERTEX_POINT('',#8375);
#8375 = CARTESIAN_POINT('',(5.283999919891,46.176998138428,3.));
#8376 = VERTEX_POINT('',#8377);
#8377 = CARTESIAN_POINT('',(5.617000102997,46.619998931885,0.));
#8378 = SURFACE_CURVE('',#8379,(#8383),.PCURVE_S1.);
#8379 = LINE('',#8380,#8381);
#8380 = CARTESIAN_POINT('',(5.283999919891,46.176998138428,3.));
#8381 = VECTOR('',#8382,1.);
#8382 = DIRECTION('',(0.109153175898,0.145209960788,-0.983361404306));
#8383 = PCURVE('',#8384,#8389);
#8384 = PLANE('',#8385);
#8385 = AXIS2_PLACEMENT_3D('',#8386,#8387,#8388);
#8386 = CARTESIAN_POINT('',(5.52612502143,46.499104904548,1.625860175184
    ));
#8387 = DIRECTION('',(0.799350304764,-0.60086528463,0.));
#8388 = DIRECTION('',(0.60086528463,0.799350304764,0.));
#8389 = DEFINITIONAL_REPRESENTATION('',(#8390),#8394);
#8390 = LINE('',#8391,#8392);
#8391 = CARTESIAN_POINT('',(-0.402960709716,1.374139824816));
#8392 = VECTOR('',#8393,1.);
#8393 = DIRECTION('',(0.181659980514,-0.983361404306));
#8394 = ( GEOMETRIC_REPRESENTATION_CONTEXT(2) 
PARAMETRIC_REPRESENTATION_CONTEXT() REPRESENTATION_CONTEXT('2D SPACE',''
  ) );
#8395 = ORIENTED_EDGE('',*,*,#8396,.T.);
#8396 = EDGE_CURVE('',#8376,#8397,#8399,.T.);
#8397 = VERTEX_POINT('',#8398);
#8398 = CARTESIAN_POINT('',(5.617000102997,46.619998931885,3.));
#8399 = SURFACE_CURVE('',#8400,(#8404),.PCURVE_S1.);
#8400 = LINE('',#8401,#8402);
#8401 = CARTESIAN_POINT('',(5.617000102997,46.619998931885,0.));
#8402 = VECTOR('',#8403,1.);
#8403 = DIRECTION('',(0.,0.,1.));
#8404 = PCURVE('',#8384,#8405);
#8405 = DEFINITIONAL_REPRESENTATION('',(#8406),#8410);
#8406 = LINE('',#8407,#8408);
#8407 = CARTESIAN_POINT('',(0.151240359348,-1.625860175184));
#8408 = VECTOR('',#8409,1.);
#8409 = DIRECTION('',(0.,1.));
#8410 = ( GEOMETRIC_REPRESENTATION_CONTEXT(2) 
PARAMETRIC_REPRESENTATION_CONTEXT() REPRESENTATION_CONTEXT('2D SPACE',''
  ) );
#8411 = ORIENTED_EDGE('',*,*,#8412,.F.);
#8412 = EDGE_CURVE('',#8374,#8397,#8413,.T.);
#8413 = SURFACE_CURVE('',#8414,(#8418),.PCURVE_S1.);
#8414 = LINE('',#8415,#8416);
#8415 = CARTESIAN_POINT('',(5.283999919891,46.176998138428,3.));
#8416 = VECTOR('',#8417,1.);
#8417 = DIRECTION('',(0.60086528463,0.799350304764,0.));
#8418 = PCURVE('',#8384,#8419);
#8419 = DEFINITIONAL_REPRESENTATION('',(#8420),#8424);
#8420 = LINE('',#8421,#8422);
#8421 = CARTESIAN_POINT('',(-0.402960709716,1.374139824816));
#8422 = VECTOR('',#8423,1.);
#8423 = DIRECTION('',(1.,0.));
#8424 = ( GEOMETRIC_REPRESENTATION_CONTEXT(2) 
PARAMETRIC_REPRESENTATION_CONTEXT() REPRESENTATION_CONTEXT('2D SPACE',''
  ) );
#8425 = SHELL_BASED_SURFACE_MODEL('',(#8426));
#8426 = OPEN_SHELL('',(#8427));
#8427 = ADVANCED_FACE('',(#8428),#8442,.T.);
#8428 = FACE_BOUND('',#8429,.T.);
#8429 = EDGE_LOOP('',(#8430,#8453,#8469));
#8430 = ORIENTED_EDGE('',*,*,#8431,.T.);
#8431 = EDGE_CURVE('',#8432,#8434,#8436,.T.);
#8432 = VERTEX_POINT('',#8433);
#8433 = CARTESIAN_POINT('',(5.283999919891,46.176998138428,0.));
#8434 = VERTEX_POINT('',#8435);
#8435 = CARTESIAN_POINT('',(5.617000102997,46.619998931885,0.));
#8436 = SURFACE_CURVE('',#8437,(#8441),.PCURVE_S1.);
#8437 = LINE('',#8438,#8439);
#8438 = CARTESIAN_POINT('',(5.283999919891,46.176998138428,0.));
#8439 = VECTOR('',#8440,1.);
#8440 = DIRECTION('',(0.60086528463,0.799350304764,0.));
#8441 = PCURVE('',#8442,#8447);
#8442 = PLANE('',#8443);
#8443 = AXIS2_PLACEMENT_3D('',#8444,#8445,#8446);
#8444 = CARTESIAN_POINT('',(5.374875001458,46.297892165765,
    1.374139824816));
#8445 = DIRECTION('',(0.799350304764,-0.60086528463,0.));
#8446 = DIRECTION('',(0.60086528463,0.799350304764,0.));
#8447 = DEFINITIONAL_REPRESENTATION('',(#8448),#8452);
#8448 = LINE('',#8449,#8450);
#8449 = CARTESIAN_POINT('',(-0.151240359348,-1.374139824816));
#8450 = VECTOR('',#8451,1.);
#8451 = DIRECTION('',(1.,0.));
#8452 = ( GEOMETRIC_REPRESENTATION_CONTEXT(2) 
PARAMETRIC_REPRESENTATION_CONTEXT() REPRESENTATION_CONTEXT('2D SPACE',''
  ) );
#8453 = ORIENTED_EDGE('',*,*,#8454,.F.);
#8454 = EDGE_CURVE('',#8455,#8434,#8457,.T.);
#8455 = VERTEX_POINT('',#8456);
#8456 = CARTESIAN_POINT('',(5.283999919891,46.176998138428,3.));
#8457 = SURFACE_CURVE('',#8458,(#8462),.PCURVE_S1.);
#8458 = LINE('',#8459,#8460);
#8459 = CARTESIAN_POINT('',(5.283999919891,46.176998138428,3.));
#8460 = VECTOR('',#8461,1.);
#8461 = DIRECTION('',(0.109153175898,0.145209960788,-0.983361404306));
#8462 = PCURVE('',#8442,#8463);
#8463 = DEFINITIONAL_REPRESENTATION('',(#8464),#8468);
#8464 = LINE('',#8465,#8466);
#8465 = CARTESIAN_POINT('',(-0.151240359348,1.625860175184));
#8466 = VECTOR('',#8467,1.);
#8467 = DIRECTION('',(0.181659980514,-0.983361404306));
#8468 = ( GEOMETRIC_REPRESENTATION_CONTEXT(2) 
PARAMETRIC_REPRESENTATION_CONTEXT() REPRESENTATION_CONTEXT('2D SPACE',''
  ) );
#8469 = ORIENTED_EDGE('',*,*,#8470,.F.);
#8470 = EDGE_CURVE('',#8432,#8455,#8471,.T.);
#8471 = SURFACE_CURVE('',#8472,(#8476),.PCURVE_S1.);
#8472 = LINE('',#8473,#8474);
#8473 = CARTESIAN_POINT('',(5.283999919891,46.176998138428,0.));
#8474 = VECTOR('',#8475,1.);
#8475 = DIRECTION('',(0.,0.,1.));
#8476 = PCURVE('',#8442,#8477);
#8477 = DEFINITIONAL_REPRESENTATION('',(#8478),#8482);
#8478 = LINE('',#8479,#8480);
#8479 = CARTESIAN_POINT('',(-0.151240359348,-1.374139824816));
#8480 = VECTOR('',#8481,1.);
#8481 = DIRECTION('',(0.,1.));
#8482 = ( GEOMETRIC_REPRESENTATION_CONTEXT(2) 
PARAMETRIC_REPRESENTATION_CONTEXT() REPRESENTATION_CONTEXT('2D SPACE',''
  ) );
#8483 = SHELL_BASED_SURFACE_MODEL('',(#8484));
#8484 = OPEN_SHELL('',(#8485));
#8485 = ADVANCED_FACE('',(#8486),#8500,.T.);
#8486 = FACE_BOUND('',#8487,.T.);
#8487 = EDGE_LOOP('',(#8488,#8511,#8527));
#8488 = ORIENTED_EDGE('',*,*,#8489,.F.);
#8489 = EDGE_CURVE('',#8490,#8492,#8494,.T.);
#8490 = VERTEX_POINT('',#8491);
#8491 = CARTESIAN_POINT('',(7.382999897003,46.619998931885,0.));
#8492 = VERTEX_POINT('',#8493);
#8493 = CARTESIAN_POINT('',(7.716000080109,46.176998138428,0.));
#8494 = SURFACE_CURVE('',#8495,(#8499),.PCURVE_S1.);
#8495 = LINE('',#8496,#8497);
#8496 = CARTESIAN_POINT('',(7.382999897003,46.619998931885,0.));
#8497 = VECTOR('',#8498,1.);
#8498 = DIRECTION('',(0.60086528463,-0.799350304764,0.));
#8499 = PCURVE('',#8500,#8505);
#8500 = PLANE('',#8501);
#8501 = AXIS2_PLACEMENT_3D('',#8502,#8503,#8504);
#8502 = CARTESIAN_POINT('',(9.692612617206,49.093846228543,0.));
#8503 = DIRECTION('',(-0.,-0.,-1.));
#8504 = DIRECTION('',(-1.,0.,0.));
#8505 = DEFINITIONAL_REPRESENTATION('',(#8506),#8510);
#8506 = LINE('',#8507,#8508);
#8507 = CARTESIAN_POINT('',(2.309612720202,-2.473847296658));
#8508 = VECTOR('',#8509,1.);
#8509 = DIRECTION('',(-0.60086528463,-0.799350304764));
#8510 = ( GEOMETRIC_REPRESENTATION_CONTEXT(2) 
PARAMETRIC_REPRESENTATION_CONTEXT() REPRESENTATION_CONTEXT('2D SPACE',''
  ) );
#8511 = ORIENTED_EDGE('',*,*,#8512,.T.);
#8512 = EDGE_CURVE('',#8490,#8513,#8515,.T.);
#8513 = VERTEX_POINT('',#8514);
#8514 = CARTESIAN_POINT('',(12.,52.,0.));
#8515 = SURFACE_CURVE('',#8516,(#8520),.PCURVE_S1.);
#8516 = LINE('',#8517,#8518);
#8517 = CARTESIAN_POINT('',(7.382999897003,46.619998931885,0.));
#8518 = VECTOR('',#8519,1.);
#8519 = DIRECTION('',(0.651244222363,0.758868211773,0.));
#8520 = PCURVE('',#8500,#8521);
#8521 = DEFINITIONAL_REPRESENTATION('',(#8522),#8526);
#8522 = LINE('',#8523,#8524);
#8523 = CARTESIAN_POINT('',(2.309612720202,-2.473847296658));
#8524 = VECTOR('',#8525,1.);
#8525 = DIRECTION('',(-0.651244222363,0.758868211773));
#8526 = ( GEOMETRIC_REPRESENTATION_CONTEXT(2) 
PARAMETRIC_REPRESENTATION_CONTEXT() REPRESENTATION_CONTEXT('2D SPACE',''
  ) );
#8527 = ORIENTED_EDGE('',*,*,#8528,.T.);
#8528 = EDGE_CURVE('',#8513,#8492,#8529,.T.);
#8529 = SURFACE_CURVE('',#8530,(#8534),.PCURVE_S1.);
#8530 = LINE('',#8531,#8532);
#8531 = CARTESIAN_POINT('',(12.,52.,0.));
#8532 = VECTOR('',#8533,1.);
#8533 = DIRECTION('',(-0.59260420175,-0.805493798901,0.));
#8534 = PCURVE('',#8500,#8535);
#8535 = DEFINITIONAL_REPRESENTATION('',(#8536),#8540);
#8536 = LINE('',#8537,#8538);
#8537 = CARTESIAN_POINT('',(-2.307387382794,2.906153771457));
#8538 = VECTOR('',#8539,1.);
#8539 = DIRECTION('',(0.59260420175,-0.805493798901));
#8540 = ( GEOMETRIC_REPRESENTATION_CONTEXT(2) 
PARAMETRIC_REPRESENTATION_CONTEXT() REPRESENTATION_CONTEXT('2D SPACE',''
  ) );
#8541 = SHELL_BASED_SURFACE_MODEL('',(#8542));
#8542 = OPEN_SHELL('',(#8543));
#8543 = ADVANCED_FACE('',(#8544),#8558,.T.);
#8544 = FACE_BOUND('',#8545,.T.);
#8545 = EDGE_LOOP('',(#8546,#8569,#8585));
#8546 = ORIENTED_EDGE('',*,*,#8547,.T.);
#8547 = EDGE_CURVE('',#8548,#8550,#8552,.T.);
#8548 = VERTEX_POINT('',#8549);
#8549 = CARTESIAN_POINT('',(12.,52.,0.));
#8550 = VERTEX_POINT('',#8551);
#8551 = CARTESIAN_POINT('',(7.928999900818,45.618999481201,0.));
#8552 = SURFACE_CURVE('',#8553,(#8557),.PCURVE_S1.);
#8553 = LINE('',#8554,#8555);
#8554 = CARTESIAN_POINT('',(12.,52.,0.));
#8555 = VECTOR('',#8556,1.);
#8556 = DIRECTION('',(-0.537849671906,-0.843040764395,0.));
#8557 = PCURVE('',#8558,#8563);
#8558 = PLANE('',#8559);
#8559 = AXIS2_PLACEMENT_3D('',#8560,#8561,#8562);
#8560 = CARTESIAN_POINT('',(9.831391969964,48.827554751293,0.));
#8561 = DIRECTION('',(-0.,-0.,-1.));
#8562 = DIRECTION('',(-1.,0.,0.));
#8563 = DEFINITIONAL_REPRESENTATION('',(#8564),#8568);
#8564 = LINE('',#8565,#8566);
#8565 = CARTESIAN_POINT('',(-2.168608030036,3.172445248707));
#8566 = VECTOR('',#8567,1.);
#8567 = DIRECTION('',(0.537849671906,-0.843040764395));
#8568 = ( GEOMETRIC_REPRESENTATION_CONTEXT(2) 
PARAMETRIC_REPRESENTATION_CONTEXT() REPRESENTATION_CONTEXT('2D SPACE',''
  ) );
#8569 = ORIENTED_EDGE('',*,*,#8570,.F.);
#8570 = EDGE_CURVE('',#8571,#8550,#8573,.T.);
#8571 = VERTEX_POINT('',#8572);
#8572 = CARTESIAN_POINT('',(7.716000080109,46.176998138428,0.));
#8573 = SURFACE_CURVE('',#8574,(#8578),.PCURVE_S1.);
#8574 = LINE('',#8575,#8576);
#8575 = CARTESIAN_POINT('',(7.716000080109,46.176998138428,0.));
#8576 = VECTOR('',#8577,1.);
#8577 = DIRECTION('',(0.356622346698,-0.934248629561,0.));
#8578 = PCURVE('',#8558,#8579);
#8579 = DEFINITIONAL_REPRESENTATION('',(#8580),#8584);
#8580 = LINE('',#8581,#8582);
#8581 = CARTESIAN_POINT('',(2.115391889855,-2.650556612865));
#8582 = VECTOR('',#8583,1.);
#8583 = DIRECTION('',(-0.356622346698,-0.934248629561));
#8584 = ( GEOMETRIC_REPRESENTATION_CONTEXT(2) 
PARAMETRIC_REPRESENTATION_CONTEXT() REPRESENTATION_CONTEXT('2D SPACE',''
  ) );
#8585 = ORIENTED_EDGE('',*,*,#8586,.F.);
#8586 = EDGE_CURVE('',#8548,#8571,#8587,.T.);
#8587 = SURFACE_CURVE('',#8588,(#8592),.PCURVE_S1.);
#8588 = LINE('',#8589,#8590);
#8589 = CARTESIAN_POINT('',(12.,52.,0.));
#8590 = VECTOR('',#8591,1.);
#8591 = DIRECTION('',(-0.59260420175,-0.805493798901,0.));
#8592 = PCURVE('',#8558,#8593);
#8593 = DEFINITIONAL_REPRESENTATION('',(#8594),#8598);
#8594 = LINE('',#8595,#8596);
#8595 = CARTESIAN_POINT('',(-2.168608030036,3.172445248707));
#8596 = VECTOR('',#8597,1.);
#8597 = DIRECTION('',(0.59260420175,-0.805493798901));
#8598 = ( GEOMETRIC_REPRESENTATION_CONTEXT(2) 
PARAMETRIC_REPRESENTATION_CONTEXT() REPRESENTATION_CONTEXT('2D SPACE',''
  ) );
#8599 = SHELL_BASED_SURFACE_MODEL('',(#8600));
#8600 = OPEN_SHELL('',(#8601));
#8601 = ADVANCED_FACE('',(#8602),#8616,.T.);
#8602 = FACE_BOUND('',#8603,.T.);
#8603 = EDGE_LOOP('',(#8604,#8627,#8643));
#8604 = ORIENTED_EDGE('',*,*,#8605,.F.);
#8605 = EDGE_CURVE('',#8606,#8608,#8610,.T.);
#8606 = VERTEX_POINT('',#8607);
#8607 = CARTESIAN_POINT('',(5.617000102997,46.619998931885,3.));
#8608 = VERTEX_POINT('',#8609);
#8609 = CARTESIAN_POINT('',(6.035999774933,46.903999328613,3.));
#8610 = SURFACE_CURVE('',#8611,(#8615),.PCURVE_S1.);
#8611 = LINE('',#8612,#8613);
#8612 = CARTESIAN_POINT('',(5.617000102997,46.619998931885,3.));
#8613 = VECTOR('',#8614,1.);
#8614 = DIRECTION('',(0.82777013603,0.561067377324,0.));
#8615 = PCURVE('',#8616,#8621);
#8616 = PLANE('',#8617);
#8617 = AXIS2_PLACEMENT_3D('',#8618,#8619,#8620);
#8618 = CARTESIAN_POINT('',(5.730525037084,46.696946787644,1.61594390484
    ));
#8619 = DIRECTION('',(0.561067377324,-0.82777013603,-0.));
#8620 = DIRECTION('',(-0.82777013603,-0.561067377324,0.));
#8621 = DEFINITIONAL_REPRESENTATION('',(#8622),#8626);
#8622 = LINE('',#8623,#8624);
#8623 = CARTESIAN_POINT('',(0.137145481754,-1.38405609516));
#8624 = VECTOR('',#8625,1.);
#8625 = DIRECTION('',(-1.,0.));
#8626 = ( GEOMETRIC_REPRESENTATION_CONTEXT(2) 
PARAMETRIC_REPRESENTATION_CONTEXT() REPRESENTATION_CONTEXT('2D SPACE',''
  ) );
#8627 = ORIENTED_EDGE('',*,*,#8628,.F.);
#8628 = EDGE_CURVE('',#8629,#8606,#8631,.T.);
#8629 = VERTEX_POINT('',#8630);
#8630 = CARTESIAN_POINT('',(5.617000102997,46.619998931885,0.));
#8631 = SURFACE_CURVE('',#8632,(#8636),.PCURVE_S1.);
#8632 = LINE('',#8633,#8634);
#8633 = CARTESIAN_POINT('',(5.617000102997,46.619998931885,0.));
#8634 = VECTOR('',#8635,1.);
#8635 = DIRECTION('',(0.,0.,1.));
#8636 = PCURVE('',#8616,#8637);
#8637 = DEFINITIONAL_REPRESENTATION('',(#8638),#8642);
#8638 = LINE('',#8639,#8640);
#8639 = CARTESIAN_POINT('',(0.137145481754,1.61594390484));
#8640 = VECTOR('',#8641,1.);
#8641 = DIRECTION('',(0.,-1.));
#8642 = ( GEOMETRIC_REPRESENTATION_CONTEXT(2) 
PARAMETRIC_REPRESENTATION_CONTEXT() REPRESENTATION_CONTEXT('2D SPACE',''
  ) );
#8643 = ORIENTED_EDGE('',*,*,#8644,.T.);
#8644 = EDGE_CURVE('',#8629,#8608,#8645,.T.);
#8645 = SURFACE_CURVE('',#8646,(#8650),.PCURVE_S1.);
#8646 = LINE('',#8647,#8648);
#8647 = CARTESIAN_POINT('',(5.617000102997,46.619998931885,0.));
#8648 = VECTOR('',#8649,1.);
#8649 = DIRECTION('',(0.137719970284,9.334739098306E-02,0.986062611796)
  );
#8650 = PCURVE('',#8616,#8651);
#8651 = DEFINITIONAL_REPRESENTATION('',(#8652),#8656);
#8652 = LINE('',#8653,#8654);
#8653 = CARTESIAN_POINT('',(0.137145481754,1.61594390484));
#8654 = VECTOR('',#8655,1.);
#8655 = DIRECTION('',(-0.166374654375,-0.986062611796));
#8656 = ( GEOMETRIC_REPRESENTATION_CONTEXT(2) 
PARAMETRIC_REPRESENTATION_CONTEXT() REPRESENTATION_CONTEXT('2D SPACE',''
  ) );
#8657 = SHELL_BASED_SURFACE_MODEL('',(#8658));
#8658 = OPEN_SHELL('',(#8659));
#8659 = ADVANCED_FACE('',(#8660),#8674,.T.);
#8660 = FACE_BOUND('',#8661,.T.);
#8661 = EDGE_LOOP('',(#8662,#8685,#8701));
#8662 = ORIENTED_EDGE('',*,*,#8663,.F.);
#8663 = EDGE_CURVE('',#8664,#8666,#8668,.T.);
#8664 = VERTEX_POINT('',#8665);
#8665 = CARTESIAN_POINT('',(6.035999774933,46.903999328613,0.));
#8666 = VERTEX_POINT('',#8667);
#8667 = CARTESIAN_POINT('',(5.617000102997,46.619998931885,0.));
#8668 = SURFACE_CURVE('',#8669,(#8673),.PCURVE_S1.);
#8669 = LINE('',#8670,#8671);
#8670 = CARTESIAN_POINT('',(6.035999774933,46.903999328613,0.));
#8671 = VECTOR('',#8672,1.);
#8672 = DIRECTION('',(-0.82777013603,-0.561067377324,0.));
#8673 = PCURVE('',#8674,#8679);
#8674 = PLANE('',#8675);
#8675 = AXIS2_PLACEMENT_3D('',#8676,#8677,#8678);
#8676 = CARTESIAN_POINT('',(5.922474840846,46.827051472854,1.38405609516
    ));
#8677 = DIRECTION('',(0.561067377324,-0.82777013603,-0.));
#8678 = DIRECTION('',(-0.82777013603,-0.561067377324,0.));
#8679 = DEFINITIONAL_REPRESENTATION('',(#8680),#8684);
#8680 = LINE('',#8681,#8682);
#8681 = CARTESIAN_POINT('',(-0.137145481754,1.38405609516));
#8682 = VECTOR('',#8683,1.);
#8683 = DIRECTION('',(1.,0.));
#8684 = ( GEOMETRIC_REPRESENTATION_CONTEXT(2) 
PARAMETRIC_REPRESENTATION_CONTEXT() REPRESENTATION_CONTEXT('2D SPACE',''
  ) );
#8685 = ORIENTED_EDGE('',*,*,#8686,.T.);
#8686 = EDGE_CURVE('',#8664,#8687,#8689,.T.);
#8687 = VERTEX_POINT('',#8688);
#8688 = CARTESIAN_POINT('',(6.035999774933,46.903999328613,3.));
#8689 = SURFACE_CURVE('',#8690,(#8694),.PCURVE_S1.);
#8690 = LINE('',#8691,#8692);
#8691 = CARTESIAN_POINT('',(6.035999774933,46.903999328613,0.));
#8692 = VECTOR('',#8693,1.);
#8693 = DIRECTION('',(0.,0.,1.));
#8694 = PCURVE('',#8674,#8695);
#8695 = DEFINITIONAL_REPRESENTATION('',(#8696),#8700);
#8696 = LINE('',#8697,#8698);
#8697 = CARTESIAN_POINT('',(-0.137145481754,1.38405609516));
#8698 = VECTOR('',#8699,1.);
#8699 = DIRECTION('',(0.,-1.));
#8700 = ( GEOMETRIC_REPRESENTATION_CONTEXT(2) 
PARAMETRIC_REPRESENTATION_CONTEXT() REPRESENTATION_CONTEXT('2D SPACE',''
  ) );
#8701 = ORIENTED_EDGE('',*,*,#8702,.F.);
#8702 = EDGE_CURVE('',#8666,#8687,#8703,.T.);
#8703 = SURFACE_CURVE('',#8704,(#8708),.PCURVE_S1.);
#8704 = LINE('',#8705,#8706);
#8705 = CARTESIAN_POINT('',(5.617000102997,46.619998931885,0.));
#8706 = VECTOR('',#8707,1.);
#8707 = DIRECTION('',(0.137719970284,9.334739098306E-02,0.986062611796)
  );
#8708 = PCURVE('',#8674,#8709);
#8709 = DEFINITIONAL_REPRESENTATION('',(#8710),#8714);
#8710 = LINE('',#8711,#8712);
#8711 = CARTESIAN_POINT('',(0.369033291433,1.38405609516));
#8712 = VECTOR('',#8713,1.);
#8713 = DIRECTION('',(-0.166374654375,-0.986062611796));
#8714 = ( GEOMETRIC_REPRESENTATION_CONTEXT(2) 
PARAMETRIC_REPRESENTATION_CONTEXT() REPRESENTATION_CONTEXT('2D SPACE',''
  ) );
#8715 = SHELL_BASED_SURFACE_MODEL('',(#8716));
#8716 = OPEN_SHELL('',(#8717));
#8717 = ADVANCED_FACE('',(#8718),#8732,.T.);
#8718 = FACE_BOUND('',#8719,.T.);
#8719 = EDGE_LOOP('',(#8720,#8743,#8759));
#8720 = ORIENTED_EDGE('',*,*,#8721,.F.);
#8721 = EDGE_CURVE('',#8722,#8724,#8726,.T.);
#8722 = VERTEX_POINT('',#8723);
#8723 = CARTESIAN_POINT('',(7.382999897003,46.619998931885,0.));
#8724 = VERTEX_POINT('',#8725);
#8725 = CARTESIAN_POINT('',(12.,52.,0.));
#8726 = SURFACE_CURVE('',#8727,(#8731),.PCURVE_S1.);
#8727 = LINE('',#8728,#8729);
#8728 = CARTESIAN_POINT('',(7.382999897003,46.619998931885,0.));
#8729 = VECTOR('',#8730,1.);
#8730 = DIRECTION('',(0.651244222363,0.758868211773,0.));
#8731 = PCURVE('',#8732,#8737);
#8732 = PLANE('',#8733);
#8733 = AXIS2_PLACEMENT_3D('',#8734,#8735,#8736);
#8734 = CARTESIAN_POINT('',(9.503458923705,49.291545893092,0.));
#8735 = DIRECTION('',(-0.,-0.,-1.));
#8736 = DIRECTION('',(-1.,0.,0.));
#8737 = DEFINITIONAL_REPRESENTATION('',(#8738),#8742);
#8738 = LINE('',#8739,#8740);
#8739 = CARTESIAN_POINT('',(2.120459026702,-2.671546961207));
#8740 = VECTOR('',#8741,1.);
#8741 = DIRECTION('',(-0.651244222363,0.758868211773));
#8742 = ( GEOMETRIC_REPRESENTATION_CONTEXT(2) 
PARAMETRIC_REPRESENTATION_CONTEXT() REPRESENTATION_CONTEXT('2D SPACE',''
  ) );
#8743 = ORIENTED_EDGE('',*,*,#8744,.F.);
#8744 = EDGE_CURVE('',#8745,#8722,#8747,.T.);
#8745 = VERTEX_POINT('',#8746);
#8746 = CARTESIAN_POINT('',(6.964000225067,46.903999328613,0.));
#8747 = SURFACE_CURVE('',#8748,(#8752),.PCURVE_S1.);
#8748 = LINE('',#8749,#8750);
#8749 = CARTESIAN_POINT('',(6.964000225067,46.903999328613,0.));
#8750 = VECTOR('',#8751,1.);
#8751 = DIRECTION('',(0.82777013603,-0.561067377324,0.));
#8752 = PCURVE('',#8732,#8753);
#8753 = DEFINITIONAL_REPRESENTATION('',(#8754),#8758);
#8754 = LINE('',#8755,#8756);
#8755 = CARTESIAN_POINT('',(2.539458698638,-2.387546564478));
#8756 = VECTOR('',#8757,1.);
#8757 = DIRECTION('',(-0.82777013603,-0.561067377324));
#8758 = ( GEOMETRIC_REPRESENTATION_CONTEXT(2) 
PARAMETRIC_REPRESENTATION_CONTEXT() REPRESENTATION_CONTEXT('2D SPACE',''
  ) );
#8759 = ORIENTED_EDGE('',*,*,#8760,.T.);
#8760 = EDGE_CURVE('',#8745,#8724,#8761,.T.);
#8761 = SURFACE_CURVE('',#8762,(#8766),.PCURVE_S1.);
#8762 = LINE('',#8763,#8764);
#8763 = CARTESIAN_POINT('',(6.964000225067,46.903999328613,0.));
#8764 = VECTOR('',#8765,1.);
#8765 = DIRECTION('',(0.702907026308,0.711281739093,0.));
#8766 = PCURVE('',#8732,#8767);
#8767 = DEFINITIONAL_REPRESENTATION('',(#8768),#8772);
#8768 = LINE('',#8769,#8770);
#8769 = CARTESIAN_POINT('',(2.539458698638,-2.387546564478));
#8770 = VECTOR('',#8771,1.);
#8771 = DIRECTION('',(-0.702907026308,0.711281739093));
#8772 = ( GEOMETRIC_REPRESENTATION_CONTEXT(2) 
PARAMETRIC_REPRESENTATION_CONTEXT() REPRESENTATION_CONTEXT('2D SPACE',''
  ) );
#8773 = SHELL_BASED_SURFACE_MODEL('',(#8774));
#8774 = OPEN_SHELL('',(#8775));
#8775 = ADVANCED_FACE('',(#8776),#8790,.T.);
#8776 = FACE_BOUND('',#8777,.T.);
#8777 = EDGE_LOOP('',(#8778,#8801,#8817));
#8778 = ORIENTED_EDGE('',*,*,#8779,.F.);
#8779 = EDGE_CURVE('',#8780,#8782,#8784,.T.);
#8780 = VERTEX_POINT('',#8781);
#8781 = CARTESIAN_POINT('',(6.964000225067,46.903999328613,0.));
#8782 = VERTEX_POINT('',#8783);
#8783 = CARTESIAN_POINT('',(12.,52.,0.));
#8784 = SURFACE_CURVE('',#8785,(#8789),.PCURVE_S1.);
#8785 = LINE('',#8786,#8787);
#8786 = CARTESIAN_POINT('',(6.964000225067,46.903999328613,0.));
#8787 = VECTOR('',#8788,1.);
#8788 = DIRECTION('',(0.702907026308,0.711281739093,0.));
#8789 = PCURVE('',#8790,#8795);
#8790 = PLANE('',#8791);
#8791 = AXIS2_PLACEMENT_3D('',#8792,#8793,#8794);
#8792 = CARTESIAN_POINT('',(9.28102340443,49.397748365283,0.));
#8793 = DIRECTION('',(-0.,-0.,-1.));
#8794 = DIRECTION('',(-1.,0.,0.));
#8795 = DEFINITIONAL_REPRESENTATION('',(#8796),#8800);
#8796 = LINE('',#8797,#8798);
#8797 = CARTESIAN_POINT('',(2.317023179363,-2.49374903667));
#8798 = VECTOR('',#8799,1.);
#8799 = DIRECTION('',(-0.702907026308,0.711281739093));
#8800 = ( GEOMETRIC_REPRESENTATION_CONTEXT(2) 
PARAMETRIC_REPRESENTATION_CONTEXT() REPRESENTATION_CONTEXT('2D SPACE',''
  ) );
#8801 = ORIENTED_EDGE('',*,*,#8802,.F.);
#8802 = EDGE_CURVE('',#8803,#8780,#8805,.T.);
#8803 = VERTEX_POINT('',#8804);
#8804 = CARTESIAN_POINT('',(6.5,47.002998352051,0.));
#8805 = SURFACE_CURVE('',#8806,(#8810),.PCURVE_S1.);
#8806 = LINE('',#8807,#8808);
#8807 = CARTESIAN_POINT('',(6.5,47.002998352051,0.));
#8808 = VECTOR('',#8809,1.);
#8809 = DIRECTION('',(0.977987542409,-0.208663285925,0.));
#8810 = PCURVE('',#8790,#8811);
#8811 = DEFINITIONAL_REPRESENTATION('',(#8812),#8816);
#8812 = LINE('',#8813,#8814);
#8813 = CARTESIAN_POINT('',(2.78102340443,-2.394750013232));
#8814 = VECTOR('',#8815,1.);
#8815 = DIRECTION('',(-0.977987542409,-0.208663285925));
#8816 = ( GEOMETRIC_REPRESENTATION_CONTEXT(2) 
PARAMETRIC_REPRESENTATION_CONTEXT() REPRESENTATION_CONTEXT('2D SPACE',''
  ) );
#8817 = ORIENTED_EDGE('',*,*,#8818,.T.);
#8818 = EDGE_CURVE('',#8803,#8782,#8819,.T.);
#8819 = SURFACE_CURVE('',#8820,(#8824),.PCURVE_S1.);
#8820 = LINE('',#8821,#8822);
#8821 = CARTESIAN_POINT('',(6.5,47.002998352051,0.));
#8822 = VECTOR('',#8823,1.);
#8823 = DIRECTION('',(0.74014087326,0.67245184789,0.));
#8824 = PCURVE('',#8790,#8825);
#8825 = DEFINITIONAL_REPRESENTATION('',(#8826),#8830);
#8826 = LINE('',#8827,#8828);
#8827 = CARTESIAN_POINT('',(2.78102340443,-2.394750013232));
#8828 = VECTOR('',#8829,1.);
#8829 = DIRECTION('',(-0.74014087326,0.67245184789));
#8830 = ( GEOMETRIC_REPRESENTATION_CONTEXT(2) 
PARAMETRIC_REPRESENTATION_CONTEXT() REPRESENTATION_CONTEXT('2D SPACE',''
  ) );
#8831 = SHELL_BASED_SURFACE_MODEL('',(#8832));
#8832 = OPEN_SHELL('',(#8833));
#8833 = ADVANCED_FACE('',(#8834),#8848,.T.);
#8834 = FACE_BOUND('',#8835,.T.);
#8835 = EDGE_LOOP('',(#8836,#8859,#8875));
#8836 = ORIENTED_EDGE('',*,*,#8837,.F.);
#8837 = EDGE_CURVE('',#8838,#8840,#8842,.T.);
#8838 = VERTEX_POINT('',#8839);
#8839 = CARTESIAN_POINT('',(6.5,47.002998352051,0.));
#8840 = VERTEX_POINT('',#8841);
#8841 = CARTESIAN_POINT('',(12.,52.,0.));
#8842 = SURFACE_CURVE('',#8843,(#8847),.PCURVE_S1.);
#8843 = LINE('',#8844,#8845);
#8844 = CARTESIAN_POINT('',(6.5,47.002998352051,0.));
#8845 = VECTOR('',#8846,1.);
#8846 = DIRECTION('',(0.74014087326,0.67245184789,0.));
#8847 = PCURVE('',#8848,#8853);
#8848 = PLANE('',#8849);
#8849 = AXIS2_PLACEMENT_3D('',#8850,#8851,#8852);
#8850 = CARTESIAN_POINT('',(9.04462041338,49.400091031419,0.));
#8851 = DIRECTION('',(-0.,-0.,-1.));
#8852 = DIRECTION('',(-1.,0.,0.));
#8853 = DEFINITIONAL_REPRESENTATION('',(#8854),#8858);
#8854 = LINE('',#8855,#8856);
#8855 = CARTESIAN_POINT('',(2.54462041338,-2.397092679368));
#8856 = VECTOR('',#8857,1.);
#8857 = DIRECTION('',(-0.74014087326,0.67245184789));
#8858 = ( GEOMETRIC_REPRESENTATION_CONTEXT(2) 
PARAMETRIC_REPRESENTATION_CONTEXT() REPRESENTATION_CONTEXT('2D SPACE',''
  ) );
#8859 = ORIENTED_EDGE('',*,*,#8860,.T.);
#8860 = EDGE_CURVE('',#8838,#8861,#8863,.T.);
#8861 = VERTEX_POINT('',#8862);
#8862 = CARTESIAN_POINT('',(6.035999774933,46.903999328613,0.));
#8863 = SURFACE_CURVE('',#8864,(#8868),.PCURVE_S1.);
#8864 = LINE('',#8865,#8866);
#8865 = CARTESIAN_POINT('',(6.5,47.002998352051,0.));
#8866 = VECTOR('',#8867,1.);
#8867 = DIRECTION('',(-0.977987542409,-0.208663285925,0.));
#8868 = PCURVE('',#8848,#8869);
#8869 = DEFINITIONAL_REPRESENTATION('',(#8870),#8874);
#8870 = LINE('',#8871,#8872);
#8871 = CARTESIAN_POINT('',(2.54462041338,-2.397092679368));
#8872 = VECTOR('',#8873,1.);
#8873 = DIRECTION('',(0.977987542409,-0.208663285925));
#8874 = ( GEOMETRIC_REPRESENTATION_CONTEXT(2) 
PARAMETRIC_REPRESENTATION_CONTEXT() REPRESENTATION_CONTEXT('2D SPACE',''
  ) );
#8875 = ORIENTED_EDGE('',*,*,#8876,.T.);
#8876 = EDGE_CURVE('',#8861,#8840,#8877,.T.);
#8877 = SURFACE_CURVE('',#8878,(#8882),.PCURVE_S1.);
#8878 = LINE('',#8879,#8880);
#8879 = CARTESIAN_POINT('',(6.035999774933,46.903999328613,0.));
#8880 = VECTOR('',#8881,1.);
#8881 = DIRECTION('',(0.760263467607,0.649614854988,0.));
#8882 = PCURVE('',#8848,#8883);
#8883 = DEFINITIONAL_REPRESENTATION('',(#8884),#8888);
#8884 = LINE('',#8885,#8886);
#8885 = CARTESIAN_POINT('',(3.008620638447,-2.496091702806));
#8886 = VECTOR('',#8887,1.);
#8887 = DIRECTION('',(-0.760263467607,0.649614854988));
#8888 = ( GEOMETRIC_REPRESENTATION_CONTEXT(2) 
PARAMETRIC_REPRESENTATION_CONTEXT() REPRESENTATION_CONTEXT('2D SPACE',''
  ) );
#8889 = SHELL_BASED_SURFACE_MODEL('',(#8890));
#8890 = OPEN_SHELL('',(#8891));
#8891 = ADVANCED_FACE('',(#8892),#8906,.T.);
#8892 = FACE_BOUND('',#8893,.T.);
#8893 = EDGE_LOOP('',(#8894,#8917,#8933));
#8894 = ORIENTED_EDGE('',*,*,#8895,.F.);
#8895 = EDGE_CURVE('',#8896,#8898,#8900,.T.);
#8896 = VERTEX_POINT('',#8897);
#8897 = CARTESIAN_POINT('',(-18.,52.,0.));
#8898 = VERTEX_POINT('',#8899);
#8899 = CARTESIAN_POINT('',(6.035999774933,46.903999328613,0.));
#8900 = SURFACE_CURVE('',#8901,(#8905),.PCURVE_S1.);
#8901 = LINE('',#8902,#8903);
#8902 = CARTESIAN_POINT('',(-18.,52.,0.));
#8903 = VECTOR('',#8904,1.);
#8904 = DIRECTION('',(0.97825514345,-0.207405097125,0.));
#8905 = PCURVE('',#8906,#8911);
#8906 = PLANE('',#8907);
#8907 = AXIS2_PLACEMENT_3D('',#8908,#8909,#8910);
#8908 = CARTESIAN_POINT('',(-2.66340703576,50.676706874338,0.));
#8909 = DIRECTION('',(-0.,-0.,-1.));
#8910 = DIRECTION('',(-1.,0.,0.));
#8911 = DEFINITIONAL_REPRESENTATION('',(#8912),#8916);
#8912 = LINE('',#8913,#8914);
#8913 = CARTESIAN_POINT('',(15.33659296424,1.323293125662));
#8914 = VECTOR('',#8915,1.);
#8915 = DIRECTION('',(-0.97825514345,-0.207405097125));
#8916 = ( GEOMETRIC_REPRESENTATION_CONTEXT(2) 
PARAMETRIC_REPRESENTATION_CONTEXT() REPRESENTATION_CONTEXT('2D SPACE',''
  ) );
#8917 = ORIENTED_EDGE('',*,*,#8918,.T.);
#8918 = EDGE_CURVE('',#8896,#8919,#8921,.T.);
#8919 = VERTEX_POINT('',#8920);
#8920 = CARTESIAN_POINT('',(12.,52.,0.));
#8921 = SURFACE_CURVE('',#8922,(#8926),.PCURVE_S1.);
#8922 = LINE('',#8923,#8924);
#8923 = CARTESIAN_POINT('',(-18.,52.,0.));
#8924 = VECTOR('',#8925,1.);
#8925 = DIRECTION('',(1.,0.,0.));
#8926 = PCURVE('',#8906,#8927);
#8927 = DEFINITIONAL_REPRESENTATION('',(#8928),#8932);
#8928 = LINE('',#8929,#8930);
#8929 = CARTESIAN_POINT('',(15.33659296424,1.323293125662));
#8930 = VECTOR('',#8931,1.);
#8931 = DIRECTION('',(-1.,0.));
#8932 = ( GEOMETRIC_REPRESENTATION_CONTEXT(2) 
PARAMETRIC_REPRESENTATION_CONTEXT() REPRESENTATION_CONTEXT('2D SPACE',''
  ) );
#8933 = ORIENTED_EDGE('',*,*,#8934,.F.);
#8934 = EDGE_CURVE('',#8898,#8919,#8935,.T.);
#8935 = SURFACE_CURVE('',#8936,(#8940),.PCURVE_S1.);
#8936 = LINE('',#8937,#8938);
#8937 = CARTESIAN_POINT('',(6.035999774933,46.903999328613,0.));
#8938 = VECTOR('',#8939,1.);
#8939 = DIRECTION('',(0.760263467607,0.649614854988,0.));
#8940 = PCURVE('',#8906,#8941);
#8941 = DEFINITIONAL_REPRESENTATION('',(#8942),#8946);
#8942 = LINE('',#8943,#8944);
#8943 = CARTESIAN_POINT('',(-8.699406810693,-3.772707545725));
#8944 = VECTOR('',#8945,1.);
#8945 = DIRECTION('',(-0.760263467607,0.649614854988));
#8946 = ( GEOMETRIC_REPRESENTATION_CONTEXT(2) 
PARAMETRIC_REPRESENTATION_CONTEXT() REPRESENTATION_CONTEXT('2D SPACE',''
  ) );
#8947 = SHELL_BASED_SURFACE_MODEL('',(#8948));
#8948 = OPEN_SHELL('',(#8949));
#8949 = ADVANCED_FACE('',(#8950),#8964,.T.);
#8950 = FACE_BOUND('',#8951,.T.);
#8951 = EDGE_LOOP('',(#8952,#8975,#8991));
#8952 = ORIENTED_EDGE('',*,*,#8953,.F.);
#8953 = EDGE_CURVE('',#8954,#8956,#8958,.T.);
#8954 = VERTEX_POINT('',#8955);
#8955 = CARTESIAN_POINT('',(6.5,47.002998352051,0.));
#8956 = VERTEX_POINT('',#8957);
#8957 = CARTESIAN_POINT('',(6.035999774933,46.903999328613,0.));
#8958 = SURFACE_CURVE('',#8959,(#8963),.PCURVE_S1.);
#8959 = LINE('',#8960,#8961);
#8960 = CARTESIAN_POINT('',(6.5,47.002998352051,0.));
#8961 = VECTOR('',#8962,1.);
#8962 = DIRECTION('',(-0.977987542409,-0.208663285925,0.));
#8963 = PCURVE('',#8964,#8969);
#8964 = PLANE('',#8965);
#8965 = AXIS2_PLACEMENT_3D('',#8966,#8967,#8968);
#8966 = CARTESIAN_POINT('',(6.161115770564,46.930694060027,
    1.390710144795));
#8967 = DIRECTION('',(0.208663285925,-0.977987542409,-0.));
#8968 = DIRECTION('',(-0.977987542409,-0.208663285925,0.));
#8969 = DEFINITIONAL_REPRESENTATION('',(#8970),#8974);
#8970 = LINE('',#8971,#8972);
#8971 = CARTESIAN_POINT('',(-0.346511805868,1.390710144795));
#8972 = VECTOR('',#8973,1.);
#8973 = DIRECTION('',(1.,0.));
#8974 = ( GEOMETRIC_REPRESENTATION_CONTEXT(2) 
PARAMETRIC_REPRESENTATION_CONTEXT() REPRESENTATION_CONTEXT('2D SPACE',''
  ) );
#8975 = ORIENTED_EDGE('',*,*,#8976,.F.);
#8976 = EDGE_CURVE('',#8977,#8954,#8979,.T.);
#8977 = VERTEX_POINT('',#8978);
#8978 = CARTESIAN_POINT('',(6.035999774933,46.903999328613,3.));
#8979 = SURFACE_CURVE('',#8980,(#8984),.PCURVE_S1.);
#8980 = LINE('',#8981,#8982);
#8981 = CARTESIAN_POINT('',(6.035999774933,46.903999328613,3.));
#8982 = VECTOR('',#8983,1.);
#8983 = DIRECTION('',(0.152768115086,3.259458377146E-02,-0.987724402919)
  );
#8984 = PCURVE('',#8964,#8985);
#8985 = DEFINITIONAL_REPRESENTATION('',(#8986),#8990);
#8986 = LINE('',#8987,#8988);
#8987 = CARTESIAN_POINT('',(0.127932095457,-1.609289855205));
#8988 = VECTOR('',#8989,1.);
#8989 = DIRECTION('',(-0.156206606385,0.987724402919));
#8990 = ( GEOMETRIC_REPRESENTATION_CONTEXT(2) 
PARAMETRIC_REPRESENTATION_CONTEXT() REPRESENTATION_CONTEXT('2D SPACE',''
  ) );
#8991 = ORIENTED_EDGE('',*,*,#8992,.F.);
#8992 = EDGE_CURVE('',#8956,#8977,#8993,.T.);
#8993 = SURFACE_CURVE('',#8994,(#8998),.PCURVE_S1.);
#8994 = LINE('',#8995,#8996);
#8995 = CARTESIAN_POINT('',(6.035999774933,46.903999328613,0.));
#8996 = VECTOR('',#8997,1.);
#8997 = DIRECTION('',(0.,0.,1.));
#8998 = PCURVE('',#8964,#8999);
#8999 = DEFINITIONAL_REPRESENTATION('',(#9000),#9004);
#9000 = LINE('',#9001,#9002);
#9001 = CARTESIAN_POINT('',(0.127932095457,1.390710144795));
#9002 = VECTOR('',#9003,1.);
#9003 = DIRECTION('',(0.,-1.));
#9004 = ( GEOMETRIC_REPRESENTATION_CONTEXT(2) 
PARAMETRIC_REPRESENTATION_CONTEXT() REPRESENTATION_CONTEXT('2D SPACE',''
  ) );
#9005 = SHELL_BASED_SURFACE_MODEL('',(#9006));
#9006 = OPEN_SHELL('',(#9007));
#9007 = ADVANCED_FACE('',(#9008),#9022,.T.);
#9008 = FACE_BOUND('',#9009,.T.);
#9009 = EDGE_LOOP('',(#9010,#9033,#9049));
#9010 = ORIENTED_EDGE('',*,*,#9011,.F.);
#9011 = EDGE_CURVE('',#9012,#9014,#9016,.T.);
#9012 = VERTEX_POINT('',#9013);
#9013 = CARTESIAN_POINT('',(7.716000080109,43.823001861572,0.));
#9014 = VERTEX_POINT('',#9015);
#9015 = CARTESIAN_POINT('',(7.382999897003,43.380001068115,0.));
#9016 = SURFACE_CURVE('',#9017,(#9021),.PCURVE_S1.);
#9017 = LINE('',#9018,#9019);
#9018 = CARTESIAN_POINT('',(7.716000080109,43.823001861572,0.));
#9019 = VECTOR('',#9020,1.);
#9020 = DIRECTION('',(-0.60086528463,-0.799350304764,0.));
#9021 = PCURVE('',#9022,#9027);
#9022 = PLANE('',#9023);
#9023 = AXIS2_PLACEMENT_3D('',#9024,#9025,#9026);
#9024 = CARTESIAN_POINT('',(10.753543950325,23.437182597158,0.));
#9025 = DIRECTION('',(-0.,-0.,-1.));
#9026 = DIRECTION('',(-1.,0.,0.));
#9027 = DEFINITIONAL_REPRESENTATION('',(#9028),#9032);
#9028 = LINE('',#9029,#9030);
#9029 = CARTESIAN_POINT('',(3.037543870216,20.385819264415));
#9030 = VECTOR('',#9031,1.);
#9031 = DIRECTION('',(0.60086528463,-0.799350304764));
#9032 = ( GEOMETRIC_REPRESENTATION_CONTEXT(2) 
PARAMETRIC_REPRESENTATION_CONTEXT() REPRESENTATION_CONTEXT('2D SPACE',''
  ) );
#9033 = ORIENTED_EDGE('',*,*,#9034,.F.);
#9034 = EDGE_CURVE('',#9035,#9012,#9037,.T.);
#9035 = VERTEX_POINT('',#9036);
#9036 = CARTESIAN_POINT('',(14.,3.,0.));
#9037 = SURFACE_CURVE('',#9038,(#9042),.PCURVE_S1.);
#9038 = LINE('',#9039,#9040);
#9039 = CARTESIAN_POINT('',(14.,3.,0.));
#9040 = VECTOR('',#9041,1.);
#9041 = DIRECTION('',(-0.152140863349,0.988358820318,0.));
#9042 = PCURVE('',#9022,#9043);
#9043 = DEFINITIONAL_REPRESENTATION('',(#9044),#9048);
#9044 = LINE('',#9045,#9046);
#9045 = CARTESIAN_POINT('',(-3.246456049675,-20.43718259715));
#9046 = VECTOR('',#9047,1.);
#9047 = DIRECTION('',(0.152140863349,0.988358820318));
#9048 = ( GEOMETRIC_REPRESENTATION_CONTEXT(2) 
PARAMETRIC_REPRESENTATION_CONTEXT() REPRESENTATION_CONTEXT('2D SPACE',''
  ) );
#9049 = ORIENTED_EDGE('',*,*,#9050,.T.);
#9050 = EDGE_CURVE('',#9035,#9014,#9051,.T.);
#9051 = SURFACE_CURVE('',#9052,(#9056),.PCURVE_S1.);
#9052 = LINE('',#9053,#9054);
#9053 = CARTESIAN_POINT('',(14.,3.,0.));
#9054 = VECTOR('',#9055,1.);
#9055 = DIRECTION('',(-0.161711430453,0.986838088676,0.));
#9056 = PCURVE('',#9022,#9057);
#9057 = DEFINITIONAL_REPRESENTATION('',(#9058),#9062);
#9058 = LINE('',#9059,#9060);
#9059 = CARTESIAN_POINT('',(-3.246456049675,-20.43718259715));
#9060 = VECTOR('',#9061,1.);
#9061 = DIRECTION('',(0.161711430453,0.986838088676));
#9062 = ( GEOMETRIC_REPRESENTATION_CONTEXT(2) 
PARAMETRIC_REPRESENTATION_CONTEXT() REPRESENTATION_CONTEXT('2D SPACE',''
  ) );
#9063 = SHELL_BASED_SURFACE_MODEL('',(#9064));
#9064 = OPEN_SHELL('',(#9065));
#9065 = ADVANCED_FACE('',(#9066),#9080,.T.);
#9066 = FACE_BOUND('',#9067,.T.);
#9067 = EDGE_LOOP('',(#9068,#9091,#9107));
#9068 = ORIENTED_EDGE('',*,*,#9069,.F.);
#9069 = EDGE_CURVE('',#9070,#9072,#9074,.T.);
#9070 = VERTEX_POINT('',#9071);
#9071 = CARTESIAN_POINT('',(8.001999855042,45.,0.));
#9072 = VERTEX_POINT('',#9073);
#9073 = CARTESIAN_POINT('',(7.928999900818,44.381000518799,0.));
#9074 = SURFACE_CURVE('',#9075,(#9079),.PCURVE_S1.);
#9075 = LINE('',#9076,#9077);
#9076 = CARTESIAN_POINT('',(8.001999855042,45.,0.));
#9077 = VECTOR('',#9078,1.);
#9078 = DIRECTION('',(-0.117120529835,-0.993117707772,0.));
#9079 = PCURVE('',#9080,#9085);
#9080 = PLANE('',#9081);
#9081 = AXIS2_PLACEMENT_3D('',#9082,#9083,#9084);
#9082 = CARTESIAN_POINT('',(10.886231128699,48.224790932811,0.));
#9083 = DIRECTION('',(-0.,-0.,-1.));
#9084 = DIRECTION('',(-1.,0.,0.));
#9085 = DEFINITIONAL_REPRESENTATION('',(#9086),#9090);
#9086 = LINE('',#9087,#9088);
#9087 = CARTESIAN_POINT('',(2.884231273658,-3.224790932811));
#9088 = VECTOR('',#9089,1.);
#9089 = DIRECTION('',(0.117120529835,-0.993117707772));
#9090 = ( GEOMETRIC_REPRESENTATION_CONTEXT(2) 
PARAMETRIC_REPRESENTATION_CONTEXT() REPRESENTATION_CONTEXT('2D SPACE',''
  ) );
#9091 = ORIENTED_EDGE('',*,*,#9092,.T.);
#9092 = EDGE_CURVE('',#9070,#9093,#9095,.T.);
#9093 = VERTEX_POINT('',#9094);
#9094 = CARTESIAN_POINT('',(14.,52.,0.));
#9095 = SURFACE_CURVE('',#9096,(#9100),.PCURVE_S1.);
#9096 = LINE('',#9097,#9098);
#9097 = CARTESIAN_POINT('',(8.001999855042,45.,0.));
#9098 = VECTOR('',#9099,1.);
#9099 = DIRECTION('',(0.65066630201,0.759363788595,0.));
#9100 = PCURVE('',#9080,#9101);
#9101 = DEFINITIONAL_REPRESENTATION('',(#9102),#9106);
#9102 = LINE('',#9103,#9104);
#9103 = CARTESIAN_POINT('',(2.884231273658,-3.224790932811));
#9104 = VECTOR('',#9105,1.);
#9105 = DIRECTION('',(-0.65066630201,0.759363788595));
#9106 = ( GEOMETRIC_REPRESENTATION_CONTEXT(2) 
PARAMETRIC_REPRESENTATION_CONTEXT() REPRESENTATION_CONTEXT('2D SPACE',''
  ) );
#9107 = ORIENTED_EDGE('',*,*,#9108,.T.);
#9108 = EDGE_CURVE('',#9093,#9072,#9109,.T.);
#9109 = SURFACE_CURVE('',#9110,(#9114),.PCURVE_S1.);
#9110 = LINE('',#9111,#9112);
#9111 = CARTESIAN_POINT('',(14.,52.,0.));
#9112 = VECTOR('',#9113,1.);
#9113 = DIRECTION('',(-0.623179212871,-0.782079068027,0.));
#9114 = PCURVE('',#9080,#9115);
#9115 = DEFINITIONAL_REPRESENTATION('',(#9116),#9120);
#9116 = LINE('',#9117,#9118);
#9117 = CARTESIAN_POINT('',(-3.113768871301,3.775209067189));
#9118 = VECTOR('',#9119,1.);
#9119 = DIRECTION('',(0.623179212871,-0.782079068027));
#9120 = ( GEOMETRIC_REPRESENTATION_CONTEXT(2) 
PARAMETRIC_REPRESENTATION_CONTEXT() REPRESENTATION_CONTEXT('2D SPACE',''
  ) );
#9121 = SHELL_BASED_SURFACE_MODEL('',(#9122));
#9122 = OPEN_SHELL('',(#9123));
#9123 = ADVANCED_FACE('',(#9124),#9138,.T.);
#9124 = FACE_BOUND('',#9125,.T.);
#9125 = EDGE_LOOP('',(#9126,#9149,#9165));
#9126 = ORIENTED_EDGE('',*,*,#9127,.T.);
#9127 = EDGE_CURVE('',#9128,#9130,#9132,.T.);
#9128 = VERTEX_POINT('',#9129);
#9129 = CARTESIAN_POINT('',(-0.998000025749,7.002999782562,0.));
#9130 = VERTEX_POINT('',#9131);
#9131 = CARTESIAN_POINT('',(6.035999774933,43.096000671387,0.));
#9132 = SURFACE_CURVE('',#9133,(#9137),.PCURVE_S1.);
#9133 = LINE('',#9134,#9135);
#9134 = CARTESIAN_POINT('',(-0.998000025749,7.002999782562,0.));
#9135 = VECTOR('',#9136,1.);
#9136 = DIRECTION('',(0.191286710125,0.981534204462,0.));
#9137 = PCURVE('',#9138,#9143);
#9138 = PLANE('',#9139);
#9139 = AXIS2_PLACEMENT_3D('',#9140,#9141,#9142);
#9140 = CARTESIAN_POINT('',(2.658271139039,25.140475855146,0.));
#9141 = DIRECTION('',(-0.,-0.,-1.));
#9142 = DIRECTION('',(-1.,0.,0.));
#9143 = DEFINITIONAL_REPRESENTATION('',(#9144),#9148);
#9144 = LINE('',#9145,#9146);
#9145 = CARTESIAN_POINT('',(3.656271164789,-18.13747607258));
#9146 = VECTOR('',#9147,1.);
#9147 = DIRECTION('',(-0.191286710125,0.981534204462));
#9148 = ( GEOMETRIC_REPRESENTATION_CONTEXT(2) 
PARAMETRIC_REPRESENTATION_CONTEXT() REPRESENTATION_CONTEXT('2D SPACE',''
  ) );
#9149 = ORIENTED_EDGE('',*,*,#9150,.F.);
#9150 = EDGE_CURVE('',#9151,#9130,#9153,.T.);
#9151 = VERTEX_POINT('',#9152);
#9152 = CARTESIAN_POINT('',(6.5,42.998001098633,0.));
#9153 = SURFACE_CURVE('',#9154,(#9158),.PCURVE_S1.);
#9154 = LINE('',#9155,#9156);
#9155 = CARTESIAN_POINT('',(6.5,42.998001098633,0.));
#9156 = VECTOR('',#9157,1.);
#9157 = DIRECTION('',(-0.97841554176,0.206647108963,0.));
#9158 = PCURVE('',#9138,#9159);
#9159 = DEFINITIONAL_REPRESENTATION('',(#9160),#9164);
#9160 = LINE('',#9161,#9162);
#9161 = CARTESIAN_POINT('',(-3.841728860961,17.857525243487));
#9162 = VECTOR('',#9163,1.);
#9163 = DIRECTION('',(0.97841554176,0.206647108963));
#9164 = ( GEOMETRIC_REPRESENTATION_CONTEXT(2) 
PARAMETRIC_REPRESENTATION_CONTEXT() REPRESENTATION_CONTEXT('2D SPACE',''
  ) );
#9165 = ORIENTED_EDGE('',*,*,#9166,.T.);
#9166 = EDGE_CURVE('',#9151,#9128,#9167,.T.);
#9167 = SURFACE_CURVE('',#9168,(#9172),.PCURVE_S1.);
#9168 = LINE('',#9169,#9170);
#9169 = CARTESIAN_POINT('',(6.5,42.998001098633,0.));
#9170 = VECTOR('',#9171,1.);
#9171 = DIRECTION('',(-0.203929267208,-0.97898562501,0.));
#9172 = PCURVE('',#9138,#9173);
#9173 = DEFINITIONAL_REPRESENTATION('',(#9174),#9178);
#9174 = LINE('',#9175,#9176);
#9175 = CARTESIAN_POINT('',(-3.841728860961,17.857525243487));
#9176 = VECTOR('',#9177,1.);
#9177 = DIRECTION('',(0.203929267208,-0.97898562501));
#9178 = ( GEOMETRIC_REPRESENTATION_CONTEXT(2) 
PARAMETRIC_REPRESENTATION_CONTEXT() REPRESENTATION_CONTEXT('2D SPACE',''
  ) );
#9179 = SHELL_BASED_SURFACE_MODEL('',(#9180));
#9180 = OPEN_SHELL('',(#9181));
#9181 = ADVANCED_FACE('',(#9182),#9196,.T.);
#9182 = FACE_BOUND('',#9183,.T.);
#9183 = EDGE_LOOP('',(#9184,#9207,#9223));
#9184 = ORIENTED_EDGE('',*,*,#9185,.F.);
#9185 = EDGE_CURVE('',#9186,#9188,#9190,.T.);
#9186 = VERTEX_POINT('',#9187);
#9187 = CARTESIAN_POINT('',(-0.998000025749,7.002999782562,0.));
#9188 = VERTEX_POINT('',#9189);
#9189 = CARTESIAN_POINT('',(6.035999774933,43.096000671387,0.));
#9190 = SURFACE_CURVE('',#9191,(#9195),.PCURVE_S1.);
#9191 = LINE('',#9192,#9193);
#9192 = CARTESIAN_POINT('',(-0.998000025749,7.002999782562,0.));
#9193 = VECTOR('',#9194,1.);
#9194 = DIRECTION('',(0.191286710125,0.981534204462,0.));
#9195 = PCURVE('',#9196,#9201);
#9196 = PLANE('',#9197);
#9197 = AXIS2_PLACEMENT_3D('',#9198,#9199,#9200);
#9198 = CARTESIAN_POINT('',(0.948782881206,23.917989775324,0.));
#9199 = DIRECTION('',(-0.,-0.,-1.));
#9200 = DIRECTION('',(-1.,0.,0.));
#9201 = DEFINITIONAL_REPRESENTATION('',(#9202),#9206);
#9202 = LINE('',#9203,#9204);
#9203 = CARTESIAN_POINT('',(1.946782906955,-16.91498999276));
#9204 = VECTOR('',#9205,1.);
#9205 = DIRECTION('',(-0.191286710125,0.981534204462));
#9206 = ( GEOMETRIC_REPRESENTATION_CONTEXT(2) 
PARAMETRIC_REPRESENTATION_CONTEXT() REPRESENTATION_CONTEXT('2D SPACE',''
  ) );
#9207 = ORIENTED_EDGE('',*,*,#9208,.F.);
#9208 = EDGE_CURVE('',#9209,#9186,#9211,.T.);
#9209 = VERTEX_POINT('',#9210);
#9210 = CARTESIAN_POINT('',(-6.002999782562,7.002999782562,0.));
#9211 = SURFACE_CURVE('',#9212,(#9216),.PCURVE_S1.);
#9212 = LINE('',#9213,#9214);
#9213 = CARTESIAN_POINT('',(-6.002999782562,7.002999782562,0.));
#9214 = VECTOR('',#9215,1.);
#9215 = DIRECTION('',(1.,0.,0.));
#9216 = PCURVE('',#9196,#9217);
#9217 = DEFINITIONAL_REPRESENTATION('',(#9218),#9222);
#9218 = LINE('',#9219,#9220);
#9219 = CARTESIAN_POINT('',(6.951782663768,-16.91498999276));
#9220 = VECTOR('',#9221,1.);
#9221 = DIRECTION('',(-1.,0.));
#9222 = ( GEOMETRIC_REPRESENTATION_CONTEXT(2) 
PARAMETRIC_REPRESENTATION_CONTEXT() REPRESENTATION_CONTEXT('2D SPACE',''
  ) );
#9223 = ORIENTED_EDGE('',*,*,#9224,.T.);
#9224 = EDGE_CURVE('',#9209,#9188,#9225,.T.);
#9225 = SURFACE_CURVE('',#9226,(#9230),.PCURVE_S1.);
#9226 = LINE('',#9227,#9228);
#9227 = CARTESIAN_POINT('',(-6.002999782562,7.002999782562,0.));
#9228 = VECTOR('',#9229,1.);
#9229 = DIRECTION('',(0.316416977431,0.948620206613,0.));
#9230 = PCURVE('',#9196,#9231);
#9231 = DEFINITIONAL_REPRESENTATION('',(#9232),#9236);
#9232 = LINE('',#9233,#9234);
#9233 = CARTESIAN_POINT('',(6.951782663768,-16.91498999276));
#9234 = VECTOR('',#9235,1.);
#9235 = DIRECTION('',(-0.316416977431,0.948620206613));
#9236 = ( GEOMETRIC_REPRESENTATION_CONTEXT(2) 
PARAMETRIC_REPRESENTATION_CONTEXT() REPRESENTATION_CONTEXT('2D SPACE',''
  ) );
#9237 = SHELL_BASED_SURFACE_MODEL('',(#9238));
#9238 = OPEN_SHELL('',(#9239));
#9239 = ADVANCED_FACE('',(#9240),#9254,.T.);
#9240 = FACE_BOUND('',#9241,.T.);
#9241 = EDGE_LOOP('',(#9242,#9265,#9281));
#9242 = ORIENTED_EDGE('',*,*,#9243,.F.);
#9243 = EDGE_CURVE('',#9244,#9246,#9248,.T.);
#9244 = VERTEX_POINT('',#9245);
#9245 = CARTESIAN_POINT('',(6.964000225067,43.096000671387,0.));
#9246 = VERTEX_POINT('',#9247);
#9247 = CARTESIAN_POINT('',(6.5,42.998001098633,0.));
#9248 = SURFACE_CURVE('',#9249,(#9253),.PCURVE_S1.);
#9249 = LINE('',#9250,#9251);
#9250 = CARTESIAN_POINT('',(6.964000225067,43.096000671387,0.));
#9251 = VECTOR('',#9252,1.);
#9252 = DIRECTION('',(-0.97841554176,-0.206647108963,0.));
#9253 = PCURVE('',#9254,#9259);
#9254 = PLANE('',#9255);
#9255 = AXIS2_PLACEMENT_3D('',#9256,#9257,#9258);
#9256 = CARTESIAN_POINT('',(10.344971190093,23.139480399823,0.));
#9257 = DIRECTION('',(-0.,-0.,-1.));
#9258 = DIRECTION('',(-1.,0.,0.));
#9259 = DEFINITIONAL_REPRESENTATION('',(#9260),#9264);
#9260 = LINE('',#9261,#9262);
#9261 = CARTESIAN_POINT('',(3.380970965026,19.956520271564));
#9262 = VECTOR('',#9263,1.);
#9263 = DIRECTION('',(0.97841554176,-0.206647108963));
#9264 = ( GEOMETRIC_REPRESENTATION_CONTEXT(2) 
PARAMETRIC_REPRESENTATION_CONTEXT() REPRESENTATION_CONTEXT('2D SPACE',''
  ) );
#9265 = ORIENTED_EDGE('',*,*,#9266,.T.);
#9266 = EDGE_CURVE('',#9244,#9267,#9269,.T.);
#9267 = VERTEX_POINT('',#9268);
#9268 = CARTESIAN_POINT('',(14.,3.,0.));
#9269 = SURFACE_CURVE('',#9270,(#9274),.PCURVE_S1.);
#9270 = LINE('',#9271,#9272);
#9271 = CARTESIAN_POINT('',(6.964000225067,43.096000671387,0.));
#9272 = VECTOR('',#9273,1.);
#9273 = DIRECTION('',(0.172837934267,-0.98495027716,0.));
#9274 = PCURVE('',#9254,#9275);
#9275 = DEFINITIONAL_REPRESENTATION('',(#9276),#9280);
#9276 = LINE('',#9277,#9278);
#9277 = CARTESIAN_POINT('',(3.380970965026,19.956520271564));
#9278 = VECTOR('',#9279,1.);
#9279 = DIRECTION('',(-0.172837934267,-0.98495027716));
#9280 = ( GEOMETRIC_REPRESENTATION_CONTEXT(2) 
PARAMETRIC_REPRESENTATION_CONTEXT() REPRESENTATION_CONTEXT('2D SPACE',''
  ) );
#9281 = ORIENTED_EDGE('',*,*,#9282,.T.);
#9282 = EDGE_CURVE('',#9267,#9246,#9283,.T.);
#9283 = SURFACE_CURVE('',#9284,(#9288),.PCURVE_S1.);
#9284 = LINE('',#9285,#9286);
#9285 = CARTESIAN_POINT('',(14.,3.,0.));
#9286 = VECTOR('',#9287,1.);
#9287 = DIRECTION('',(-0.184297432066,0.982870518702,0.));
#9288 = PCURVE('',#9254,#9289);
#9289 = DEFINITIONAL_REPRESENTATION('',(#9290),#9294);
#9290 = LINE('',#9291,#9292);
#9291 = CARTESIAN_POINT('',(-3.655028809907,-20.13948039982));
#9292 = VECTOR('',#9293,1.);
#9293 = DIRECTION('',(0.184297432066,0.982870518702));
#9294 = ( GEOMETRIC_REPRESENTATION_CONTEXT(2) 
PARAMETRIC_REPRESENTATION_CONTEXT() REPRESENTATION_CONTEXT('2D SPACE',''
  ) );
#9295 = SHELL_BASED_SURFACE_MODEL('',(#9296));
#9296 = OPEN_SHELL('',(#9297));
#9297 = ADVANCED_FACE('',(#9298),#9312,.T.);
#9298 = FACE_BOUND('',#9299,.T.);
#9299 = EDGE_LOOP('',(#9300,#9323,#9339));
#9300 = ORIENTED_EDGE('',*,*,#9301,.F.);
#9301 = EDGE_CURVE('',#9302,#9304,#9306,.T.);
#9302 = VERTEX_POINT('',#9303);
#9303 = CARTESIAN_POINT('',(-0.998000025749,7.002999782562,0.));
#9304 = VERTEX_POINT('',#9305);
#9305 = CARTESIAN_POINT('',(14.,3.,0.));
#9306 = SURFACE_CURVE('',#9307,(#9311),.PCURVE_S1.);
#9307 = LINE('',#9308,#9309);
#9308 = CARTESIAN_POINT('',(-0.998000025749,7.002999782562,0.));
#9309 = VECTOR('',#9310,1.);
#9310 = DIRECTION('',(0.966178251201,-0.257875138207,0.));
#9311 = PCURVE('',#9312,#9317);
#9312 = PLANE('',#9313);
#9313 = AXIS2_PLACEMENT_3D('',#9314,#9315,#9316);
#9314 = CARTESIAN_POINT('',(6.658950976005,20.785919213556,0.));
#9315 = DIRECTION('',(-0.,-0.,-1.));
#9316 = DIRECTION('',(-1.,0.,0.));
#9317 = DEFINITIONAL_REPRESENTATION('',(#9318),#9322);
#9318 = LINE('',#9319,#9320);
#9319 = CARTESIAN_POINT('',(7.656951001754,-13.78291943099));
#9320 = VECTOR('',#9321,1.);
#9321 = DIRECTION('',(-0.966178251201,-0.257875138207));
#9322 = ( GEOMETRIC_REPRESENTATION_CONTEXT(2) 
PARAMETRIC_REPRESENTATION_CONTEXT() REPRESENTATION_CONTEXT('2D SPACE',''
  ) );
#9323 = ORIENTED_EDGE('',*,*,#9324,.F.);
#9324 = EDGE_CURVE('',#9325,#9302,#9327,.T.);
#9325 = VERTEX_POINT('',#9326);
#9326 = CARTESIAN_POINT('',(6.5,42.998001098633,0.));
#9327 = SURFACE_CURVE('',#9328,(#9332),.PCURVE_S1.);
#9328 = LINE('',#9329,#9330);
#9329 = CARTESIAN_POINT('',(6.5,42.998001098633,0.));
#9330 = VECTOR('',#9331,1.);
#9331 = DIRECTION('',(-0.203929267208,-0.97898562501,0.));
#9332 = PCURVE('',#9312,#9333);
#9333 = DEFINITIONAL_REPRESENTATION('',(#9334),#9338);
#9334 = LINE('',#9335,#9336);
#9335 = CARTESIAN_POINT('',(0.158950976005,22.212081885077));
#9336 = VECTOR('',#9337,1.);
#9337 = DIRECTION('',(0.203929267208,-0.97898562501));
#9338 = ( GEOMETRIC_REPRESENTATION_CONTEXT(2) 
PARAMETRIC_REPRESENTATION_CONTEXT() REPRESENTATION_CONTEXT('2D SPACE',''
  ) );
#9339 = ORIENTED_EDGE('',*,*,#9340,.F.);
#9340 = EDGE_CURVE('',#9304,#9325,#9341,.T.);
#9341 = SURFACE_CURVE('',#9342,(#9346),.PCURVE_S1.);
#9342 = LINE('',#9343,#9344);
#9343 = CARTESIAN_POINT('',(14.,3.,0.));
#9344 = VECTOR('',#9345,1.);
#9345 = DIRECTION('',(-0.184297432066,0.982870518702,0.));
#9346 = PCURVE('',#9312,#9347);
#9347 = DEFINITIONAL_REPRESENTATION('',(#9348),#9352);
#9348 = LINE('',#9349,#9350);
#9349 = CARTESIAN_POINT('',(-7.341049023995,-17.78591921355));
#9350 = VECTOR('',#9351,1.);
#9351 = DIRECTION('',(0.184297432066,0.982870518702));
#9352 = ( GEOMETRIC_REPRESENTATION_CONTEXT(2) 
PARAMETRIC_REPRESENTATION_CONTEXT() REPRESENTATION_CONTEXT('2D SPACE',''
  ) );
#9353 = SHELL_BASED_SURFACE_MODEL('',(#9354));
#9354 = OPEN_SHELL('',(#9355));
#9355 = ADVANCED_FACE('',(#9356),#9370,.T.);
#9356 = FACE_BOUND('',#9357,.T.);
#9357 = EDGE_LOOP('',(#9358,#9381,#9397));
#9358 = ORIENTED_EDGE('',*,*,#9359,.F.);
#9359 = EDGE_CURVE('',#9360,#9362,#9364,.T.);
#9360 = VERTEX_POINT('',#9361);
#9361 = CARTESIAN_POINT('',(7.382999897003,43.380001068115,0.));
#9362 = VERTEX_POINT('',#9363);
#9363 = CARTESIAN_POINT('',(6.964000225067,43.096000671387,0.));
#9364 = SURFACE_CURVE('',#9365,(#9369),.PCURVE_S1.);
#9365 = LINE('',#9366,#9367);
#9366 = CARTESIAN_POINT('',(7.382999897003,43.380001068115,0.));
#9367 = VECTOR('',#9368,1.);
#9368 = DIRECTION('',(-0.82777013603,-0.561067377324,0.));
#9369 = PCURVE('',#9370,#9375);
#9370 = PLANE('',#9371);
#9371 = AXIS2_PLACEMENT_3D('',#9372,#9373,#9374);
#9372 = CARTESIAN_POINT('',(10.565982275957,23.243172996482,0.));
#9373 = DIRECTION('',(-0.,-0.,-1.));
#9374 = DIRECTION('',(-1.,0.,0.));
#9375 = DEFINITIONAL_REPRESENTATION('',(#9376),#9380);
#9376 = LINE('',#9377,#9378);
#9377 = CARTESIAN_POINT('',(3.182982378953,20.136828071633));
#9378 = VECTOR('',#9379,1.);
#9379 = DIRECTION('',(0.82777013603,-0.561067377324));
#9380 = ( GEOMETRIC_REPRESENTATION_CONTEXT(2) 
PARAMETRIC_REPRESENTATION_CONTEXT() REPRESENTATION_CONTEXT('2D SPACE',''
  ) );
#9381 = ORIENTED_EDGE('',*,*,#9382,.F.);
#9382 = EDGE_CURVE('',#9383,#9360,#9385,.T.);
#9383 = VERTEX_POINT('',#9384);
#9384 = CARTESIAN_POINT('',(14.,3.,0.));
#9385 = SURFACE_CURVE('',#9386,(#9390),.PCURVE_S1.);
#9386 = LINE('',#9387,#9388);
#9387 = CARTESIAN_POINT('',(14.,3.,0.));
#9388 = VECTOR('',#9389,1.);
#9389 = DIRECTION('',(-0.161711430453,0.986838088676,0.));
#9390 = PCURVE('',#9370,#9391);
#9391 = DEFINITIONAL_REPRESENTATION('',(#9392),#9396);
#9392 = LINE('',#9393,#9394);
#9393 = CARTESIAN_POINT('',(-3.434017724043,-20.24317299648));
#9394 = VECTOR('',#9395,1.);
#9395 = DIRECTION('',(0.161711430453,0.986838088676));
#9396 = ( GEOMETRIC_REPRESENTATION_CONTEXT(2) 
PARAMETRIC_REPRESENTATION_CONTEXT() REPRESENTATION_CONTEXT('2D SPACE',''
  ) );
#9397 = ORIENTED_EDGE('',*,*,#9398,.F.);
#9398 = EDGE_CURVE('',#9362,#9383,#9399,.T.);
#9399 = SURFACE_CURVE('',#9400,(#9404),.PCURVE_S1.);
#9400 = LINE('',#9401,#9402);
#9401 = CARTESIAN_POINT('',(6.964000225067,43.096000671387,0.));
#9402 = VECTOR('',#9403,1.);
#9403 = DIRECTION('',(0.172837934267,-0.98495027716,0.));
#9404 = PCURVE('',#9370,#9405);
#9405 = DEFINITIONAL_REPRESENTATION('',(#9406),#9410);
#9406 = LINE('',#9407,#9408);
#9407 = CARTESIAN_POINT('',(3.601982050889,19.852827674905));
#9408 = VECTOR('',#9409,1.);
#9409 = DIRECTION('',(-0.172837934267,-0.98495027716));
#9410 = ( GEOMETRIC_REPRESENTATION_CONTEXT(2) 
PARAMETRIC_REPRESENTATION_CONTEXT() REPRESENTATION_CONTEXT('2D SPACE',''
  ) );
#9411 = SHELL_BASED_SURFACE_MODEL('',(#9412));
#9412 = OPEN_SHELL('',(#9413));
#9413 = ADVANCED_FACE('',(#9414),#9428,.T.);
#9414 = FACE_BOUND('',#9415,.T.);
#9415 = EDGE_LOOP('',(#9416,#9439,#9455));
#9416 = ORIENTED_EDGE('',*,*,#9417,.T.);
#9417 = EDGE_CURVE('',#9418,#9420,#9422,.T.);
#9418 = VERTEX_POINT('',#9419);
#9419 = CARTESIAN_POINT('',(14.,3.,0.));
#9420 = VERTEX_POINT('',#9421);
#9421 = CARTESIAN_POINT('',(15.,-47.,0.));
#9422 = SURFACE_CURVE('',#9423,(#9427),.PCURVE_S1.);
#9423 = LINE('',#9424,#9425);
#9424 = CARTESIAN_POINT('',(14.,3.,0.));
#9425 = VECTOR('',#9426,1.);
#9426 = DIRECTION('',(1.99960011996E-02,-0.99980005998,0.));
#9427 = PCURVE('',#9428,#9433);
#9428 = PLANE('',#9429);
#9429 = AXIS2_PLACEMENT_3D('',#9430,#9431,#9432);
#9430 = CARTESIAN_POINT('',(14.25249975005,-22.24750024995,0.));
#9431 = DIRECTION('',(-0.,-0.,-1.));
#9432 = DIRECTION('',(-1.,0.,0.));
#9433 = DEFINITIONAL_REPRESENTATION('',(#9434),#9438);
#9434 = LINE('',#9435,#9436);
#9435 = CARTESIAN_POINT('',(0.25249975005,25.24750024995));
#9436 = VECTOR('',#9437,1.);
#9437 = DIRECTION('',(-1.99960011996E-02,-0.99980005998));
#9438 = ( GEOMETRIC_REPRESENTATION_CONTEXT(2) 
PARAMETRIC_REPRESENTATION_CONTEXT() REPRESENTATION_CONTEXT('2D SPACE',''
  ) );
#9439 = ORIENTED_EDGE('',*,*,#9440,.T.);
#9440 = EDGE_CURVE('',#9420,#9441,#9443,.T.);
#9441 = VERTEX_POINT('',#9442);
#9442 = CARTESIAN_POINT('',(14.,-47.,0.));
#9443 = SURFACE_CURVE('',#9444,(#9448),.PCURVE_S1.);
#9444 = LINE('',#9445,#9446);
#9445 = CARTESIAN_POINT('',(15.,-47.,0.));
#9446 = VECTOR('',#9447,1.);
#9447 = DIRECTION('',(-1.,0.,0.));
#9448 = PCURVE('',#9428,#9449);
#9449 = DEFINITIONAL_REPRESENTATION('',(#9450),#9454);
#9450 = LINE('',#9451,#9452);
#9451 = CARTESIAN_POINT('',(-0.74750024995,-24.75249975005));
#9452 = VECTOR('',#9453,1.);
#9453 = DIRECTION('',(1.,0.));
#9454 = ( GEOMETRIC_REPRESENTATION_CONTEXT(2) 
PARAMETRIC_REPRESENTATION_CONTEXT() REPRESENTATION_CONTEXT('2D SPACE',''
  ) );
#9455 = ORIENTED_EDGE('',*,*,#9456,.F.);
#9456 = EDGE_CURVE('',#9418,#9441,#9457,.T.);
#9457 = SURFACE_CURVE('',#9458,(#9462),.PCURVE_S1.);
#9458 = LINE('',#9459,#9460);
#9459 = CARTESIAN_POINT('',(14.,3.,0.));
#9460 = VECTOR('',#9461,1.);
#9461 = DIRECTION('',(0.,-1.,0.));
#9462 = PCURVE('',#9428,#9463);
#9463 = DEFINITIONAL_REPRESENTATION('',(#9464),#9468);
#9464 = LINE('',#9465,#9466);
#9465 = CARTESIAN_POINT('',(0.25249975005,25.24750024995));
#9466 = VECTOR('',#9467,1.);
#9467 = DIRECTION('',(0.,-1.));
#9468 = ( GEOMETRIC_REPRESENTATION_CONTEXT(2) 
PARAMETRIC_REPRESENTATION_CONTEXT() REPRESENTATION_CONTEXT('2D SPACE',''
  ) );
#9469 = SHELL_BASED_SURFACE_MODEL('',(#9470));
#9470 = OPEN_SHELL('',(#9471));
#9471 = ADVANCED_FACE('',(#9472),#9486,.T.);
#9472 = FACE_BOUND('',#9473,.T.);
#9473 = EDGE_LOOP('',(#9474,#9497,#9513));
#9474 = ORIENTED_EDGE('',*,*,#9475,.F.);
#9475 = EDGE_CURVE('',#9476,#9478,#9480,.T.);
#9476 = VERTEX_POINT('',#9477);
#9477 = CARTESIAN_POINT('',(-17.,52.,3.));
#9478 = VERTEX_POINT('',#9479);
#9479 = CARTESIAN_POINT('',(11.,52.,3.));
#9480 = SURFACE_CURVE('',#9481,(#9485),.PCURVE_S1.);
#9481 = LINE('',#9482,#9483);
#9482 = CARTESIAN_POINT('',(-17.,52.,3.));
#9483 = VECTOR('',#9484,1.);
#9484 = DIRECTION('',(1.,0.,0.));
#9485 = PCURVE('',#9486,#9491);
#9486 = PLANE('',#9487);
#9487 = AXIS2_PLACEMENT_3D('',#9488,#9489,#9490);
#9488 = CARTESIAN_POINT('',(-2.60170667652,50.667254404323,3.));
#9489 = DIRECTION('',(0.,0.,1.));
#9490 = DIRECTION('',(1.,0.,-0.));
#9491 = DEFINITIONAL_REPRESENTATION('',(#9492),#9496);
#9492 = LINE('',#9493,#9494);
#9493 = CARTESIAN_POINT('',(-14.39829332348,1.332745595677));
#9494 = VECTOR('',#9495,1.);
#9495 = DIRECTION('',(1.,0.));
#9496 = ( GEOMETRIC_REPRESENTATION_CONTEXT(2) 
PARAMETRIC_REPRESENTATION_CONTEXT() REPRESENTATION_CONTEXT('2D SPACE',''
  ) );
#9497 = ORIENTED_EDGE('',*,*,#9498,.F.);
#9498 = EDGE_CURVE('',#9499,#9476,#9501,.T.);
#9499 = VERTEX_POINT('',#9500);
#9500 = CARTESIAN_POINT('',(6.035999774933,46.903999328613,3.));
#9501 = SURFACE_CURVE('',#9502,(#9506),.PCURVE_S1.);
#9502 = LINE('',#9503,#9504);
#9503 = CARTESIAN_POINT('',(6.035999774933,46.903999328613,3.));
#9504 = VECTOR('',#9505,1.);
#9505 = DIRECTION('',(-0.976394047396,0.21599690787,0.));
#9506 = PCURVE('',#9486,#9507);
#9507 = DEFINITIONAL_REPRESENTATION('',(#9508),#9512);
#9508 = LINE('',#9509,#9510);
#9509 = CARTESIAN_POINT('',(8.637706451453,-3.763255075709));
#9510 = VECTOR('',#9511,1.);
#9511 = DIRECTION('',(-0.976394047396,0.21599690787));
#9512 = ( GEOMETRIC_REPRESENTATION_CONTEXT(2) 
PARAMETRIC_REPRESENTATION_CONTEXT() REPRESENTATION_CONTEXT('2D SPACE',''
  ) );
#9513 = ORIENTED_EDGE('',*,*,#9514,.T.);
#9514 = EDGE_CURVE('',#9499,#9478,#9515,.T.);
#9515 = SURFACE_CURVE('',#9516,(#9520),.PCURVE_S1.);
#9516 = LINE('',#9517,#9518);
#9517 = CARTESIAN_POINT('',(6.035999774933,46.903999328613,3.));
#9518 = VECTOR('',#9519,1.);
#9519 = DIRECTION('',(0.69776854553,0.716323290748,0.));
#9520 = PCURVE('',#9486,#9521);
#9521 = DEFINITIONAL_REPRESENTATION('',(#9522),#9526);
#9522 = LINE('',#9523,#9524);
#9523 = CARTESIAN_POINT('',(8.637706451453,-3.763255075709));
#9524 = VECTOR('',#9525,1.);
#9525 = DIRECTION('',(0.69776854553,0.716323290748));
#9526 = ( GEOMETRIC_REPRESENTATION_CONTEXT(2) 
PARAMETRIC_REPRESENTATION_CONTEXT() REPRESENTATION_CONTEXT('2D SPACE',''
  ) );
#9527 = SHELL_BASED_SURFACE_MODEL('',(#9528));
#9528 = OPEN_SHELL('',(#9529));
#9529 = ADVANCED_FACE('',(#9530),#9544,.T.);
#9530 = FACE_BOUND('',#9531,.T.);
#9531 = EDGE_LOOP('',(#9532,#9555,#9571));
#9532 = ORIENTED_EDGE('',*,*,#9533,.T.);
#9533 = EDGE_CURVE('',#9534,#9536,#9538,.T.);
#9534 = VERTEX_POINT('',#9535);
#9535 = CARTESIAN_POINT('',(5.283999919891,46.176998138428,0.));
#9536 = VERTEX_POINT('',#9537);
#9537 = CARTESIAN_POINT('',(-18.,52.,0.));
#9538 = SURFACE_CURVE('',#9539,(#9543),.PCURVE_S1.);
#9539 = LINE('',#9540,#9541);
#9540 = CARTESIAN_POINT('',(5.283999919891,46.176998138428,0.));
#9541 = VECTOR('',#9542,1.);
#9542 = DIRECTION('',(-0.970122871565,0.242614125859,0.));
#9543 = PCURVE('',#9544,#9549);
#9544 = PLANE('',#9545);
#9545 = AXIS2_PLACEMENT_3D('',#9546,#9547,#9548);
#9546 = CARTESIAN_POINT('',(-6.141152242994,49.167929214286,0.));
#9547 = DIRECTION('',(-0.,-0.,-1.));
#9548 = DIRECTION('',(-1.,0.,0.));
#9549 = DEFINITIONAL_REPRESENTATION('',(#9550),#9554);
#9550 = LINE('',#9551,#9552);
#9551 = CARTESIAN_POINT('',(-11.42515216288,-2.990931075858));
#9552 = VECTOR('',#9553,1.);
#9553 = DIRECTION('',(0.970122871565,0.242614125859));
#9554 = ( GEOMETRIC_REPRESENTATION_CONTEXT(2) 
PARAMETRIC_REPRESENTATION_CONTEXT() REPRESENTATION_CONTEXT('2D SPACE',''
  ) );
#9555 = ORIENTED_EDGE('',*,*,#9556,.F.);
#9556 = EDGE_CURVE('',#9557,#9536,#9559,.T.);
#9557 = VERTEX_POINT('',#9558);
#9558 = CARTESIAN_POINT('',(5.617000102997,46.619998931885,0.));
#9559 = SURFACE_CURVE('',#9560,(#9564),.PCURVE_S1.);
#9560 = LINE('',#9561,#9562);
#9561 = CARTESIAN_POINT('',(5.617000102997,46.619998931885,0.));
#9562 = VECTOR('',#9563,1.);
#9563 = DIRECTION('',(-0.975021197464,0.222111828806,0.));
#9564 = PCURVE('',#9544,#9565);
#9565 = DEFINITIONAL_REPRESENTATION('',(#9566),#9570);
#9566 = LINE('',#9567,#9568);
#9567 = CARTESIAN_POINT('',(-11.75815234599,-2.547930282401));
#9568 = VECTOR('',#9569,1.);
#9569 = DIRECTION('',(0.975021197464,0.222111828806));
#9570 = ( GEOMETRIC_REPRESENTATION_CONTEXT(2) 
PARAMETRIC_REPRESENTATION_CONTEXT() REPRESENTATION_CONTEXT('2D SPACE',''
  ) );
#9571 = ORIENTED_EDGE('',*,*,#9572,.F.);
#9572 = EDGE_CURVE('',#9534,#9557,#9573,.T.);
#9573 = SURFACE_CURVE('',#9574,(#9578),.PCURVE_S1.);
#9574 = LINE('',#9575,#9576);
#9575 = CARTESIAN_POINT('',(5.283999919891,46.176998138428,0.));
#9576 = VECTOR('',#9577,1.);
#9577 = DIRECTION('',(0.60086528463,0.799350304764,0.));
#9578 = PCURVE('',#9544,#9579);
#9579 = DEFINITIONAL_REPRESENTATION('',(#9580),#9584);
#9580 = LINE('',#9581,#9582);
#9581 = CARTESIAN_POINT('',(-11.42515216288,-2.990931075858));
#9582 = VECTOR('',#9583,1.);
#9583 = DIRECTION('',(-0.60086528463,0.799350304764));
#9584 = ( GEOMETRIC_REPRESENTATION_CONTEXT(2) 
PARAMETRIC_REPRESENTATION_CONTEXT() REPRESENTATION_CONTEXT('2D SPACE',''
  ) );
#9585 = SHELL_BASED_SURFACE_MODEL('',(#9586));
#9586 = OPEN_SHELL('',(#9587));
#9587 = ADVANCED_FACE('',(#9588),#9602,.T.);
#9588 = FACE_BOUND('',#9589,.T.);
#9589 = EDGE_LOOP('',(#9590,#9613,#9629));
#9590 = ORIENTED_EDGE('',*,*,#9591,.T.);
#9591 = EDGE_CURVE('',#9592,#9594,#9596,.T.);
#9592 = VERTEX_POINT('',#9593);
#9593 = CARTESIAN_POINT('',(5.071000099182,45.618999481201,0.));
#9594 = VERTEX_POINT('',#9595);
#9595 = CARTESIAN_POINT('',(-18.,52.,0.));
#9596 = SURFACE_CURVE('',#9597,(#9601),.PCURVE_S1.);
#9597 = LINE('',#9598,#9599);
#9598 = CARTESIAN_POINT('',(5.071000099182,45.618999481201,0.));
#9599 = VECTOR('',#9600,1.);
#9600 = DIRECTION('',(-0.963814768975,0.266572862659,0.));
#9601 = PCURVE('',#9602,#9607);
#9602 = PLANE('',#9603);
#9603 = AXIS2_PLACEMENT_3D('',#9604,#9605,#9606);
#9604 = CARTESIAN_POINT('',(-6.268570676663,48.911637999056,0.));
#9605 = DIRECTION('',(-0.,-0.,-1.));
#9606 = DIRECTION('',(-1.,0.,0.));
#9607 = DEFINITIONAL_REPRESENTATION('',(#9608),#9612);
#9608 = LINE('',#9609,#9610);
#9609 = CARTESIAN_POINT('',(-11.33957077584,-3.292638517855));
#9610 = VECTOR('',#9611,1.);
#9611 = DIRECTION('',(0.963814768975,0.266572862659));
#9612 = ( GEOMETRIC_REPRESENTATION_CONTEXT(2) 
PARAMETRIC_REPRESENTATION_CONTEXT() REPRESENTATION_CONTEXT('2D SPACE',''
  ) );
#9613 = ORIENTED_EDGE('',*,*,#9614,.F.);
#9614 = EDGE_CURVE('',#9615,#9594,#9617,.T.);
#9615 = VERTEX_POINT('',#9616);
#9616 = CARTESIAN_POINT('',(5.283999919891,46.176998138428,0.));
#9617 = SURFACE_CURVE('',#9618,(#9622),.PCURVE_S1.);
#9618 = LINE('',#9619,#9620);
#9619 = CARTESIAN_POINT('',(5.283999919891,46.176998138428,0.));
#9620 = VECTOR('',#9621,1.);
#9621 = DIRECTION('',(-0.970122871565,0.242614125859,0.));
#9622 = PCURVE('',#9602,#9623);
#9623 = DEFINITIONAL_REPRESENTATION('',(#9624),#9628);
#9624 = LINE('',#9625,#9626);
#9625 = CARTESIAN_POINT('',(-11.55257059655,-2.734639860628));
#9626 = VECTOR('',#9627,1.);
#9627 = DIRECTION('',(0.970122871565,0.242614125859));
#9628 = ( GEOMETRIC_REPRESENTATION_CONTEXT(2) 
PARAMETRIC_REPRESENTATION_CONTEXT() REPRESENTATION_CONTEXT('2D SPACE',''
  ) );
#9629 = ORIENTED_EDGE('',*,*,#9630,.F.);
#9630 = EDGE_CURVE('',#9592,#9615,#9631,.T.);
#9631 = SURFACE_CURVE('',#9632,(#9636),.PCURVE_S1.);
#9632 = LINE('',#9633,#9634);
#9633 = CARTESIAN_POINT('',(5.071000099182,45.618999481201,0.));
#9634 = VECTOR('',#9635,1.);
#9635 = DIRECTION('',(0.356622346698,0.934248629561,0.));
#9636 = PCURVE('',#9602,#9637);
#9637 = DEFINITIONAL_REPRESENTATION('',(#9638),#9642);
#9638 = LINE('',#9639,#9640);
#9639 = CARTESIAN_POINT('',(-11.33957077584,-3.292638517855));
#9640 = VECTOR('',#9641,1.);
#9641 = DIRECTION('',(-0.356622346698,0.934248629561));
#9642 = ( GEOMETRIC_REPRESENTATION_CONTEXT(2) 
PARAMETRIC_REPRESENTATION_CONTEXT() REPRESENTATION_CONTEXT('2D SPACE',''
  ) );
#9643 = SHELL_BASED_SURFACE_MODEL('',(#9644));
#9644 = OPEN_SHELL('',(#9645));
#9645 = ADVANCED_FACE('',(#9646),#9660,.T.);
#9646 = FACE_BOUND('',#9647,.T.);
#9647 = EDGE_LOOP('',(#9648,#9671,#9687));
#9648 = ORIENTED_EDGE('',*,*,#9649,.T.);
#9649 = EDGE_CURVE('',#9650,#9652,#9654,.T.);
#9650 = VERTEX_POINT('',#9651);
#9651 = CARTESIAN_POINT('',(4.998000144958,45.,0.));
#9652 = VERTEX_POINT('',#9653);
#9653 = CARTESIAN_POINT('',(-18.,52.,0.));
#9654 = SURFACE_CURVE('',#9655,(#9659),.PCURVE_S1.);
#9655 = LINE('',#9656,#9657);
#9656 = CARTESIAN_POINT('',(4.998000144958,45.,0.));
#9657 = VECTOR('',#9658,1.);
#9658 = DIRECTION('',(-0.956666827741,0.291184787894,0.));
#9659 = PCURVE('',#9660,#9665);
#9660 = PLANE('',#9661);
#9661 = AXIS2_PLACEMENT_3D('',#9662,#9663,#9664);
#9662 = CARTESIAN_POINT('',(-6.335081645964,48.611521080224,0.));
#9663 = DIRECTION('',(-0.,-0.,-1.));
#9664 = DIRECTION('',(-1.,0.,0.));
#9665 = DEFINITIONAL_REPRESENTATION('',(#9666),#9670);
#9666 = LINE('',#9667,#9668);
#9667 = CARTESIAN_POINT('',(-11.33308179092,-3.611521080224));
#9668 = VECTOR('',#9669,1.);
#9669 = DIRECTION('',(0.956666827741,0.291184787894));
#9670 = ( GEOMETRIC_REPRESENTATION_CONTEXT(2) 
PARAMETRIC_REPRESENTATION_CONTEXT() REPRESENTATION_CONTEXT('2D SPACE',''
  ) );
#9671 = ORIENTED_EDGE('',*,*,#9672,.F.);
#9672 = EDGE_CURVE('',#9673,#9652,#9675,.T.);
#9673 = VERTEX_POINT('',#9674);
#9674 = CARTESIAN_POINT('',(5.071000099182,45.618999481201,0.));
#9675 = SURFACE_CURVE('',#9676,(#9680),.PCURVE_S1.);
#9676 = LINE('',#9677,#9678);
#9677 = CARTESIAN_POINT('',(5.071000099182,45.618999481201,0.));
#9678 = VECTOR('',#9679,1.);
#9679 = DIRECTION('',(-0.963814768975,0.266572862659,0.));
#9680 = PCURVE('',#9660,#9681);
#9681 = DEFINITIONAL_REPRESENTATION('',(#9682),#9686);
#9682 = LINE('',#9683,#9684);
#9683 = CARTESIAN_POINT('',(-11.40608174514,-2.992521599023));
#9684 = VECTOR('',#9685,1.);
#9685 = DIRECTION('',(0.963814768975,0.266572862659));
#9686 = ( GEOMETRIC_REPRESENTATION_CONTEXT(2) 
PARAMETRIC_REPRESENTATION_CONTEXT() REPRESENTATION_CONTEXT('2D SPACE',''
  ) );
#9687 = ORIENTED_EDGE('',*,*,#9688,.F.);
#9688 = EDGE_CURVE('',#9650,#9673,#9689,.T.);
#9689 = SURFACE_CURVE('',#9690,(#9694),.PCURVE_S1.);
#9690 = LINE('',#9691,#9692);
#9691 = CARTESIAN_POINT('',(4.998000144958,45.,0.));
#9692 = VECTOR('',#9693,1.);
#9693 = DIRECTION('',(0.117120529835,0.993117707772,0.));
#9694 = PCURVE('',#9660,#9695);
#9695 = DEFINITIONAL_REPRESENTATION('',(#9696),#9700);
#9696 = LINE('',#9697,#9698);
#9697 = CARTESIAN_POINT('',(-11.33308179092,-3.611521080224));
#9698 = VECTOR('',#9699,1.);
#9699 = DIRECTION('',(-0.117120529835,0.993117707772));
#9700 = ( GEOMETRIC_REPRESENTATION_CONTEXT(2) 
PARAMETRIC_REPRESENTATION_CONTEXT() REPRESENTATION_CONTEXT('2D SPACE',''
  ) );
#9701 = SHELL_BASED_SURFACE_MODEL('',(#9702));
#9702 = OPEN_SHELL('',(#9703));
#9703 = ADVANCED_FACE('',(#9704),#9718,.T.);
#9704 = FACE_BOUND('',#9705,.T.);
#9705 = EDGE_LOOP('',(#9706,#9729,#9745));
#9706 = ORIENTED_EDGE('',*,*,#9707,.F.);
#9707 = EDGE_CURVE('',#9708,#9710,#9712,.T.);
#9708 = VERTEX_POINT('',#9709);
#9709 = CARTESIAN_POINT('',(-6.002999782562,7.002999782562,0.));
#9710 = VERTEX_POINT('',#9711);
#9711 = CARTESIAN_POINT('',(6.035999774933,43.096000671387,0.));
#9712 = SURFACE_CURVE('',#9713,(#9717),.PCURVE_S1.);
#9713 = LINE('',#9714,#9715);
#9714 = CARTESIAN_POINT('',(-6.002999782562,7.002999782562,0.));
#9715 = VECTOR('',#9716,1.);
#9716 = DIRECTION('',(0.316416977431,0.948620206613,0.));
#9717 = PCURVE('',#9718,#9723);
#9718 = PLANE('',#9719);
#9719 = AXIS2_PLACEMENT_3D('',#9720,#9721,#9722);
#9720 = CARTESIAN_POINT('',(-1.883697051719,24.878539864134,0.));
#9721 = DIRECTION('',(-0.,-0.,-1.));
#9722 = DIRECTION('',(-1.,0.,0.));
#9723 = DEFINITIONAL_REPRESENTATION('',(#9724),#9728);
#9724 = LINE('',#9725,#9726);
#9725 = CARTESIAN_POINT('',(4.119302730843,-17.87554008157));
#9726 = VECTOR('',#9727,1.);
#9727 = DIRECTION('',(-0.316416977431,0.948620206613));
#9728 = ( GEOMETRIC_REPRESENTATION_CONTEXT(2) 
PARAMETRIC_REPRESENTATION_CONTEXT() REPRESENTATION_CONTEXT('2D SPACE',''
  ) );
#9729 = ORIENTED_EDGE('',*,*,#9730,.F.);
#9730 = EDGE_CURVE('',#9731,#9708,#9733,.T.);
#9731 = VERTEX_POINT('',#9732);
#9732 = CARTESIAN_POINT('',(-10.99800014495,13.,0.));
#9733 = SURFACE_CURVE('',#9734,(#9738),.PCURVE_S1.);
#9734 = LINE('',#9735,#9736);
#9735 = CARTESIAN_POINT('',(-10.99800014495,13.,0.));
#9736 = VECTOR('',#9737,1.);
#9737 = DIRECTION('',(0.639995353872,-0.768378778353,0.));
#9738 = PCURVE('',#9718,#9739);
#9739 = DEFINITIONAL_REPRESENTATION('',(#9740),#9744);
#9740 = LINE('',#9741,#9742);
#9741 = CARTESIAN_POINT('',(9.114303093239,-11.87853986413));
#9742 = VECTOR('',#9743,1.);
#9743 = DIRECTION('',(-0.639995353872,-0.768378778353));
#9744 = ( GEOMETRIC_REPRESENTATION_CONTEXT(2) 
PARAMETRIC_REPRESENTATION_CONTEXT() REPRESENTATION_CONTEXT('2D SPACE',''
  ) );
#9745 = ORIENTED_EDGE('',*,*,#9746,.T.);
#9746 = EDGE_CURVE('',#9731,#9710,#9747,.T.);
#9747 = SURFACE_CURVE('',#9748,(#9752),.PCURVE_S1.);
#9748 = LINE('',#9749,#9750);
#9749 = CARTESIAN_POINT('',(-10.99800014495,13.,0.));
#9750 = VECTOR('',#9751,1.);
#9751 = DIRECTION('',(0.492565979355,0.870275103621,0.));
#9752 = PCURVE('',#9718,#9753);
#9753 = DEFINITIONAL_REPRESENTATION('',(#9754),#9758);
#9754 = LINE('',#9755,#9756);
#9755 = CARTESIAN_POINT('',(9.114303093239,-11.87853986413));
#9756 = VECTOR('',#9757,1.);
#9757 = DIRECTION('',(-0.492565979355,0.870275103621));
#9758 = ( GEOMETRIC_REPRESENTATION_CONTEXT(2) 
PARAMETRIC_REPRESENTATION_CONTEXT() REPRESENTATION_CONTEXT('2D SPACE',''
  ) );
#9759 = SHELL_BASED_SURFACE_MODEL('',(#9760));
#9760 = OPEN_SHELL('',(#9761));
#9761 = ADVANCED_FACE('',(#9762),#9776,.T.);
#9762 = FACE_BOUND('',#9763,.T.);
#9763 = EDGE_LOOP('',(#9764,#9787,#9803));
#9764 = ORIENTED_EDGE('',*,*,#9765,.F.);
#9765 = EDGE_CURVE('',#9766,#9768,#9770,.T.);
#9766 = VERTEX_POINT('',#9767);
#9767 = CARTESIAN_POINT('',(4.998000144958,45.,0.));
#9768 = VERTEX_POINT('',#9769);
#9769 = CARTESIAN_POINT('',(-18.,52.,0.));
#9770 = SURFACE_CURVE('',#9771,(#9775),.PCURVE_S1.);
#9771 = LINE('',#9772,#9773);
#9772 = CARTESIAN_POINT('',(4.998000144958,45.,0.));
#9773 = VECTOR('',#9774,1.);
#9774 = DIRECTION('',(-0.956666827741,0.291184787894,0.));
#9775 = PCURVE('',#9776,#9781);
#9776 = PLANE('',#9777);
#9777 = AXIS2_PLACEMENT_3D('',#9778,#9779,#9780);
#9778 = CARTESIAN_POINT('',(-6.336031499311,48.297910934923,0.));
#9779 = DIRECTION('',(-0.,-0.,-1.));
#9780 = DIRECTION('',(-1.,0.,0.));
#9781 = DEFINITIONAL_REPRESENTATION('',(#9782),#9786);
#9782 = LINE('',#9783,#9784);
#9783 = CARTESIAN_POINT('',(-11.33403164427,-3.297910934923));
#9784 = VECTOR('',#9785,1.);
#9785 = DIRECTION('',(0.956666827741,0.291184787894));
#9786 = ( GEOMETRIC_REPRESENTATION_CONTEXT(2) 
PARAMETRIC_REPRESENTATION_CONTEXT() REPRESENTATION_CONTEXT('2D SPACE',''
  ) );
#9787 = ORIENTED_EDGE('',*,*,#9788,.F.);
#9788 = EDGE_CURVE('',#9789,#9766,#9791,.T.);
#9789 = VERTEX_POINT('',#9790);
#9790 = CARTESIAN_POINT('',(5.071000099182,44.381000518799,0.));
#9791 = SURFACE_CURVE('',#9792,(#9796),.PCURVE_S1.);
#9792 = LINE('',#9793,#9794);
#9793 = CARTESIAN_POINT('',(5.071000099182,44.381000518799,0.));
#9794 = VECTOR('',#9795,1.);
#9795 = DIRECTION('',(-0.117120529835,0.993117707772,0.));
#9796 = PCURVE('',#9776,#9797);
#9797 = DEFINITIONAL_REPRESENTATION('',(#9798),#9802);
#9798 = LINE('',#9799,#9800);
#9799 = CARTESIAN_POINT('',(-11.40703159849,-3.916910416124));
#9800 = VECTOR('',#9801,1.);
#9801 = DIRECTION('',(0.117120529835,0.993117707772));
#9802 = ( GEOMETRIC_REPRESENTATION_CONTEXT(2) 
PARAMETRIC_REPRESENTATION_CONTEXT() REPRESENTATION_CONTEXT('2D SPACE',''
  ) );
#9803 = ORIENTED_EDGE('',*,*,#9804,.F.);
#9804 = EDGE_CURVE('',#9768,#9789,#9805,.T.);
#9805 = SURFACE_CURVE('',#9806,(#9810),.PCURVE_S1.);
#9806 = LINE('',#9807,#9808);
#9807 = CARTESIAN_POINT('',(-18.,52.,0.));
#9808 = VECTOR('',#9809,1.);
#9809 = DIRECTION('',(0.949560410026,-0.31358416368,0.));
#9810 = PCURVE('',#9776,#9811);
#9811 = DEFINITIONAL_REPRESENTATION('',(#9812),#9816);
#9812 = LINE('',#9813,#9814);
#9813 = CARTESIAN_POINT('',(11.663968500689,3.702089065077));
#9814 = VECTOR('',#9815,1.);
#9815 = DIRECTION('',(-0.949560410026,-0.31358416368));
#9816 = ( GEOMETRIC_REPRESENTATION_CONTEXT(2) 
PARAMETRIC_REPRESENTATION_CONTEXT() REPRESENTATION_CONTEXT('2D SPACE',''
  ) );
#9817 = SHELL_BASED_SURFACE_MODEL('',(#9818));
#9818 = OPEN_SHELL('',(#9819));
#9819 = ADVANCED_FACE('',(#9820),#9834,.T.);
#9820 = FACE_BOUND('',#9821,.T.);
#9821 = EDGE_LOOP('',(#9822,#9845,#9861));
#9822 = ORIENTED_EDGE('',*,*,#9823,.F.);
#9823 = EDGE_CURVE('',#9824,#9826,#9828,.T.);
#9824 = VERTEX_POINT('',#9825);
#9825 = CARTESIAN_POINT('',(-10.99800014495,13.,0.));
#9826 = VERTEX_POINT('',#9827);
#9827 = CARTESIAN_POINT('',(6.035999774933,43.096000671387,0.));
#9828 = SURFACE_CURVE('',#9829,(#9833),.PCURVE_S1.);
#9829 = LINE('',#9830,#9831);
#9830 = CARTESIAN_POINT('',(-10.99800014495,13.,0.));
#9831 = VECTOR('',#9832,1.);
#9832 = DIRECTION('',(0.492565979355,0.870275103621,0.));
#9833 = PCURVE('',#9834,#9839);
#9834 = PLANE('',#9835);
#9835 = AXIS2_PLACEMENT_3D('',#9836,#9837,#9838);
#9836 = CARTESIAN_POINT('',(-2.575899580506,28.067655500588,0.));
#9837 = DIRECTION('',(-0.,-0.,-1.));
#9838 = DIRECTION('',(-1.,0.,0.));
#9839 = DEFINITIONAL_REPRESENTATION('',(#9840),#9844);
#9840 = LINE('',#9841,#9842);
#9841 = CARTESIAN_POINT('',(8.422100564453,-15.06765550058));
#9842 = VECTOR('',#9843,1.);
#9843 = DIRECTION('',(-0.492565979355,0.870275103621));
#9844 = ( GEOMETRIC_REPRESENTATION_CONTEXT(2) 
PARAMETRIC_REPRESENTATION_CONTEXT() REPRESENTATION_CONTEXT('2D SPACE',''
  ) );
#9845 = ORIENTED_EDGE('',*,*,#9846,.T.);
#9846 = EDGE_CURVE('',#9824,#9847,#9849,.T.);
#9847 = VERTEX_POINT('',#9848);
#9848 = CARTESIAN_POINT('',(-11.07100009918,13.619000434875,0.));
#9849 = SURFACE_CURVE('',#9850,(#9854),.PCURVE_S1.);
#9850 = LINE('',#9851,#9852);
#9851 = CARTESIAN_POINT('',(-10.99800014495,13.,0.));
#9852 = VECTOR('',#9853,1.);
#9853 = DIRECTION('',(-0.117120351867,0.993117728761,0.));
#9854 = PCURVE('',#9834,#9855);
#9855 = DEFINITIONAL_REPRESENTATION('',(#9856),#9860);
#9856 = LINE('',#9857,#9858);
#9857 = CARTESIAN_POINT('',(8.422100564453,-15.06765550058));
#9858 = VECTOR('',#9859,1.);
#9859 = DIRECTION('',(0.117120351867,0.993117728761));
#9860 = ( GEOMETRIC_REPRESENTATION_CONTEXT(2) 
PARAMETRIC_REPRESENTATION_CONTEXT() REPRESENTATION_CONTEXT('2D SPACE',''
  ) );
#9861 = ORIENTED_EDGE('',*,*,#9862,.F.);
#9862 = EDGE_CURVE('',#9826,#9847,#9863,.T.);
#9863 = SURFACE_CURVE('',#9864,(#9868),.PCURVE_S1.);
#9864 = LINE('',#9865,#9866);
#9865 = CARTESIAN_POINT('',(6.035999774933,43.096000671387,0.));
#9866 = VECTOR('',#9867,1.);
#9867 = DIRECTION('',(-0.501945087926,-0.864899490523,0.));
#9868 = PCURVE('',#9834,#9869);
#9869 = DEFINITIONAL_REPRESENTATION('',(#9870),#9874);
#9870 = LINE('',#9871,#9872);
#9871 = CARTESIAN_POINT('',(-8.611899355438,15.028345170798));
#9872 = VECTOR('',#9873,1.);
#9873 = DIRECTION('',(0.501945087926,-0.864899490523));
#9874 = ( GEOMETRIC_REPRESENTATION_CONTEXT(2) 
PARAMETRIC_REPRESENTATION_CONTEXT() REPRESENTATION_CONTEXT('2D SPACE',''
  ) );
#9875 = SHELL_BASED_SURFACE_MODEL('',(#9876));
#9876 = OPEN_SHELL('',(#9877));
#9877 = ADVANCED_FACE('',(#9878),#9892,.T.);
#9878 = FACE_BOUND('',#9879,.T.);
#9879 = EDGE_LOOP('',(#9880,#9903,#9919));
#9880 = ORIENTED_EDGE('',*,*,#9881,.F.);
#9881 = EDGE_CURVE('',#9882,#9884,#9886,.T.);
#9882 = VERTEX_POINT('',#9883);
#9883 = CARTESIAN_POINT('',(-17.,-48.,0.));
#9884 = VERTEX_POINT('',#9885);
#9885 = CARTESIAN_POINT('',(-17.,-47.,3.));
#9886 = SURFACE_CURVE('',#9887,(#9891),.PCURVE_S1.);
#9887 = LINE('',#9888,#9889);
#9888 = CARTESIAN_POINT('',(-17.,-48.,0.));
#9889 = VECTOR('',#9890,1.);
#9890 = DIRECTION('',(0.,0.316227766017,0.948683298051));
#9891 = PCURVE('',#9892,#9897);
#9892 = PLANE('',#9893);
#9893 = AXIS2_PLACEMENT_3D('',#9894,#9895,#9896);
#9894 = CARTESIAN_POINT('',(-17.,-47.29056941504,1.290569415042));
#9895 = DIRECTION('',(1.,0.,0.));
#9896 = DIRECTION('',(-0.,0.,1.));
#9897 = DEFINITIONAL_REPRESENTATION('',(#9898),#9902);
#9898 = LINE('',#9899,#9900);
#9899 = CARTESIAN_POINT('',(-1.290569415042,0.709430584958));
#9900 = VECTOR('',#9901,1.);
#9901 = DIRECTION('',(0.948683298051,-0.316227766017));
#9902 = ( GEOMETRIC_REPRESENTATION_CONTEXT(2) 
PARAMETRIC_REPRESENTATION_CONTEXT() REPRESENTATION_CONTEXT('2D SPACE',''
  ) );
#9903 = ORIENTED_EDGE('',*,*,#9904,.F.);
#9904 = EDGE_CURVE('',#9905,#9882,#9907,.T.);
#9905 = VERTEX_POINT('',#9906);
#9906 = CARTESIAN_POINT('',(-17.,-47.,0.));
#9907 = SURFACE_CURVE('',#9908,(#9912),.PCURVE_S1.);
#9908 = LINE('',#9909,#9910);
#9909 = CARTESIAN_POINT('',(-17.,-47.,0.));
#9910 = VECTOR('',#9911,1.);
#9911 = DIRECTION('',(0.,-1.,0.));
#9912 = PCURVE('',#9892,#9913);
#9913 = DEFINITIONAL_REPRESENTATION('',(#9914),#9918);
#9914 = LINE('',#9915,#9916);
#9915 = CARTESIAN_POINT('',(-1.290569415042,-0.290569415042));
#9916 = VECTOR('',#9917,1.);
#9917 = DIRECTION('',(0.,1.));
#9918 = ( GEOMETRIC_REPRESENTATION_CONTEXT(2) 
PARAMETRIC_REPRESENTATION_CONTEXT() REPRESENTATION_CONTEXT('2D SPACE',''
  ) );
#9919 = ORIENTED_EDGE('',*,*,#9920,.T.);
#9920 = EDGE_CURVE('',#9905,#9884,#9921,.T.);
#9921 = SURFACE_CURVE('',#9922,(#9926),.PCURVE_S1.);
#9922 = LINE('',#9923,#9924);
#9923 = CARTESIAN_POINT('',(-17.,-47.,0.));
#9924 = VECTOR('',#9925,1.);
#9925 = DIRECTION('',(0.,0.,1.));
#9926 = PCURVE('',#9892,#9927);
#9927 = DEFINITIONAL_REPRESENTATION('',(#9928),#9932);
#9928 = LINE('',#9929,#9930);
#9929 = CARTESIAN_POINT('',(-1.290569415042,-0.290569415042));
#9930 = VECTOR('',#9931,1.);
#9931 = DIRECTION('',(1.,0.));
#9932 = ( GEOMETRIC_REPRESENTATION_CONTEXT(2) 
PARAMETRIC_REPRESENTATION_CONTEXT() REPRESENTATION_CONTEXT('2D SPACE',''
  ) );
#9933 = SHELL_BASED_SURFACE_MODEL('',(#9934));
#9934 = OPEN_SHELL('',(#9935));
#9935 = ADVANCED_FACE('',(#9936),#9950,.T.);
#9936 = FACE_BOUND('',#9937,.T.);
#9937 = EDGE_LOOP('',(#9938,#9961,#9977));
#9938 = ORIENTED_EDGE('',*,*,#9939,.F.);
#9939 = EDGE_CURVE('',#9940,#9942,#9944,.T.);
#9940 = VERTEX_POINT('',#9941);
#9941 = CARTESIAN_POINT('',(-20.,-48.,18.));
#9942 = VERTEX_POINT('',#9943);
#9943 = CARTESIAN_POINT('',(-17.,-48.,0.));
#9944 = SURFACE_CURVE('',#9945,(#9949),.PCURVE_S1.);
#9945 = LINE('',#9946,#9947);
#9946 = CARTESIAN_POINT('',(-20.,-48.,18.));
#9947 = VECTOR('',#9948,1.);
#9948 = DIRECTION('',(0.164398987305,0.,-0.986393923832));
#9949 = PCURVE('',#9950,#9955);
#9950 = PLANE('',#9951);
#9951 = AXIS2_PLACEMENT_3D('',#9952,#9953,#9954);
#9952 = CARTESIAN_POINT('',(-19.18792810227,-48.,8.312071897724));
#9953 = DIRECTION('',(-0.,-1.,-0.));
#9954 = DIRECTION('',(0.,0.,-1.));
#9955 = DEFINITIONAL_REPRESENTATION('',(#9956),#9960);
#9956 = LINE('',#9957,#9958);
#9957 = CARTESIAN_POINT('',(-9.687928102276,-0.812071897724));
#9958 = VECTOR('',#9959,1.);
#9959 = DIRECTION('',(0.986393923832,0.164398987305));
#9960 = ( GEOMETRIC_REPRESENTATION_CONTEXT(2) 
PARAMETRIC_REPRESENTATION_CONTEXT() REPRESENTATION_CONTEXT('2D SPACE',''
  ) );
#9961 = ORIENTED_EDGE('',*,*,#9962,.T.);
#9962 = EDGE_CURVE('',#9940,#9963,#9965,.T.);
#9963 = VERTEX_POINT('',#9964);
#9964 = CARTESIAN_POINT('',(-20.,-48.,0.));
#9965 = SURFACE_CURVE('',#9966,(#9970),.PCURVE_S1.);
#9966 = LINE('',#9967,#9968);
#9967 = CARTESIAN_POINT('',(-20.,-48.,18.));
#9968 = VECTOR('',#9969,1.);
#9969 = DIRECTION('',(0.,0.,-1.));
#9970 = PCURVE('',#9950,#9971);
#9971 = DEFINITIONAL_REPRESENTATION('',(#9972),#9976);
#9972 = LINE('',#9973,#9974);
#9973 = CARTESIAN_POINT('',(-9.687928102276,-0.812071897724));
#9974 = VECTOR('',#9975,1.);
#9975 = DIRECTION('',(1.,0.));
#9976 = ( GEOMETRIC_REPRESENTATION_CONTEXT(2) 
PARAMETRIC_REPRESENTATION_CONTEXT() REPRESENTATION_CONTEXT('2D SPACE',''
  ) );
#9977 = ORIENTED_EDGE('',*,*,#9978,.F.);
#9978 = EDGE_CURVE('',#9942,#9963,#9979,.T.);
#9979 = SURFACE_CURVE('',#9980,(#9984),.PCURVE_S1.);
#9980 = LINE('',#9981,#9982);
#9981 = CARTESIAN_POINT('',(-17.,-48.,0.));
#9982 = VECTOR('',#9983,1.);
#9983 = DIRECTION('',(-1.,0.,0.));
#9984 = PCURVE('',#9950,#9985);
#9985 = DEFINITIONAL_REPRESENTATION('',(#9986),#9990);
#9986 = LINE('',#9987,#9988);
#9987 = CARTESIAN_POINT('',(8.312071897724,2.187928102276));
#9988 = VECTOR('',#9989,1.);
#9989 = DIRECTION('',(0.,-1.));
#9990 = ( GEOMETRIC_REPRESENTATION_CONTEXT(2) 
PARAMETRIC_REPRESENTATION_CONTEXT() REPRESENTATION_CONTEXT('2D SPACE',''
  ) );
#9991 = SHELL_BASED_SURFACE_MODEL('',(#9992));
#9992 = OPEN_SHELL('',(#9993));
#9993 = ADVANCED_FACE('',(#9994),#10008,.T.);
#9994 = FACE_BOUND('',#9995,.T.);
#9995 = EDGE_LOOP('',(#9996,#10019,#10035));
#9996 = ORIENTED_EDGE('',*,*,#9997,.F.);
#9997 = EDGE_CURVE('',#9998,#10000,#10002,.T.);
#9998 = VERTEX_POINT('',#9999);
#9999 = CARTESIAN_POINT('',(11.,-47.,0.));
#10000 = VERTEX_POINT('',#10001);
#10001 = CARTESIAN_POINT('',(-17.,-47.,0.));
#10002 = SURFACE_CURVE('',#10003,(#10007),.PCURVE_S1.);
#10003 = LINE('',#10004,#10005);
#10004 = CARTESIAN_POINT('',(11.,-47.,0.));
#10005 = VECTOR('',#10006,1.);
#10006 = DIRECTION('',(-1.,0.,0.));
#10007 = PCURVE('',#10008,#10013);
#10008 = PLANE('',#10009);
#10009 = AXIS2_PLACEMENT_3D('',#10010,#10011,#10012);
#10010 = CARTESIAN_POINT('',(-2.290063920164,-47.,0.790063920164));
#10011 = DIRECTION('',(-0.,-1.,-0.));
#10012 = DIRECTION('',(0.,0.,-1.));
#10013 = DEFINITIONAL_REPRESENTATION('',(#10014),#10018);
#10014 = LINE('',#10015,#10016);
#10015 = CARTESIAN_POINT('',(0.790063920164,13.290063920164));
#10016 = VECTOR('',#10017,1.);
#10017 = DIRECTION('',(0.,-1.));
#10018 = ( GEOMETRIC_REPRESENTATION_CONTEXT(2) 
PARAMETRIC_REPRESENTATION_CONTEXT() REPRESENTATION_CONTEXT('2D SPACE',''
  ) );
#10019 = ORIENTED_EDGE('',*,*,#10020,.T.);
#10020 = EDGE_CURVE('',#9998,#10021,#10023,.T.);
#10021 = VERTEX_POINT('',#10022);
#10022 = CARTESIAN_POINT('',(11.,-47.,3.));
#10023 = SURFACE_CURVE('',#10024,(#10028),.PCURVE_S1.);
#10024 = LINE('',#10025,#10026);
#10025 = CARTESIAN_POINT('',(11.,-47.,0.));
#10026 = VECTOR('',#10027,1.);
#10027 = DIRECTION('',(0.,0.,1.));
#10028 = PCURVE('',#10008,#10029);
#10029 = DEFINITIONAL_REPRESENTATION('',(#10030),#10034);
#10030 = LINE('',#10031,#10032);
#10031 = CARTESIAN_POINT('',(0.790063920164,13.290063920164));
#10032 = VECTOR('',#10033,1.);
#10033 = DIRECTION('',(-1.,0.));
#10034 = ( GEOMETRIC_REPRESENTATION_CONTEXT(2) 
PARAMETRIC_REPRESENTATION_CONTEXT() REPRESENTATION_CONTEXT('2D SPACE',''
  ) );
#10035 = ORIENTED_EDGE('',*,*,#10036,.T.);
#10036 = EDGE_CURVE('',#10021,#10000,#10037,.T.);
#10037 = SURFACE_CURVE('',#10038,(#10042),.PCURVE_S1.);
#10038 = LINE('',#10039,#10040);
#10039 = CARTESIAN_POINT('',(11.,-47.,3.));
#10040 = VECTOR('',#10041,1.);
#10041 = DIRECTION('',(-0.99430915392,0.,-0.106533123634));
#10042 = PCURVE('',#10008,#10043);
#10043 = DEFINITIONAL_REPRESENTATION('',(#10044),#10048);
#10044 = LINE('',#10045,#10046);
#10045 = CARTESIAN_POINT('',(-2.209936079836,13.290063920164));
#10046 = VECTOR('',#10047,1.);
#10047 = DIRECTION('',(0.106533123634,-0.99430915392));
#10048 = ( GEOMETRIC_REPRESENTATION_CONTEXT(2) 
PARAMETRIC_REPRESENTATION_CONTEXT() REPRESENTATION_CONTEXT('2D SPACE',''
  ) );
#10049 = SHELL_BASED_SURFACE_MODEL('',(#10050));
#10050 = OPEN_SHELL('',(#10051));
#10051 = ADVANCED_FACE('',(#10052),#10066,.T.);
#10052 = FACE_BOUND('',#10053,.T.);
#10053 = EDGE_LOOP('',(#10054,#10077,#10093));
#10054 = ORIENTED_EDGE('',*,*,#10055,.F.);
#10055 = EDGE_CURVE('',#10056,#10058,#10060,.T.);
#10056 = VERTEX_POINT('',#10057);
#10057 = CARTESIAN_POINT('',(-17.,-47.,3.));
#10058 = VERTEX_POINT('',#10059);
#10059 = CARTESIAN_POINT('',(11.,-47.,3.));
#10060 = SURFACE_CURVE('',#10061,(#10065),.PCURVE_S1.);
#10061 = LINE('',#10062,#10063);
#10062 = CARTESIAN_POINT('',(-17.,-47.,3.));
#10063 = VECTOR('',#10064,1.);
#10064 = DIRECTION('',(1.,0.,0.));
#10065 = PCURVE('',#10066,#10071);
#10066 = PLANE('',#10067);
#10067 = AXIS2_PLACEMENT_3D('',#10068,#10069,#10070);
#10068 = CARTESIAN_POINT('',(-3.709936079836,-47.,2.209936079836));
#10069 = DIRECTION('',(-0.,-1.,-0.));
#10070 = DIRECTION('',(0.,0.,-1.));
#10071 = DEFINITIONAL_REPRESENTATION('',(#10072),#10076);
#10072 = LINE('',#10073,#10074);
#10073 = CARTESIAN_POINT('',(-0.790063920164,-13.29006392016));
#10074 = VECTOR('',#10075,1.);
#10075 = DIRECTION('',(0.,1.));
#10076 = ( GEOMETRIC_REPRESENTATION_CONTEXT(2) 
PARAMETRIC_REPRESENTATION_CONTEXT() REPRESENTATION_CONTEXT('2D SPACE',''
  ) );
#10077 = ORIENTED_EDGE('',*,*,#10078,.F.);
#10078 = EDGE_CURVE('',#10079,#10056,#10081,.T.);
#10079 = VERTEX_POINT('',#10080);
#10080 = CARTESIAN_POINT('',(-17.,-47.,0.));
#10081 = SURFACE_CURVE('',#10082,(#10086),.PCURVE_S1.);
#10082 = LINE('',#10083,#10084);
#10083 = CARTESIAN_POINT('',(-17.,-47.,0.));
#10084 = VECTOR('',#10085,1.);
#10085 = DIRECTION('',(0.,0.,1.));
#10086 = PCURVE('',#10066,#10087);
#10087 = DEFINITIONAL_REPRESENTATION('',(#10088),#10092);
#10088 = LINE('',#10089,#10090);
#10089 = CARTESIAN_POINT('',(2.209936079836,-13.29006392016));
#10090 = VECTOR('',#10091,1.);
#10091 = DIRECTION('',(-1.,0.));
#10092 = ( GEOMETRIC_REPRESENTATION_CONTEXT(2) 
PARAMETRIC_REPRESENTATION_CONTEXT() REPRESENTATION_CONTEXT('2D SPACE',''
  ) );
#10093 = ORIENTED_EDGE('',*,*,#10094,.F.);
#10094 = EDGE_CURVE('',#10058,#10079,#10095,.T.);
#10095 = SURFACE_CURVE('',#10096,(#10100),.PCURVE_S1.);
#10096 = LINE('',#10097,#10098);
#10097 = CARTESIAN_POINT('',(11.,-47.,3.));
#10098 = VECTOR('',#10099,1.);
#10099 = DIRECTION('',(-0.99430915392,0.,-0.106533123634));
#10100 = PCURVE('',#10066,#10101);
#10101 = DEFINITIONAL_REPRESENTATION('',(#10102),#10106);
#10102 = LINE('',#10103,#10104);
#10103 = CARTESIAN_POINT('',(-0.790063920164,14.709936079836));
#10104 = VECTOR('',#10105,1.);
#10105 = DIRECTION('',(0.106533123634,-0.99430915392));
#10106 = ( GEOMETRIC_REPRESENTATION_CONTEXT(2) 
PARAMETRIC_REPRESENTATION_CONTEXT() REPRESENTATION_CONTEXT('2D SPACE',''
  ) );
#10107 = SHELL_BASED_SURFACE_MODEL('',(#10108));
#10108 = OPEN_SHELL('',(#10109));
#10109 = ADVANCED_FACE('',(#10110),#10124,.T.);
#10110 = FACE_BOUND('',#10111,.T.);
#10111 = EDGE_LOOP('',(#10112,#10135,#10151));
#10112 = ORIENTED_EDGE('',*,*,#10113,.T.);
#10113 = EDGE_CURVE('',#10114,#10116,#10118,.T.);
#10114 = VERTEX_POINT('',#10115);
#10115 = CARTESIAN_POINT('',(-6.002999782562,-3.003000020981,0.));
#10116 = VERTEX_POINT('',#10117);
#10117 = CARTESIAN_POINT('',(-0.998000025749,-3.003000020981,3.));
#10118 = SURFACE_CURVE('',#10119,(#10123),.PCURVE_S1.);
#10119 = LINE('',#10120,#10121);
#10120 = CARTESIAN_POINT('',(-6.002999782562,-3.003000020981,0.));
#10121 = VECTOR('',#10122,1.);
#10122 = DIRECTION('',(0.857719647992,0.,0.514117696105));
#10123 = PCURVE('',#10124,#10129);
#10124 = PLANE('',#10125);
#10125 = AXIS2_PLACEMENT_3D('',#10126,#10127,#10128);
#10126 = CARTESIAN_POINT('',(-2.958059894435,-3.003000020981,
    0.957559990279));
#10127 = DIRECTION('',(0.,1.,0.));
#10128 = DIRECTION('',(0.,-0.,1.));
#10129 = DEFINITIONAL_REPRESENTATION('',(#10130),#10134);
#10130 = LINE('',#10131,#10132);
#10131 = CARTESIAN_POINT('',(-0.957559990279,-3.044939888127));
#10132 = VECTOR('',#10133,1.);
#10133 = DIRECTION('',(0.514117696105,0.857719647992));
#10134 = ( GEOMETRIC_REPRESENTATION_CONTEXT(2) 
PARAMETRIC_REPRESENTATION_CONTEXT() REPRESENTATION_CONTEXT('2D SPACE',''
  ) );
#10135 = ORIENTED_EDGE('',*,*,#10136,.F.);
#10136 = EDGE_CURVE('',#10137,#10116,#10139,.T.);
#10137 = VERTEX_POINT('',#10138);
#10138 = CARTESIAN_POINT('',(-0.998000025749,-3.003000020981,0.));
#10139 = SURFACE_CURVE('',#10140,(#10144),.PCURVE_S1.);
#10140 = LINE('',#10141,#10142);
#10141 = CARTESIAN_POINT('',(-0.998000025749,-3.003000020981,0.));
#10142 = VECTOR('',#10143,1.);
#10143 = DIRECTION('',(0.,0.,1.));
#10144 = PCURVE('',#10124,#10145);
#10145 = DEFINITIONAL_REPRESENTATION('',(#10146),#10150);
#10146 = LINE('',#10147,#10148);
#10147 = CARTESIAN_POINT('',(-0.957559990279,1.960059868686));
#10148 = VECTOR('',#10149,1.);
#10149 = DIRECTION('',(1.,0.));
#10150 = ( GEOMETRIC_REPRESENTATION_CONTEXT(2) 
PARAMETRIC_REPRESENTATION_CONTEXT() REPRESENTATION_CONTEXT('2D SPACE',''
  ) );
#10151 = ORIENTED_EDGE('',*,*,#10152,.F.);
#10152 = EDGE_CURVE('',#10114,#10137,#10153,.T.);
#10153 = SURFACE_CURVE('',#10154,(#10158),.PCURVE_S1.);
#10154 = LINE('',#10155,#10156);
#10155 = CARTESIAN_POINT('',(-6.002999782562,-3.003000020981,0.));
#10156 = VECTOR('',#10157,1.);
#10157 = DIRECTION('',(1.,0.,0.));
#10158 = PCURVE('',#10124,#10159);
#10159 = DEFINITIONAL_REPRESENTATION('',(#10160),#10164);
#10160 = LINE('',#10161,#10162);
#10161 = CARTESIAN_POINT('',(-0.957559990279,-3.044939888127));
#10162 = VECTOR('',#10163,1.);
#10163 = DIRECTION('',(0.,1.));
#10164 = ( GEOMETRIC_REPRESENTATION_CONTEXT(2) 
PARAMETRIC_REPRESENTATION_CONTEXT() REPRESENTATION_CONTEXT('2D SPACE',''
  ) );
#10165 = SHELL_BASED_SURFACE_MODEL('',(#10166));
#10166 = OPEN_SHELL('',(#10167));
#10167 = ADVANCED_FACE('',(#10168),#10182,.T.);
#10168 = FACE_BOUND('',#10169,.T.);
#10169 = EDGE_LOOP('',(#10170,#10193,#10209));
#10170 = ORIENTED_EDGE('',*,*,#10171,.F.);
#10171 = EDGE_CURVE('',#10172,#10174,#10176,.T.);
#10172 = VERTEX_POINT('',#10173);
#10173 = CARTESIAN_POINT('',(-0.998000025749,-3.003000020981,3.));
#10174 = VERTEX_POINT('',#10175);
#10175 = CARTESIAN_POINT('',(-6.002999782562,-3.003000020981,3.));
#10176 = SURFACE_CURVE('',#10177,(#10181),.PCURVE_S1.);
#10177 = LINE('',#10178,#10179);
#10178 = CARTESIAN_POINT('',(-0.998000025749,-3.003000020981,3.));
#10179 = VECTOR('',#10180,1.);
#10180 = DIRECTION('',(-1.,0.,0.));
#10181 = PCURVE('',#10182,#10187);
#10182 = PLANE('',#10183);
#10183 = AXIS2_PLACEMENT_3D('',#10184,#10185,#10186);
#10184 = CARTESIAN_POINT('',(-4.042939913877,-3.003000020981,
    2.042440009721));
#10185 = DIRECTION('',(0.,1.,0.));
#10186 = DIRECTION('',(0.,-0.,1.));
#10187 = DEFINITIONAL_REPRESENTATION('',(#10188),#10192);
#10188 = LINE('',#10189,#10190);
#10189 = CARTESIAN_POINT('',(0.957559990279,3.044939888127));
#10190 = VECTOR('',#10191,1.);
#10191 = DIRECTION('',(0.,-1.));
#10192 = ( GEOMETRIC_REPRESENTATION_CONTEXT(2) 
PARAMETRIC_REPRESENTATION_CONTEXT() REPRESENTATION_CONTEXT('2D SPACE',''
  ) );
#10193 = ORIENTED_EDGE('',*,*,#10194,.F.);
#10194 = EDGE_CURVE('',#10195,#10172,#10197,.T.);
#10195 = VERTEX_POINT('',#10196);
#10196 = CARTESIAN_POINT('',(-6.002999782562,-3.003000020981,0.));
#10197 = SURFACE_CURVE('',#10198,(#10202),.PCURVE_S1.);
#10198 = LINE('',#10199,#10200);
#10199 = CARTESIAN_POINT('',(-6.002999782562,-3.003000020981,0.));
#10200 = VECTOR('',#10201,1.);
#10201 = DIRECTION('',(0.857719647992,0.,0.514117696105));
#10202 = PCURVE('',#10182,#10203);
#10203 = DEFINITIONAL_REPRESENTATION('',(#10204),#10208);
#10204 = LINE('',#10205,#10206);
#10205 = CARTESIAN_POINT('',(-2.042440009721,-1.960059868686));
#10206 = VECTOR('',#10207,1.);
#10207 = DIRECTION('',(0.514117696105,0.857719647992));
#10208 = ( GEOMETRIC_REPRESENTATION_CONTEXT(2) 
PARAMETRIC_REPRESENTATION_CONTEXT() REPRESENTATION_CONTEXT('2D SPACE',''
  ) );
#10209 = ORIENTED_EDGE('',*,*,#10210,.T.);
#10210 = EDGE_CURVE('',#10195,#10174,#10211,.T.);
#10211 = SURFACE_CURVE('',#10212,(#10216),.PCURVE_S1.);
#10212 = LINE('',#10213,#10214);
#10213 = CARTESIAN_POINT('',(-6.002999782562,-3.003000020981,0.));
#10214 = VECTOR('',#10215,1.);
#10215 = DIRECTION('',(0.,0.,1.));
#10216 = PCURVE('',#10182,#10217);
#10217 = DEFINITIONAL_REPRESENTATION('',(#10218),#10222);
#10218 = LINE('',#10219,#10220);
#10219 = CARTESIAN_POINT('',(-2.042440009721,-1.960059868686));
#10220 = VECTOR('',#10221,1.);
#10221 = DIRECTION('',(1.,0.));
#10222 = ( GEOMETRIC_REPRESENTATION_CONTEXT(2) 
PARAMETRIC_REPRESENTATION_CONTEXT() REPRESENTATION_CONTEXT('2D SPACE',''
  ) );
#10223 = SHELL_BASED_SURFACE_MODEL('',(#10224));
#10224 = OPEN_SHELL('',(#10225));
#10225 = ADVANCED_FACE('',(#10226),#10240,.T.);
#10226 = FACE_BOUND('',#10227,.T.);
#10227 = EDGE_LOOP('',(#10228,#10251,#10267));
#10228 = ORIENTED_EDGE('',*,*,#10229,.F.);
#10229 = EDGE_CURVE('',#10230,#10232,#10234,.T.);
#10230 = VERTEX_POINT('',#10231);
#10231 = CARTESIAN_POINT('',(-6.002999782562,7.002999782562,3.));
#10232 = VERTEX_POINT('',#10233);
#10233 = CARTESIAN_POINT('',(-6.002999782562,-3.003000020981,0.));
#10234 = SURFACE_CURVE('',#10235,(#10239),.PCURVE_S1.);
#10235 = LINE('',#10236,#10237);
#10236 = CARTESIAN_POINT('',(-6.002999782562,7.002999782562,3.));
#10237 = VECTOR('',#10238,1.);
#10238 = DIRECTION('',(0.,-0.957873696462,-0.2871898007));
#10239 = PCURVE('',#10240,#10245);
#10240 = PLANE('',#10241);
#10241 = AXIS2_PLACEMENT_3D('',#10242,#10243,#10244);
#10242 = CARTESIAN_POINT('',(-6.002999782562,1.360013285085,
    2.139986595706));
#10243 = DIRECTION('',(1.,0.,0.));
#10244 = DIRECTION('',(-0.,0.,1.));
#10245 = DEFINITIONAL_REPRESENTATION('',(#10246),#10250);
#10246 = LINE('',#10247,#10248);
#10247 = CARTESIAN_POINT('',(0.860013404294,-5.642986497478));
#10248 = VECTOR('',#10249,1.);
#10249 = DIRECTION('',(-0.2871898007,0.957873696462));
#10250 = ( GEOMETRIC_REPRESENTATION_CONTEXT(2) 
PARAMETRIC_REPRESENTATION_CONTEXT() REPRESENTATION_CONTEXT('2D SPACE',''
  ) );
#10251 = ORIENTED_EDGE('',*,*,#10252,.F.);
#10252 = EDGE_CURVE('',#10253,#10230,#10255,.T.);
#10253 = VERTEX_POINT('',#10254);
#10254 = CARTESIAN_POINT('',(-6.002999782562,-3.003000020981,3.));
#10255 = SURFACE_CURVE('',#10256,(#10260),.PCURVE_S1.);
#10256 = LINE('',#10257,#10258);
#10257 = CARTESIAN_POINT('',(-6.002999782562,-3.003000020981,3.));
#10258 = VECTOR('',#10259,1.);
#10259 = DIRECTION('',(0.,1.,0.));
#10260 = PCURVE('',#10240,#10261);
#10261 = DEFINITIONAL_REPRESENTATION('',(#10262),#10266);
#10262 = LINE('',#10263,#10264);
#10263 = CARTESIAN_POINT('',(0.860013404294,4.363013306065));
#10264 = VECTOR('',#10265,1.);
#10265 = DIRECTION('',(0.,-1.));
#10266 = ( GEOMETRIC_REPRESENTATION_CONTEXT(2) 
PARAMETRIC_REPRESENTATION_CONTEXT() REPRESENTATION_CONTEXT('2D SPACE',''
  ) );
#10267 = ORIENTED_EDGE('',*,*,#10268,.F.);
#10268 = EDGE_CURVE('',#10232,#10253,#10269,.T.);
#10269 = SURFACE_CURVE('',#10270,(#10274),.PCURVE_S1.);
#10270 = LINE('',#10271,#10272);
#10271 = CARTESIAN_POINT('',(-6.002999782562,-3.003000020981,0.));
#10272 = VECTOR('',#10273,1.);
#10273 = DIRECTION('',(0.,0.,1.));
#10274 = PCURVE('',#10240,#10275);
#10275 = DEFINITIONAL_REPRESENTATION('',(#10276),#10280);
#10276 = LINE('',#10277,#10278);
#10277 = CARTESIAN_POINT('',(-2.139986595706,4.363013306065));
#10278 = VECTOR('',#10279,1.);
#10279 = DIRECTION('',(1.,0.));
#10280 = ( GEOMETRIC_REPRESENTATION_CONTEXT(2) 
PARAMETRIC_REPRESENTATION_CONTEXT() REPRESENTATION_CONTEXT('2D SPACE',''
  ) );
#10281 = SHELL_BASED_SURFACE_MODEL('',(#10282));
#10282 = OPEN_SHELL('',(#10283));
#10283 = ADVANCED_FACE('',(#10284),#10298,.T.);
#10284 = FACE_BOUND('',#10285,.T.);
#10285 = EDGE_LOOP('',(#10286,#10309,#10325));
#10286 = ORIENTED_EDGE('',*,*,#10287,.T.);
#10287 = EDGE_CURVE('',#10288,#10290,#10292,.T.);
#10288 = VERTEX_POINT('',#10289);
#10289 = CARTESIAN_POINT('',(-11.61699962616,11.380000114441,0.));
#10290 = VERTEX_POINT('',#10291);
#10291 = CARTESIAN_POINT('',(-11.28400039672,11.822999954224,3.));
#10292 = SURFACE_CURVE('',#10293,(#10297),.PCURVE_S1.);
#10293 = LINE('',#10294,#10295);
#10294 = CARTESIAN_POINT('',(-11.61699962616,11.380000114441,0.));
#10295 = VECTOR('',#10296,1.);
#10296 = DIRECTION('',(0.109152871975,0.145209659732,0.983361482498));
#10297 = PCURVE('',#10298,#10303);
#10298 = PLANE('',#10299);
#10299 = AXIS2_PLACEMENT_3D('',#10300,#10301,#10302);
#10300 = CARTESIAN_POINT('',(-11.37487519997,11.702106211177,
    1.374140098008));
#10301 = DIRECTION('',(-0.799350509993,0.600865011607,-0.));
#10302 = DIRECTION('',(-0.600865011607,-0.799350509993,0.));
#10303 = DEFINITIONAL_REPRESENTATION('',(#10304),#10308);
#10304 = LINE('',#10305,#10306);
#10305 = CARTESIAN_POINT('',(0.402959768849,-1.374140098008));
#10306 = VECTOR('',#10307,1.);
#10307 = DIRECTION('',(-0.181659557248,0.983361482498));
#10308 = ( GEOMETRIC_REPRESENTATION_CONTEXT(2) 
PARAMETRIC_REPRESENTATION_CONTEXT() REPRESENTATION_CONTEXT('2D SPACE',''
  ) );
#10309 = ORIENTED_EDGE('',*,*,#10310,.T.);
#10310 = EDGE_CURVE('',#10290,#10311,#10313,.T.);
#10311 = VERTEX_POINT('',#10312);
#10312 = CARTESIAN_POINT('',(-11.28400039672,11.822999954224,0.));
#10313 = SURFACE_CURVE('',#10314,(#10318),.PCURVE_S1.);
#10314 = LINE('',#10315,#10316);
#10315 = CARTESIAN_POINT('',(-11.28400039672,11.822999954224,3.));
#10316 = VECTOR('',#10317,1.);
#10317 = DIRECTION('',(0.,0.,-1.));
#10318 = PCURVE('',#10298,#10319);
#10319 = DEFINITIONAL_REPRESENTATION('',(#10320),#10324);
#10320 = LINE('',#10321,#10322);
#10321 = CARTESIAN_POINT('',(-0.151239964865,1.625859901992));
#10322 = VECTOR('',#10323,1.);
#10323 = DIRECTION('',(-0.,-1.));
#10324 = ( GEOMETRIC_REPRESENTATION_CONTEXT(2) 
PARAMETRIC_REPRESENTATION_CONTEXT() REPRESENTATION_CONTEXT('2D SPACE',''
  ) );
#10325 = ORIENTED_EDGE('',*,*,#10326,.F.);
#10326 = EDGE_CURVE('',#10288,#10311,#10327,.T.);
#10327 = SURFACE_CURVE('',#10328,(#10332),.PCURVE_S1.);
#10328 = LINE('',#10329,#10330);
#10329 = CARTESIAN_POINT('',(-11.61699962616,11.380000114441,0.));
#10330 = VECTOR('',#10331,1.);
#10331 = DIRECTION('',(0.600865011607,0.799350509993,0.));
#10332 = PCURVE('',#10298,#10333);
#10333 = DEFINITIONAL_REPRESENTATION('',(#10334),#10338);
#10334 = LINE('',#10335,#10336);
#10335 = CARTESIAN_POINT('',(0.402959768849,-1.374140098008));
#10336 = VECTOR('',#10337,1.);
#10337 = DIRECTION('',(-1.,0.));
#10338 = ( GEOMETRIC_REPRESENTATION_CONTEXT(2) 
PARAMETRIC_REPRESENTATION_CONTEXT() REPRESENTATION_CONTEXT('2D SPACE',''
  ) );
#10339 = SHELL_BASED_SURFACE_MODEL('',(#10340));
#10340 = OPEN_SHELL('',(#10341));
#10341 = ADVANCED_FACE('',(#10342),#10356,.T.);
#10342 = FACE_BOUND('',#10343,.T.);
#10343 = EDGE_LOOP('',(#10344,#10367,#10383));
#10344 = ORIENTED_EDGE('',*,*,#10345,.F.);
#10345 = EDGE_CURVE('',#10346,#10348,#10350,.T.);
#10346 = VERTEX_POINT('',#10347);
#10347 = CARTESIAN_POINT('',(-11.28400039672,11.822999954224,3.));
#10348 = VERTEX_POINT('',#10349);
#10349 = CARTESIAN_POINT('',(-11.61699962616,11.380000114441,3.));
#10350 = SURFACE_CURVE('',#10351,(#10355),.PCURVE_S1.);
#10351 = LINE('',#10352,#10353);
#10352 = CARTESIAN_POINT('',(-11.28400039672,11.822999954224,3.));
#10353 = VECTOR('',#10354,1.);
#10354 = DIRECTION('',(-0.600865011607,-0.799350509993,0.));
#10355 = PCURVE('',#10356,#10361);
#10356 = PLANE('',#10357);
#10357 = AXIS2_PLACEMENT_3D('',#10358,#10359,#10360);
#10358 = CARTESIAN_POINT('',(-11.52612482291,11.500893857487,
    1.625859901992));
#10359 = DIRECTION('',(-0.799350509993,0.600865011607,-0.));
#10360 = DIRECTION('',(-0.600865011607,-0.799350509993,0.));
#10361 = DEFINITIONAL_REPRESENTATION('',(#10362),#10366);
#10362 = LINE('',#10363,#10364);
#10363 = CARTESIAN_POINT('',(-0.402959768849,1.374140098008));
#10364 = VECTOR('',#10365,1.);
#10365 = DIRECTION('',(1.,0.));
#10366 = ( GEOMETRIC_REPRESENTATION_CONTEXT(2) 
PARAMETRIC_REPRESENTATION_CONTEXT() REPRESENTATION_CONTEXT('2D SPACE',''
  ) );
#10367 = ORIENTED_EDGE('',*,*,#10368,.F.);
#10368 = EDGE_CURVE('',#10369,#10346,#10371,.T.);
#10369 = VERTEX_POINT('',#10370);
#10370 = CARTESIAN_POINT('',(-11.61699962616,11.380000114441,0.));
#10371 = SURFACE_CURVE('',#10372,(#10376),.PCURVE_S1.);
#10372 = LINE('',#10373,#10374);
#10373 = CARTESIAN_POINT('',(-11.61699962616,11.380000114441,0.));
#10374 = VECTOR('',#10375,1.);
#10375 = DIRECTION('',(0.109152871975,0.145209659732,0.983361482498));
#10376 = PCURVE('',#10356,#10377);
#10377 = DEFINITIONAL_REPRESENTATION('',(#10378),#10382);
#10378 = LINE('',#10379,#10380);
#10379 = CARTESIAN_POINT('',(0.151239964865,-1.625859901992));
#10380 = VECTOR('',#10381,1.);
#10381 = DIRECTION('',(-0.181659557248,0.983361482498));
#10382 = ( GEOMETRIC_REPRESENTATION_CONTEXT(2) 
PARAMETRIC_REPRESENTATION_CONTEXT() REPRESENTATION_CONTEXT('2D SPACE',''
  ) );
#10383 = ORIENTED_EDGE('',*,*,#10384,.T.);
#10384 = EDGE_CURVE('',#10369,#10348,#10385,.T.);
#10385 = SURFACE_CURVE('',#10386,(#10390),.PCURVE_S1.);
#10386 = LINE('',#10387,#10388);
#10387 = CARTESIAN_POINT('',(-11.61699962616,11.380000114441,0.));
#10388 = VECTOR('',#10389,1.);
#10389 = DIRECTION('',(0.,0.,1.));
#10390 = PCURVE('',#10356,#10391);
#10391 = DEFINITIONAL_REPRESENTATION('',(#10392),#10396);
#10392 = LINE('',#10393,#10394);
#10393 = CARTESIAN_POINT('',(0.151239964865,-1.625859901992));
#10394 = VECTOR('',#10395,1.);
#10395 = DIRECTION('',(0.,1.));
#10396 = ( GEOMETRIC_REPRESENTATION_CONTEXT(2) 
PARAMETRIC_REPRESENTATION_CONTEXT() REPRESENTATION_CONTEXT('2D SPACE',''
  ) );
#10397 = SHELL_BASED_SURFACE_MODEL('',(#10398));
#10398 = OPEN_SHELL('',(#10399));
#10399 = ADVANCED_FACE('',(#10400),#10414,.T.);
#10400 = FACE_BOUND('',#10401,.T.);
#10401 = EDGE_LOOP('',(#10402,#10425,#10441));
#10402 = ORIENTED_EDGE('',*,*,#10403,.F.);
#10403 = EDGE_CURVE('',#10404,#10406,#10408,.T.);
#10404 = VERTEX_POINT('',#10405);
#10405 = CARTESIAN_POINT('',(-12.03600025177,11.095999717712,0.));
#10406 = VERTEX_POINT('',#10407);
#10407 = CARTESIAN_POINT('',(-11.61699962616,11.380000114441,0.));
#10408 = SURFACE_CURVE('',#10409,(#10413),.PCURVE_S1.);
#10409 = LINE('',#10410,#10411);
#10410 = CARTESIAN_POINT('',(-12.03600025177,11.095999717712,0.));
#10411 = VECTOR('',#10412,1.);
#10412 = DIRECTION('',(0.827770729126,0.561066502299,0.));
#10413 = PCURVE('',#10414,#10419);
#10414 = PLANE('',#10415);
#10415 = AXIS2_PLACEMENT_3D('',#10416,#10417,#10418);
#10416 = CARTESIAN_POINT('',(-11.92247504579,11.172947582618,
    1.38405593064));
#10417 = DIRECTION('',(-0.561066502299,0.827770729126,0.));
#10418 = DIRECTION('',(0.827770729126,0.561066502299,0.));
#10419 = DEFINITIONAL_REPRESENTATION('',(#10420),#10424);
#10420 = LINE('',#10421,#10422);
#10421 = CARTESIAN_POINT('',(-0.137145711945,1.38405593064));
#10422 = VECTOR('',#10423,1.);
#10423 = DIRECTION('',(1.,0.));
#10424 = ( GEOMETRIC_REPRESENTATION_CONTEXT(2) 
PARAMETRIC_REPRESENTATION_CONTEXT() REPRESENTATION_CONTEXT('2D SPACE',''
  ) );
#10425 = ORIENTED_EDGE('',*,*,#10426,.T.);
#10426 = EDGE_CURVE('',#10404,#10427,#10429,.T.);
#10427 = VERTEX_POINT('',#10428);
#10428 = CARTESIAN_POINT('',(-12.03600025177,11.095999717712,3.));
#10429 = SURFACE_CURVE('',#10430,(#10434),.PCURVE_S1.);
#10430 = LINE('',#10431,#10432);
#10431 = CARTESIAN_POINT('',(-12.03600025177,11.095999717712,0.));
#10432 = VECTOR('',#10433,1.);
#10433 = DIRECTION('',(0.,0.,1.));
#10434 = PCURVE('',#10414,#10435);
#10435 = DEFINITIONAL_REPRESENTATION('',(#10436),#10440);
#10436 = LINE('',#10437,#10438);
#10437 = CARTESIAN_POINT('',(-0.137145711945,1.38405593064));
#10438 = VECTOR('',#10439,1.);
#10439 = DIRECTION('',(0.,-1.));
#10440 = ( GEOMETRIC_REPRESENTATION_CONTEXT(2) 
PARAMETRIC_REPRESENTATION_CONTEXT() REPRESENTATION_CONTEXT('2D SPACE',''
  ) );
#10441 = ORIENTED_EDGE('',*,*,#10442,.T.);
#10442 = EDGE_CURVE('',#10427,#10406,#10443,.T.);
#10443 = SURFACE_CURVE('',#10444,(#10448),.PCURVE_S1.);
#10444 = LINE('',#10445,#10446);
#10445 = CARTESIAN_POINT('',(-12.03600025177,11.095999717712,3.));
#10446 = VECTOR('',#10447,1.);
#10447 = DIRECTION('',(0.137720277799,9.334738695327E-02,-0.986062569228
    ));
#10448 = PCURVE('',#10414,#10449);
#10449 = DEFINITIONAL_REPRESENTATION('',(#10450),#10454);
#10450 = LINE('',#10451,#10452);
#10451 = CARTESIAN_POINT('',(-0.137145711945,-1.61594406936));
#10452 = VECTOR('',#10453,1.);
#10453 = DIRECTION('',(0.166374906666,0.986062569228));
#10454 = ( GEOMETRIC_REPRESENTATION_CONTEXT(2) 
PARAMETRIC_REPRESENTATION_CONTEXT() REPRESENTATION_CONTEXT('2D SPACE',''
  ) );
#10455 = SHELL_BASED_SURFACE_MODEL('',(#10456));
#10456 = OPEN_SHELL('',(#10457));
#10457 = ADVANCED_FACE('',(#10458),#10472,.T.);
#10458 = FACE_BOUND('',#10459,.T.);
#10459 = EDGE_LOOP('',(#10460,#10483,#10499));
#10460 = ORIENTED_EDGE('',*,*,#10461,.F.);
#10461 = EDGE_CURVE('',#10462,#10464,#10466,.T.);
#10462 = VERTEX_POINT('',#10463);
#10463 = CARTESIAN_POINT('',(-11.61699962616,11.380000114441,3.));
#10464 = VERTEX_POINT('',#10465);
#10465 = CARTESIAN_POINT('',(-12.03600025177,11.095999717712,3.));
#10466 = SURFACE_CURVE('',#10467,(#10471),.PCURVE_S1.);
#10467 = LINE('',#10468,#10469);
#10468 = CARTESIAN_POINT('',(-11.61699962616,11.380000114441,3.));
#10469 = VECTOR('',#10470,1.);
#10470 = DIRECTION('',(-0.827770729126,-0.561066502299,0.));
#10471 = PCURVE('',#10472,#10477);
#10472 = PLANE('',#10473);
#10473 = AXIS2_PLACEMENT_3D('',#10474,#10475,#10476);
#10474 = CARTESIAN_POINT('',(-11.73052483213,11.303052249535,
    1.61594406936));
#10475 = DIRECTION('',(-0.561066502299,0.827770729126,0.));
#10476 = DIRECTION('',(0.827770729126,0.561066502299,0.));
#10477 = DEFINITIONAL_REPRESENTATION('',(#10478),#10482);
#10478 = LINE('',#10479,#10480);
#10479 = CARTESIAN_POINT('',(0.137145711945,-1.38405593064));
#10480 = VECTOR('',#10481,1.);
#10481 = DIRECTION('',(-1.,-0.));
#10482 = ( GEOMETRIC_REPRESENTATION_CONTEXT(2) 
PARAMETRIC_REPRESENTATION_CONTEXT() REPRESENTATION_CONTEXT('2D SPACE',''
  ) );
#10483 = ORIENTED_EDGE('',*,*,#10484,.F.);
#10484 = EDGE_CURVE('',#10485,#10462,#10487,.T.);
#10485 = VERTEX_POINT('',#10486);
#10486 = CARTESIAN_POINT('',(-11.61699962616,11.380000114441,0.));
#10487 = SURFACE_CURVE('',#10488,(#10492),.PCURVE_S1.);
#10488 = LINE('',#10489,#10490);
#10489 = CARTESIAN_POINT('',(-11.61699962616,11.380000114441,0.));
#10490 = VECTOR('',#10491,1.);
#10491 = DIRECTION('',(0.,0.,1.));
#10492 = PCURVE('',#10472,#10493);
#10493 = DEFINITIONAL_REPRESENTATION('',(#10494),#10498);
#10494 = LINE('',#10495,#10496);
#10495 = CARTESIAN_POINT('',(0.137145711945,1.61594406936));
#10496 = VECTOR('',#10497,1.);
#10497 = DIRECTION('',(0.,-1.));
#10498 = ( GEOMETRIC_REPRESENTATION_CONTEXT(2) 
PARAMETRIC_REPRESENTATION_CONTEXT() REPRESENTATION_CONTEXT('2D SPACE',''
  ) );
#10499 = ORIENTED_EDGE('',*,*,#10500,.F.);
#10500 = EDGE_CURVE('',#10464,#10485,#10501,.T.);
#10501 = SURFACE_CURVE('',#10502,(#10506),.PCURVE_S1.);
#10502 = LINE('',#10503,#10504);
#10503 = CARTESIAN_POINT('',(-12.03600025177,11.095999717712,3.));
#10504 = VECTOR('',#10505,1.);
#10505 = DIRECTION('',(0.137720277799,9.334738695327E-02,-0.986062569228
    ));
#10506 = PCURVE('',#10472,#10507);
#10507 = DEFINITIONAL_REPRESENTATION('',(#10508),#10512);
#10508 = LINE('',#10509,#10510);
#10509 = CARTESIAN_POINT('',(-0.369033850665,-1.38405593064));
#10510 = VECTOR('',#10511,1.);
#10511 = DIRECTION('',(0.166374906666,0.986062569228));
#10512 = ( GEOMETRIC_REPRESENTATION_CONTEXT(2) 
PARAMETRIC_REPRESENTATION_CONTEXT() REPRESENTATION_CONTEXT('2D SPACE',''
  ) );
#10513 = SHELL_BASED_SURFACE_MODEL('',(#10514));
#10514 = OPEN_SHELL('',(#10515));
#10515 = ADVANCED_FACE('',(#10516),#10530,.T.);
#10516 = FACE_BOUND('',#10517,.T.);
#10517 = EDGE_LOOP('',(#10518,#10541,#10557));
#10518 = ORIENTED_EDGE('',*,*,#10519,.T.);
#10519 = EDGE_CURVE('',#10520,#10522,#10524,.T.);
#10520 = VERTEX_POINT('',#10521);
#10521 = CARTESIAN_POINT('',(-12.03600025177,11.095999717712,3.));
#10522 = VERTEX_POINT('',#10523);
#10523 = CARTESIAN_POINT('',(-12.5,10.998000144958,0.));
#10524 = SURFACE_CURVE('',#10525,(#10529),.PCURVE_S1.);
#10525 = LINE('',#10526,#10527);
#10526 = CARTESIAN_POINT('',(-12.03600025177,11.095999717712,3.));
#10527 = VECTOR('',#10528,1.);
#10528 = DIRECTION('',(-0.152769592038,-3.226586826096E-02,
    -0.987734967233));
#10529 = PCURVE('',#10530,#10535);
#10530 = PLANE('',#10531);
#10531 = AXIS2_PLACEMENT_3D('',#10532,#10533,#10534);
#10532 = CARTESIAN_POINT('',(-12.37488808056,11.02442454432,
    1.609245974546));
#10533 = DIRECTION('',(-0.206647312259,0.978415498823,0.));
#10534 = DIRECTION('',(0.978415498823,0.206647312259,0.));
#10535 = DEFINITIONAL_REPRESENTATION('',(#10536),#10540);
#10536 = LINE('',#10537,#10538);
#10537 = CARTESIAN_POINT('',(0.346363921261,-1.390754025454));
#10538 = VECTOR('',#10539,1.);
#10539 = DIRECTION('',(-0.156139791553,0.987734967233));
#10540 = ( GEOMETRIC_REPRESENTATION_CONTEXT(2) 
PARAMETRIC_REPRESENTATION_CONTEXT() REPRESENTATION_CONTEXT('2D SPACE',''
  ) );
#10541 = ORIENTED_EDGE('',*,*,#10542,.F.);
#10542 = EDGE_CURVE('',#10543,#10522,#10545,.T.);
#10543 = VERTEX_POINT('',#10544);
#10544 = CARTESIAN_POINT('',(-12.5,10.998000144958,3.));
#10545 = SURFACE_CURVE('',#10546,(#10550),.PCURVE_S1.);
#10546 = LINE('',#10547,#10548);
#10547 = CARTESIAN_POINT('',(-12.5,10.998000144958,3.));
#10548 = VECTOR('',#10549,1.);
#10549 = DIRECTION('',(0.,0.,-1.));
#10550 = PCURVE('',#10530,#10551);
#10551 = DEFINITIONAL_REPRESENTATION('',(#10552),#10556);
#10552 = LINE('',#10553,#10554);
#10553 = CARTESIAN_POINT('',(-0.127871972169,-1.390754025454));
#10554 = VECTOR('',#10555,1.);
#10555 = DIRECTION('',(0.,1.));
#10556 = ( GEOMETRIC_REPRESENTATION_CONTEXT(2) 
PARAMETRIC_REPRESENTATION_CONTEXT() REPRESENTATION_CONTEXT('2D SPACE',''
  ) );
#10557 = ORIENTED_EDGE('',*,*,#10558,.F.);
#10558 = EDGE_CURVE('',#10520,#10543,#10559,.T.);
#10559 = SURFACE_CURVE('',#10560,(#10564),.PCURVE_S1.);
#10560 = LINE('',#10561,#10562);
#10561 = CARTESIAN_POINT('',(-12.03600025177,11.095999717712,3.));
#10562 = VECTOR('',#10563,1.);
#10563 = DIRECTION('',(-0.978415498823,-0.206647312259,0.));
#10564 = PCURVE('',#10530,#10565);
#10565 = DEFINITIONAL_REPRESENTATION('',(#10566),#10570);
#10566 = LINE('',#10567,#10568);
#10567 = CARTESIAN_POINT('',(0.346363921261,-1.390754025454));
#10568 = VECTOR('',#10569,1.);
#10569 = DIRECTION('',(-1.,-0.));
#10570 = ( GEOMETRIC_REPRESENTATION_CONTEXT(2) 
PARAMETRIC_REPRESENTATION_CONTEXT() REPRESENTATION_CONTEXT('2D SPACE',''
  ) );
#10571 = SHELL_BASED_SURFACE_MODEL('',(#10572));
#10572 = OPEN_SHELL('',(#10573));
#10573 = ADVANCED_FACE('',(#10574),#10588,.T.);
#10574 = FACE_BOUND('',#10575,.T.);
#10575 = EDGE_LOOP('',(#10576,#10599,#10615));
#10576 = ORIENTED_EDGE('',*,*,#10577,.F.);
#10577 = EDGE_CURVE('',#10578,#10580,#10582,.T.);
#10578 = VERTEX_POINT('',#10579);
#10579 = CARTESIAN_POINT('',(-12.5,10.998000144958,0.));
#10580 = VERTEX_POINT('',#10581);
#10581 = CARTESIAN_POINT('',(-12.03600025177,11.095999717712,0.));
#10582 = SURFACE_CURVE('',#10583,(#10587),.PCURVE_S1.);
#10583 = LINE('',#10584,#10585);
#10584 = CARTESIAN_POINT('',(-12.5,10.998000144958,0.));
#10585 = VECTOR('',#10586,1.);
#10586 = DIRECTION('',(0.978415498823,0.206647312259,0.));
#10587 = PCURVE('',#10588,#10593);
#10588 = PLANE('',#10589);
#10589 = AXIS2_PLACEMENT_3D('',#10590,#10591,#10592);
#10590 = CARTESIAN_POINT('',(-12.1611121712,11.069575318351,
    1.390754025454));
#10591 = DIRECTION('',(-0.206647312259,0.978415498823,0.));
#10592 = DIRECTION('',(0.978415498823,0.206647312259,0.));
#10593 = DEFINITIONAL_REPRESENTATION('',(#10594),#10598);
#10594 = LINE('',#10595,#10596);
#10595 = CARTESIAN_POINT('',(-0.346363921261,1.390754025454));
#10596 = VECTOR('',#10597,1.);
#10597 = DIRECTION('',(1.,0.));
#10598 = ( GEOMETRIC_REPRESENTATION_CONTEXT(2) 
PARAMETRIC_REPRESENTATION_CONTEXT() REPRESENTATION_CONTEXT('2D SPACE',''
  ) );
#10599 = ORIENTED_EDGE('',*,*,#10600,.F.);
#10600 = EDGE_CURVE('',#10601,#10578,#10603,.T.);
#10601 = VERTEX_POINT('',#10602);
#10602 = CARTESIAN_POINT('',(-12.03600025177,11.095999717712,3.));
#10603 = SURFACE_CURVE('',#10604,(#10608),.PCURVE_S1.);
#10604 = LINE('',#10605,#10606);
#10605 = CARTESIAN_POINT('',(-12.03600025177,11.095999717712,3.));
#10606 = VECTOR('',#10607,1.);
#10607 = DIRECTION('',(-0.152769592038,-3.226586826096E-02,
    -0.987734967233));
#10608 = PCURVE('',#10588,#10609);
#10609 = DEFINITIONAL_REPRESENTATION('',(#10610),#10614);
#10610 = LINE('',#10611,#10612);
#10611 = CARTESIAN_POINT('',(0.127871972169,-1.609245974546));
#10612 = VECTOR('',#10613,1.);
#10613 = DIRECTION('',(-0.156139791553,0.987734967233));
#10614 = ( GEOMETRIC_REPRESENTATION_CONTEXT(2) 
PARAMETRIC_REPRESENTATION_CONTEXT() REPRESENTATION_CONTEXT('2D SPACE',''
  ) );
#10615 = ORIENTED_EDGE('',*,*,#10616,.F.);
#10616 = EDGE_CURVE('',#10580,#10601,#10617,.T.);
#10617 = SURFACE_CURVE('',#10618,(#10622),.PCURVE_S1.);
#10618 = LINE('',#10619,#10620);
#10619 = CARTESIAN_POINT('',(-12.03600025177,11.095999717712,0.));
#10620 = VECTOR('',#10621,1.);
#10621 = DIRECTION('',(0.,0.,1.));
#10622 = PCURVE('',#10588,#10623);
#10623 = DEFINITIONAL_REPRESENTATION('',(#10624),#10628);
#10624 = LINE('',#10625,#10626);
#10625 = CARTESIAN_POINT('',(0.127871972169,1.390754025454));
#10626 = VECTOR('',#10627,1.);
#10627 = DIRECTION('',(0.,-1.));
#10628 = ( GEOMETRIC_REPRESENTATION_CONTEXT(2) 
PARAMETRIC_REPRESENTATION_CONTEXT() REPRESENTATION_CONTEXT('2D SPACE',''
  ) );
#10629 = SHELL_BASED_SURFACE_MODEL('',(#10630));
#10630 = OPEN_SHELL('',(#10631));
#10631 = ADVANCED_FACE('',(#10632),#10646,.T.);
#10632 = FACE_BOUND('',#10633,.T.);
#10633 = EDGE_LOOP('',(#10634,#10657,#10673));
#10634 = ORIENTED_EDGE('',*,*,#10635,.T.);
#10635 = EDGE_CURVE('',#10636,#10638,#10640,.T.);
#10636 = VERTEX_POINT('',#10637);
#10637 = CARTESIAN_POINT('',(-13.92899990081,12.380999565125,0.));
#10638 = VERTEX_POINT('',#10639);
#10639 = CARTESIAN_POINT('',(-13.92899990081,12.380999565125,3.));
#10640 = SURFACE_CURVE('',#10641,(#10645),.PCURVE_S1.);
#10641 = LINE('',#10642,#10643);
#10642 = CARTESIAN_POINT('',(-13.92899990081,12.380999565125,0.));
#10643 = VECTOR('',#10644,1.);
#10644 = DIRECTION('',(0.,0.,1.));
#10645 = PCURVE('',#10646,#10651);
#10646 = PLANE('',#10647);
#10647 = AXIS2_PLACEMENT_3D('',#10648,#10649,#10650);
#10648 = CARTESIAN_POINT('',(-13.87050054944,12.227748064167,
    1.365401661845));
#10649 = DIRECTION('',(0.934248566638,0.356622511537,0.));
#10650 = DIRECTION('',(-0.356622511537,0.934248566638,0.));
#10651 = DEFINITIONAL_REPRESENTATION('',(#10652),#10656);
#10652 = LINE('',#10653,#10654);
#10653 = CARTESIAN_POINT('',(0.164037180714,-1.365401661845));
#10654 = VECTOR('',#10655,1.);
#10655 = DIRECTION('',(0.,1.));
#10656 = ( GEOMETRIC_REPRESENTATION_CONTEXT(2) 
PARAMETRIC_REPRESENTATION_CONTEXT() REPRESENTATION_CONTEXT('2D SPACE',''
  ) );
#10657 = ORIENTED_EDGE('',*,*,#10658,.T.);
#10658 = EDGE_CURVE('',#10638,#10659,#10661,.T.);
#10659 = VERTEX_POINT('',#10660);
#10660 = CARTESIAN_POINT('',(-13.71599960327,11.822999954224,0.));
#10661 = SURFACE_CURVE('',#10662,(#10666),.PCURVE_S1.);
#10662 = LINE('',#10663,#10664);
#10663 = CARTESIAN_POINT('',(-13.92899990081,12.380999565125,3.));
#10664 = VECTOR('',#10665,1.);
#10665 = DIRECTION('',(6.963347981601E-02,-0.182419720022,
    -0.980751866802));
#10666 = PCURVE('',#10646,#10667);
#10667 = DEFINITIONAL_REPRESENTATION('',(#10668),#10672);
#10668 = LINE('',#10669,#10670);
#10669 = CARTESIAN_POINT('',(0.164037180714,1.634598338155));
#10670 = VECTOR('',#10671,1.);
#10671 = DIRECTION('',(-0.195258228416,-0.980751866802));
#10672 = ( GEOMETRIC_REPRESENTATION_CONTEXT(2) 
PARAMETRIC_REPRESENTATION_CONTEXT() REPRESENTATION_CONTEXT('2D SPACE',''
  ) );
#10673 = ORIENTED_EDGE('',*,*,#10674,.F.);
#10674 = EDGE_CURVE('',#10636,#10659,#10675,.T.);
#10675 = SURFACE_CURVE('',#10676,(#10680),.PCURVE_S1.);
#10676 = LINE('',#10677,#10678);
#10677 = CARTESIAN_POINT('',(-13.92899990081,12.380999565125,0.));
#10678 = VECTOR('',#10679,1.);
#10679 = DIRECTION('',(0.356622511537,-0.934248566638,0.));
#10680 = PCURVE('',#10646,#10681);
#10681 = DEFINITIONAL_REPRESENTATION('',(#10682),#10686);
#10682 = LINE('',#10683,#10684);
#10683 = CARTESIAN_POINT('',(0.164037180714,-1.365401661845));
#10684 = VECTOR('',#10685,1.);
#10685 = DIRECTION('',(-1.,0.));
#10686 = ( GEOMETRIC_REPRESENTATION_CONTEXT(2) 
PARAMETRIC_REPRESENTATION_CONTEXT() REPRESENTATION_CONTEXT('2D SPACE',''
  ) );
#10687 = SHELL_BASED_SURFACE_MODEL('',(#10688));
#10688 = OPEN_SHELL('',(#10689));
#10689 = ADVANCED_FACE('',(#10690),#10704,.T.);
#10690 = FACE_BOUND('',#10691,.T.);
#10691 = EDGE_LOOP('',(#10692,#10715,#10731));
#10692 = ORIENTED_EDGE('',*,*,#10693,.F.);
#10693 = EDGE_CURVE('',#10694,#10696,#10698,.T.);
#10694 = VERTEX_POINT('',#10695);
#10695 = CARTESIAN_POINT('',(-14.00300025939,13.,0.));
#10696 = VERTEX_POINT('',#10697);
#10697 = CARTESIAN_POINT('',(-13.92899990081,12.380999565125,0.));
#10698 = SURFACE_CURVE('',#10699,(#10703),.PCURVE_S1.);
#10699 = LINE('',#10700,#10701);
#10700 = CARTESIAN_POINT('',(-14.00300025939,13.,0.));
#10701 = VECTOR('',#10702,1.);
#10702 = DIRECTION('',(0.118702925141,-0.992929814017,0.));
#10703 = PCURVE('',#10704,#10709);
#10704 = PLANE('',#10705);
#10705 = AXIS2_PLACEMENT_3D('',#10706,#10707,#10708);
#10706 = CARTESIAN_POINT('',(-13.94940185996,12.551658489287,
    1.360170083207));
#10707 = DIRECTION('',(0.992929814017,0.118702925141,0.));
#10708 = DIRECTION('',(-0.118702925141,0.992929814017,0.));
#10709 = DEFINITIONAL_REPRESENTATION('',(#10710),#10714);
#10710 = LINE('',#10711,#10712);
#10711 = CARTESIAN_POINT('',(0.451533939644,-1.360170083207));
#10712 = VECTOR('',#10713,1.);
#10713 = DIRECTION('',(-1.,0.));
#10714 = ( GEOMETRIC_REPRESENTATION_CONTEXT(2) 
PARAMETRIC_REPRESENTATION_CONTEXT() REPRESENTATION_CONTEXT('2D SPACE',''
  ) );
#10715 = ORIENTED_EDGE('',*,*,#10716,.F.);
#10716 = EDGE_CURVE('',#10717,#10694,#10719,.T.);
#10717 = VERTEX_POINT('',#10718);
#10718 = CARTESIAN_POINT('',(-13.92899990081,12.380999565125,3.));
#10719 = SURFACE_CURVE('',#10720,(#10724),.PCURVE_S1.);
#10720 = LINE('',#10721,#10722);
#10721 = CARTESIAN_POINT('',(-13.92899990081,12.380999565125,3.));
#10722 = VECTOR('',#10723,1.);
#10723 = DIRECTION('',(-2.41508564505E-02,0.202017813589,-0.979084030676
    ));
#10724 = PCURVE('',#10704,#10725);
#10725 = DEFINITIONAL_REPRESENTATION('',(#10726),#10730);
#10726 = LINE('',#10727,#10728);
#10727 = CARTESIAN_POINT('',(-0.171874106058,1.639829916793));
#10728 = VECTOR('',#10729,1.);
#10729 = DIRECTION('',(0.203456287381,-0.979084030676));
#10730 = ( GEOMETRIC_REPRESENTATION_CONTEXT(2) 
PARAMETRIC_REPRESENTATION_CONTEXT() REPRESENTATION_CONTEXT('2D SPACE',''
  ) );
#10731 = ORIENTED_EDGE('',*,*,#10732,.F.);
#10732 = EDGE_CURVE('',#10696,#10717,#10733,.T.);
#10733 = SURFACE_CURVE('',#10734,(#10738),.PCURVE_S1.);
#10734 = LINE('',#10735,#10736);
#10735 = CARTESIAN_POINT('',(-13.92899990081,12.380999565125,0.));
#10736 = VECTOR('',#10737,1.);
#10737 = DIRECTION('',(0.,0.,1.));
#10738 = PCURVE('',#10704,#10739);
#10739 = DEFINITIONAL_REPRESENTATION('',(#10740),#10744);
#10740 = LINE('',#10741,#10742);
#10741 = CARTESIAN_POINT('',(-0.171874106058,-1.360170083207));
#10742 = VECTOR('',#10743,1.);
#10743 = DIRECTION('',(0.,1.));
#10744 = ( GEOMETRIC_REPRESENTATION_CONTEXT(2) 
PARAMETRIC_REPRESENTATION_CONTEXT() REPRESENTATION_CONTEXT('2D SPACE',''
  ) );
#10745 = SHELL_BASED_SURFACE_MODEL('',(#10746));
#10746 = OPEN_SHELL('',(#10747));
#10747 = ADVANCED_FACE('',(#10748),#10762,.T.);
#10748 = FACE_BOUND('',#10749,.T.);
#10749 = EDGE_LOOP('',(#10750,#10773,#10789));
#10750 = ORIENTED_EDGE('',*,*,#10751,.F.);
#10751 = EDGE_CURVE('',#10752,#10754,#10756,.T.);
#10752 = VERTEX_POINT('',#10753);
#10753 = CARTESIAN_POINT('',(-13.92899990081,13.619000434875,0.));
#10754 = VERTEX_POINT('',#10755);
#10755 = CARTESIAN_POINT('',(-14.00300025939,13.,0.));
#10756 = SURFACE_CURVE('',#10757,(#10761),.PCURVE_S1.);
#10757 = LINE('',#10758,#10759);
#10758 = CARTESIAN_POINT('',(-13.92899990081,13.619000434875,0.));
#10759 = VECTOR('',#10760,1.);
#10760 = DIRECTION('',(-0.118702925141,-0.992929814017,0.));
#10761 = PCURVE('',#10762,#10767);
#10762 = PLANE('',#10763);
#10763 = AXIS2_PLACEMENT_3D('',#10764,#10765,#10766);
#10764 = CARTESIAN_POINT('',(-13.94940185996,13.448341510713,
    1.360170083207));
#10765 = DIRECTION('',(0.992929814017,-0.118702925141,0.));
#10766 = DIRECTION('',(0.118702925141,0.992929814017,0.));
#10767 = DEFINITIONAL_REPRESENTATION('',(#10768),#10772);
#10768 = LINE('',#10769,#10770);
#10769 = CARTESIAN_POINT('',(0.171874106058,-1.360170083207));
#10770 = VECTOR('',#10771,1.);
#10771 = DIRECTION('',(-1.,0.));
#10772 = ( GEOMETRIC_REPRESENTATION_CONTEXT(2) 
PARAMETRIC_REPRESENTATION_CONTEXT() REPRESENTATION_CONTEXT('2D SPACE',''
  ) );
#10773 = ORIENTED_EDGE('',*,*,#10774,.T.);
#10774 = EDGE_CURVE('',#10752,#10775,#10777,.T.);
#10775 = VERTEX_POINT('',#10776);
#10776 = CARTESIAN_POINT('',(-13.92899990081,13.619000434875,3.));
#10777 = SURFACE_CURVE('',#10778,(#10782),.PCURVE_S1.);
#10778 = LINE('',#10779,#10780);
#10779 = CARTESIAN_POINT('',(-13.92899990081,13.619000434875,0.));
#10780 = VECTOR('',#10781,1.);
#10781 = DIRECTION('',(0.,0.,1.));
#10782 = PCURVE('',#10762,#10783);
#10783 = DEFINITIONAL_REPRESENTATION('',(#10784),#10788);
#10784 = LINE('',#10785,#10786);
#10785 = CARTESIAN_POINT('',(0.171874106058,-1.360170083207));
#10786 = VECTOR('',#10787,1.);
#10787 = DIRECTION('',(0.,1.));
#10788 = ( GEOMETRIC_REPRESENTATION_CONTEXT(2) 
PARAMETRIC_REPRESENTATION_CONTEXT() REPRESENTATION_CONTEXT('2D SPACE',''
  ) );
#10789 = ORIENTED_EDGE('',*,*,#10790,.F.);
#10790 = EDGE_CURVE('',#10754,#10775,#10791,.T.);
#10791 = SURFACE_CURVE('',#10792,(#10796),.PCURVE_S1.);
#10792 = LINE('',#10793,#10794);
#10793 = CARTESIAN_POINT('',(-14.00300025939,13.,0.));
#10794 = VECTOR('',#10795,1.);
#10795 = DIRECTION('',(2.41508564505E-02,0.202017813589,0.979084030676)
  );
#10796 = PCURVE('',#10762,#10797);
#10797 = DEFINITIONAL_REPRESENTATION('',(#10798),#10802);
#10798 = LINE('',#10799,#10800);
#10799 = CARTESIAN_POINT('',(-0.451533939644,-1.360170083207));
#10800 = VECTOR('',#10801,1.);
#10801 = DIRECTION('',(0.203456287381,0.979084030676));
#10802 = ( GEOMETRIC_REPRESENTATION_CONTEXT(2) 
PARAMETRIC_REPRESENTATION_CONTEXT() REPRESENTATION_CONTEXT('2D SPACE',''
  ) );
#10803 = SHELL_BASED_SURFACE_MODEL('',(#10804));
#10804 = OPEN_SHELL('',(#10805));
#10805 = ADVANCED_FACE('',(#10806),#10820,.T.);
#10806 = FACE_BOUND('',#10807,.T.);
#10807 = EDGE_LOOP('',(#10808,#10831,#10847));
#10808 = ORIENTED_EDGE('',*,*,#10809,.F.);
#10809 = EDGE_CURVE('',#10810,#10812,#10814,.T.);
#10810 = VERTEX_POINT('',#10811);
#10811 = CARTESIAN_POINT('',(-13.92899990081,13.619000434875,3.));
#10812 = VERTEX_POINT('',#10813);
#10813 = CARTESIAN_POINT('',(-13.71599960327,14.177000045776,3.));
#10814 = SURFACE_CURVE('',#10815,(#10819),.PCURVE_S1.);
#10815 = LINE('',#10816,#10817);
#10816 = CARTESIAN_POINT('',(-13.92899990081,13.619000434875,3.));
#10817 = VECTOR('',#10818,1.);
#10818 = DIRECTION('',(0.356622511537,0.934248566638,0.));
#10819 = PCURVE('',#10820,#10825);
#10820 = PLANE('',#10821);
#10821 = AXIS2_PLACEMENT_3D('',#10822,#10823,#10824);
#10822 = CARTESIAN_POINT('',(-13.87050054944,13.772251935833,
    1.634598338155));
#10823 = DIRECTION('',(0.934248566638,-0.356622511537,0.));
#10824 = DIRECTION('',(0.356622511537,0.934248566638,0.));
#10825 = DEFINITIONAL_REPRESENTATION('',(#10826),#10830);
#10826 = LINE('',#10827,#10828);
#10827 = CARTESIAN_POINT('',(-0.164037180714,1.365401661845));
#10828 = VECTOR('',#10829,1.);
#10829 = DIRECTION('',(1.,0.));
#10830 = ( GEOMETRIC_REPRESENTATION_CONTEXT(2) 
PARAMETRIC_REPRESENTATION_CONTEXT() REPRESENTATION_CONTEXT('2D SPACE',''
  ) );
#10831 = ORIENTED_EDGE('',*,*,#10832,.F.);
#10832 = EDGE_CURVE('',#10833,#10810,#10835,.T.);
#10833 = VERTEX_POINT('',#10834);
#10834 = CARTESIAN_POINT('',(-13.92899990081,13.619000434875,0.));
#10835 = SURFACE_CURVE('',#10836,(#10840),.PCURVE_S1.);
#10836 = LINE('',#10837,#10838);
#10837 = CARTESIAN_POINT('',(-13.92899990081,13.619000434875,0.));
#10838 = VECTOR('',#10839,1.);
#10839 = DIRECTION('',(0.,0.,1.));
#10840 = PCURVE('',#10820,#10841);
#10841 = DEFINITIONAL_REPRESENTATION('',(#10842),#10846);
#10842 = LINE('',#10843,#10844);
#10843 = CARTESIAN_POINT('',(-0.164037180714,-1.634598338155));
#10844 = VECTOR('',#10845,1.);
#10845 = DIRECTION('',(0.,1.));
#10846 = ( GEOMETRIC_REPRESENTATION_CONTEXT(2) 
PARAMETRIC_REPRESENTATION_CONTEXT() REPRESENTATION_CONTEXT('2D SPACE',''
  ) );
#10847 = ORIENTED_EDGE('',*,*,#10848,.T.);
#10848 = EDGE_CURVE('',#10833,#10812,#10849,.T.);
#10849 = SURFACE_CURVE('',#10850,(#10854),.PCURVE_S1.);
#10850 = LINE('',#10851,#10852);
#10851 = CARTESIAN_POINT('',(-13.92899990081,13.619000434875,0.));
#10852 = VECTOR('',#10853,1.);
#10853 = DIRECTION('',(6.963347981601E-02,0.182419720022,0.980751866802)
  );
#10854 = PCURVE('',#10820,#10855);
#10855 = DEFINITIONAL_REPRESENTATION('',(#10856),#10860);
#10856 = LINE('',#10857,#10858);
#10857 = CARTESIAN_POINT('',(-0.164037180714,-1.634598338155));
#10858 = VECTOR('',#10859,1.);
#10859 = DIRECTION('',(0.195258228416,0.980751866802));
#10860 = ( GEOMETRIC_REPRESENTATION_CONTEXT(2) 
PARAMETRIC_REPRESENTATION_CONTEXT() REPRESENTATION_CONTEXT('2D SPACE',''
  ) );
#10861 = SHELL_BASED_SURFACE_MODEL('',(#10862));
#10862 = OPEN_SHELL('',(#10863));
#10863 = ADVANCED_FACE('',(#10864),#10878,.T.);
#10864 = FACE_BOUND('',#10865,.T.);
#10865 = EDGE_LOOP('',(#10866,#10889,#10905));
#10866 = ORIENTED_EDGE('',*,*,#10867,.F.);
#10867 = EDGE_CURVE('',#10868,#10870,#10872,.T.);
#10868 = VERTEX_POINT('',#10869);
#10869 = CARTESIAN_POINT('',(-13.71599960327,14.177000045776,0.));
#10870 = VERTEX_POINT('',#10871);
#10871 = CARTESIAN_POINT('',(-13.92899990081,13.619000434875,0.));
#10872 = SURFACE_CURVE('',#10873,(#10877),.PCURVE_S1.);
#10873 = LINE('',#10874,#10875);
#10874 = CARTESIAN_POINT('',(-13.71599960327,14.177000045776,0.));
#10875 = VECTOR('',#10876,1.);
#10876 = DIRECTION('',(-0.356622511537,-0.934248566638,0.));
#10877 = PCURVE('',#10878,#10883);
#10878 = PLANE('',#10879);
#10879 = AXIS2_PLACEMENT_3D('',#10880,#10881,#10882);
#10880 = CARTESIAN_POINT('',(-13.77449895464,14.023748544819,
    1.365401661845));
#10881 = DIRECTION('',(0.934248566638,-0.356622511537,0.));
#10882 = DIRECTION('',(0.356622511537,0.934248566638,0.));
#10883 = DEFINITIONAL_REPRESENTATION('',(#10884),#10888);
#10884 = LINE('',#10885,#10886);
#10885 = CARTESIAN_POINT('',(0.164037180714,-1.365401661845));
#10886 = VECTOR('',#10887,1.);
#10887 = DIRECTION('',(-1.,0.));
#10888 = ( GEOMETRIC_REPRESENTATION_CONTEXT(2) 
PARAMETRIC_REPRESENTATION_CONTEXT() REPRESENTATION_CONTEXT('2D SPACE',''
  ) );
#10889 = ORIENTED_EDGE('',*,*,#10890,.T.);
#10890 = EDGE_CURVE('',#10868,#10891,#10893,.T.);
#10891 = VERTEX_POINT('',#10892);
#10892 = CARTESIAN_POINT('',(-13.71599960327,14.177000045776,3.));
#10893 = SURFACE_CURVE('',#10894,(#10898),.PCURVE_S1.);
#10894 = LINE('',#10895,#10896);
#10895 = CARTESIAN_POINT('',(-13.71599960327,14.177000045776,0.));
#10896 = VECTOR('',#10897,1.);
#10897 = DIRECTION('',(0.,0.,1.));
#10898 = PCURVE('',#10878,#10899);
#10899 = DEFINITIONAL_REPRESENTATION('',(#10900),#10904);
#10900 = LINE('',#10901,#10902);
#10901 = CARTESIAN_POINT('',(0.164037180714,-1.365401661845));
#10902 = VECTOR('',#10903,1.);
#10903 = DIRECTION('',(0.,1.));
#10904 = ( GEOMETRIC_REPRESENTATION_CONTEXT(2) 
PARAMETRIC_REPRESENTATION_CONTEXT() REPRESENTATION_CONTEXT('2D SPACE',''
  ) );
#10905 = ORIENTED_EDGE('',*,*,#10906,.F.);
#10906 = EDGE_CURVE('',#10870,#10891,#10907,.T.);
#10907 = SURFACE_CURVE('',#10908,(#10912),.PCURVE_S1.);
#10908 = LINE('',#10909,#10910);
#10909 = CARTESIAN_POINT('',(-13.92899990081,13.619000434875,0.));
#10910 = VECTOR('',#10911,1.);
#10911 = DIRECTION('',(6.963347981601E-02,0.182419720022,0.980751866802)
  );
#10912 = PCURVE('',#10878,#10913);
#10913 = DEFINITIONAL_REPRESENTATION('',(#10914),#10918);
#10914 = LINE('',#10915,#10916);
#10915 = CARTESIAN_POINT('',(-0.433233857024,-1.365401661845));
#10916 = VECTOR('',#10917,1.);
#10917 = DIRECTION('',(0.195258228416,0.980751866802));
#10918 = ( GEOMETRIC_REPRESENTATION_CONTEXT(2) 
PARAMETRIC_REPRESENTATION_CONTEXT() REPRESENTATION_CONTEXT('2D SPACE',''
  ) );
#10919 = SHELL_BASED_SURFACE_MODEL('',(#10920));
#10920 = OPEN_SHELL('',(#10921));
#10921 = ADVANCED_FACE('',(#10922),#10936,.T.);
#10922 = FACE_BOUND('',#10923,.T.);
#10923 = EDGE_LOOP('',(#10924,#10947,#10963));
#10924 = ORIENTED_EDGE('',*,*,#10925,.T.);
#10925 = EDGE_CURVE('',#10926,#10928,#10930,.T.);
#10926 = VERTEX_POINT('',#10927);
#10927 = CARTESIAN_POINT('',(-13.71599960327,14.177000045776,3.));
#10928 = VERTEX_POINT('',#10929);
#10929 = CARTESIAN_POINT('',(-13.38300037384,14.619999885559,0.));
#10930 = SURFACE_CURVE('',#10931,(#10935),.PCURVE_S1.);
#10931 = LINE('',#10932,#10933);
#10932 = CARTESIAN_POINT('',(-13.71599960327,14.177000045776,3.));
#10933 = VECTOR('',#10934,1.);
#10934 = DIRECTION('',(0.109152871975,0.145209659732,-0.983361482498));
#10935 = PCURVE('',#10936,#10941);
#10936 = PLANE('',#10937);
#10937 = AXIS2_PLACEMENT_3D('',#10938,#10939,#10940);
#10938 = CARTESIAN_POINT('',(-13.47387517708,14.499106142513,
    1.625859901992));
#10939 = DIRECTION('',(0.799350509993,-0.600865011607,0.));
#10940 = DIRECTION('',(0.600865011607,0.799350509993,0.));
#10941 = DEFINITIONAL_REPRESENTATION('',(#10942),#10946);
#10942 = LINE('',#10943,#10944);
#10943 = CARTESIAN_POINT('',(-0.402959768849,1.374140098008));
#10944 = VECTOR('',#10945,1.);
#10945 = DIRECTION('',(0.181659557248,-0.983361482498));
#10946 = ( GEOMETRIC_REPRESENTATION_CONTEXT(2) 
PARAMETRIC_REPRESENTATION_CONTEXT() REPRESENTATION_CONTEXT('2D SPACE',''
  ) );
#10947 = ORIENTED_EDGE('',*,*,#10948,.T.);
#10948 = EDGE_CURVE('',#10928,#10949,#10951,.T.);
#10949 = VERTEX_POINT('',#10950);
#10950 = CARTESIAN_POINT('',(-13.38300037384,14.619999885559,3.));
#10951 = SURFACE_CURVE('',#10952,(#10956),.PCURVE_S1.);
#10952 = LINE('',#10953,#10954);
#10953 = CARTESIAN_POINT('',(-13.38300037384,14.619999885559,0.));
#10954 = VECTOR('',#10955,1.);
#10955 = DIRECTION('',(0.,0.,1.));
#10956 = PCURVE('',#10936,#10957);
#10957 = DEFINITIONAL_REPRESENTATION('',(#10958),#10962);
#10958 = LINE('',#10959,#10960);
#10959 = CARTESIAN_POINT('',(0.151239964865,-1.625859901992));
#10960 = VECTOR('',#10961,1.);
#10961 = DIRECTION('',(0.,1.));
#10962 = ( GEOMETRIC_REPRESENTATION_CONTEXT(2) 
PARAMETRIC_REPRESENTATION_CONTEXT() REPRESENTATION_CONTEXT('2D SPACE',''
  ) );
#10963 = ORIENTED_EDGE('',*,*,#10964,.F.);
#10964 = EDGE_CURVE('',#10926,#10949,#10965,.T.);
#10965 = SURFACE_CURVE('',#10966,(#10970),.PCURVE_S1.);
#10966 = LINE('',#10967,#10968);
#10967 = CARTESIAN_POINT('',(-13.71599960327,14.177000045776,3.));
#10968 = VECTOR('',#10969,1.);
#10969 = DIRECTION('',(0.600865011607,0.799350509993,0.));
#10970 = PCURVE('',#10936,#10971);
#10971 = DEFINITIONAL_REPRESENTATION('',(#10972),#10976);
#10972 = LINE('',#10973,#10974);
#10973 = CARTESIAN_POINT('',(-0.402959768849,1.374140098008));
#10974 = VECTOR('',#10975,1.);
#10975 = DIRECTION('',(1.,0.));
#10976 = ( GEOMETRIC_REPRESENTATION_CONTEXT(2) 
PARAMETRIC_REPRESENTATION_CONTEXT() REPRESENTATION_CONTEXT('2D SPACE',''
  ) );
#10977 = SHELL_BASED_SURFACE_MODEL('',(#10978));
#10978 = OPEN_SHELL('',(#10979));
#10979 = ADVANCED_FACE('',(#10980),#10994,.T.);
#10980 = FACE_BOUND('',#10981,.T.);
#10981 = EDGE_LOOP('',(#10982,#11005,#11021));
#10982 = ORIENTED_EDGE('',*,*,#10983,.F.);
#10983 = EDGE_CURVE('',#10984,#10986,#10988,.T.);
#10984 = VERTEX_POINT('',#10985);
#10985 = CARTESIAN_POINT('',(-13.38300037384,14.619999885559,0.));
#10986 = VERTEX_POINT('',#10987);
#10987 = CARTESIAN_POINT('',(-13.71599960327,14.177000045776,0.));
#10988 = SURFACE_CURVE('',#10989,(#10993),.PCURVE_S1.);
#10989 = LINE('',#10990,#10991);
#10990 = CARTESIAN_POINT('',(-13.38300037384,14.619999885559,0.));
#10991 = VECTOR('',#10992,1.);
#10992 = DIRECTION('',(-0.600865011607,-0.799350509993,0.));
#10993 = PCURVE('',#10994,#10999);
#10994 = PLANE('',#10995);
#10995 = AXIS2_PLACEMENT_3D('',#10996,#10997,#10998);
#10996 = CARTESIAN_POINT('',(-13.62512480002,14.297893788823,
    1.374140098008));
#10997 = DIRECTION('',(0.799350509993,-0.600865011607,0.));
#10998 = DIRECTION('',(0.600865011607,0.799350509993,0.));
#10999 = DEFINITIONAL_REPRESENTATION('',(#11000),#11004);
#11000 = LINE('',#11001,#11002);
#11001 = CARTESIAN_POINT('',(0.402959768849,-1.374140098008));
#11002 = VECTOR('',#11003,1.);
#11003 = DIRECTION('',(-1.,0.));
#11004 = ( GEOMETRIC_REPRESENTATION_CONTEXT(2) 
PARAMETRIC_REPRESENTATION_CONTEXT() REPRESENTATION_CONTEXT('2D SPACE',''
  ) );
#11005 = ORIENTED_EDGE('',*,*,#11006,.F.);
#11006 = EDGE_CURVE('',#11007,#10984,#11009,.T.);
#11007 = VERTEX_POINT('',#11008);
#11008 = CARTESIAN_POINT('',(-13.71599960327,14.177000045776,3.));
#11009 = SURFACE_CURVE('',#11010,(#11014),.PCURVE_S1.);
#11010 = LINE('',#11011,#11012);
#11011 = CARTESIAN_POINT('',(-13.71599960327,14.177000045776,3.));
#11012 = VECTOR('',#11013,1.);
#11013 = DIRECTION('',(0.109152871975,0.145209659732,-0.983361482498));
#11014 = PCURVE('',#10994,#11015);
#11015 = DEFINITIONAL_REPRESENTATION('',(#11016),#11020);
#11016 = LINE('',#11017,#11018);
#11017 = CARTESIAN_POINT('',(-0.151239964865,1.625859901992));
#11018 = VECTOR('',#11019,1.);
#11019 = DIRECTION('',(0.181659557248,-0.983361482498));
#11020 = ( GEOMETRIC_REPRESENTATION_CONTEXT(2) 
PARAMETRIC_REPRESENTATION_CONTEXT() REPRESENTATION_CONTEXT('2D SPACE',''
  ) );
#11021 = ORIENTED_EDGE('',*,*,#11022,.F.);
#11022 = EDGE_CURVE('',#10986,#11007,#11023,.T.);
#11023 = SURFACE_CURVE('',#11024,(#11028),.PCURVE_S1.);
#11024 = LINE('',#11025,#11026);
#11025 = CARTESIAN_POINT('',(-13.71599960327,14.177000045776,0.));
#11026 = VECTOR('',#11027,1.);
#11027 = DIRECTION('',(0.,0.,1.));
#11028 = PCURVE('',#10994,#11029);
#11029 = DEFINITIONAL_REPRESENTATION('',(#11030),#11034);
#11030 = LINE('',#11031,#11032);
#11031 = CARTESIAN_POINT('',(-0.151239964865,-1.374140098008));
#11032 = VECTOR('',#11033,1.);
#11033 = DIRECTION('',(0.,1.));
#11034 = ( GEOMETRIC_REPRESENTATION_CONTEXT(2) 
PARAMETRIC_REPRESENTATION_CONTEXT() REPRESENTATION_CONTEXT('2D SPACE',''
  ) );
#11035 = SHELL_BASED_SURFACE_MODEL('',(#11036));
#11036 = OPEN_SHELL('',(#11037));
#11037 = ADVANCED_FACE('',(#11038),#11052,.T.);
#11038 = FACE_BOUND('',#11039,.T.);
#11039 = EDGE_LOOP('',(#11040,#11063,#11079));
#11040 = ORIENTED_EDGE('',*,*,#11041,.F.);
#11041 = EDGE_CURVE('',#11042,#11044,#11046,.T.);
#11042 = VERTEX_POINT('',#11043);
#11043 = CARTESIAN_POINT('',(-13.38300037384,14.619999885559,3.));
#11044 = VERTEX_POINT('',#11045);
#11045 = CARTESIAN_POINT('',(-12.96399974823,14.904000282288,0.));
#11046 = SURFACE_CURVE('',#11047,(#11051),.PCURVE_S1.);
#11047 = LINE('',#11048,#11049);
#11048 = CARTESIAN_POINT('',(-13.38300037384,14.619999885559,3.));
#11049 = VECTOR('',#11050,1.);
#11050 = DIRECTION('',(0.137720277799,9.334738695327E-02,-0.986062569228
    ));
#11051 = PCURVE('',#11052,#11057);
#11052 = PLANE('',#11053);
#11053 = AXIS2_PLACEMENT_3D('',#11054,#11055,#11056);
#11054 = CARTESIAN_POINT('',(-13.26947516786,14.696947750465,
    1.38405593064));
#11055 = DIRECTION('',(0.561066502299,-0.827770729126,-0.));
#11056 = DIRECTION('',(-0.827770729126,-0.561066502299,0.));
#11057 = DEFINITIONAL_REPRESENTATION('',(#11058),#11062);
#11058 = LINE('',#11059,#11060);
#11059 = CARTESIAN_POINT('',(0.137145711945,-1.61594406936));
#11060 = VECTOR('',#11061,1.);
#11061 = DIRECTION('',(-0.166374906666,0.986062569228));
#11062 = ( GEOMETRIC_REPRESENTATION_CONTEXT(2) 
PARAMETRIC_REPRESENTATION_CONTEXT() REPRESENTATION_CONTEXT('2D SPACE',''
  ) );
#11063 = ORIENTED_EDGE('',*,*,#11064,.F.);
#11064 = EDGE_CURVE('',#11065,#11042,#11067,.T.);
#11065 = VERTEX_POINT('',#11066);
#11066 = CARTESIAN_POINT('',(-13.38300037384,14.619999885559,0.));
#11067 = SURFACE_CURVE('',#11068,(#11072),.PCURVE_S1.);
#11068 = LINE('',#11069,#11070);
#11069 = CARTESIAN_POINT('',(-13.38300037384,14.619999885559,0.));
#11070 = VECTOR('',#11071,1.);
#11071 = DIRECTION('',(0.,0.,1.));
#11072 = PCURVE('',#11052,#11073);
#11073 = DEFINITIONAL_REPRESENTATION('',(#11074),#11078);
#11074 = LINE('',#11075,#11076);
#11075 = CARTESIAN_POINT('',(0.137145711945,1.38405593064));
#11076 = VECTOR('',#11077,1.);
#11077 = DIRECTION('',(0.,-1.));
#11078 = ( GEOMETRIC_REPRESENTATION_CONTEXT(2) 
PARAMETRIC_REPRESENTATION_CONTEXT() REPRESENTATION_CONTEXT('2D SPACE',''
  ) );
#11079 = ORIENTED_EDGE('',*,*,#11080,.F.);
#11080 = EDGE_CURVE('',#11044,#11065,#11081,.T.);
#11081 = SURFACE_CURVE('',#11082,(#11086),.PCURVE_S1.);
#11082 = LINE('',#11083,#11084);
#11083 = CARTESIAN_POINT('',(-12.96399974823,14.904000282288,0.));
#11084 = VECTOR('',#11085,1.);
#11085 = DIRECTION('',(-0.827770729126,-0.561066502299,0.));
#11086 = PCURVE('',#11052,#11087);
#11087 = DEFINITIONAL_REPRESENTATION('',(#11088),#11092);
#11088 = LINE('',#11089,#11090);
#11089 = CARTESIAN_POINT('',(-0.369033850665,1.38405593064));
#11090 = VECTOR('',#11091,1.);
#11091 = DIRECTION('',(1.,0.));
#11092 = ( GEOMETRIC_REPRESENTATION_CONTEXT(2) 
PARAMETRIC_REPRESENTATION_CONTEXT() REPRESENTATION_CONTEXT('2D SPACE',''
  ) );
#11093 = SHELL_BASED_SURFACE_MODEL('',(#11094));
#11094 = OPEN_SHELL('',(#11095));
#11095 = ADVANCED_FACE('',(#11096),#11110,.T.);
#11096 = FACE_BOUND('',#11097,.T.);
#11097 = EDGE_LOOP('',(#11098,#11121,#11137));
#11098 = ORIENTED_EDGE('',*,*,#11099,.T.);
#11099 = EDGE_CURVE('',#11100,#11102,#11104,.T.);
#11100 = VERTEX_POINT('',#11101);
#11101 = CARTESIAN_POINT('',(-12.5,15.003000259399,0.));
#11102 = VERTEX_POINT('',#11103);
#11103 = CARTESIAN_POINT('',(-12.5,15.003000259399,3.));
#11104 = SURFACE_CURVE('',#11105,(#11109),.PCURVE_S1.);
#11105 = LINE('',#11106,#11107);
#11106 = CARTESIAN_POINT('',(-12.5,15.003000259399,0.));
#11107 = VECTOR('',#11108,1.);
#11108 = DIRECTION('',(0.,0.,1.));
#11109 = PCURVE('',#11110,#11115);
#11110 = PLANE('',#11111);
#11111 = AXIS2_PLACEMENT_3D('',#11112,#11113,#11114);
#11112 = CARTESIAN_POINT('',(-12.62511586198,14.976305271914,
    1.39071020119));
#11113 = DIRECTION('',(0.208665413594,-0.977987088447,-0.));
#11114 = DIRECTION('',(-0.977987088447,-0.208665413594,0.));
#11115 = DEFINITIONAL_REPRESENTATION('',(#11116),#11120);
#11116 = LINE('',#11117,#11118);
#11117 = CARTESIAN_POINT('',(-0.127932018181,1.39071020119));
#11118 = VECTOR('',#11119,1.);
#11119 = DIRECTION('',(0.,-1.));
#11120 = ( GEOMETRIC_REPRESENTATION_CONTEXT(2) 
PARAMETRIC_REPRESENTATION_CONTEXT() REPRESENTATION_CONTEXT('2D SPACE',''
  ) );
#11121 = ORIENTED_EDGE('',*,*,#11122,.F.);
#11122 = EDGE_CURVE('',#11123,#11102,#11125,.T.);
#11123 = VERTEX_POINT('',#11124);
#11124 = CARTESIAN_POINT('',(-12.96399974823,14.904000282288,0.));
#11125 = SURFACE_CURVE('',#11126,(#11130),.PCURVE_S1.);
#11126 = LINE('',#11127,#11128);
#11127 = CARTESIAN_POINT('',(-12.96399974823,14.904000282288,0.));
#11128 = VECTOR('',#11129,1.);
#11129 = DIRECTION('',(0.152767960192,3.259489820875E-02,0.9877244165));
#11130 = PCURVE('',#11110,#11131);
#11131 = DEFINITIONAL_REPRESENTATION('',(#11132),#11136);
#11132 = LINE('',#11133,#11134);
#11133 = CARTESIAN_POINT('',(0.346511615801,1.39071020119));
#11134 = VECTOR('',#11135,1.);
#11135 = DIRECTION('',(-0.156206520512,-0.9877244165));
#11136 = ( GEOMETRIC_REPRESENTATION_CONTEXT(2) 
PARAMETRIC_REPRESENTATION_CONTEXT() REPRESENTATION_CONTEXT('2D SPACE',''
  ) );
#11137 = ORIENTED_EDGE('',*,*,#11138,.F.);
#11138 = EDGE_CURVE('',#11100,#11123,#11139,.T.);
#11139 = SURFACE_CURVE('',#11140,(#11144),.PCURVE_S1.);
#11140 = LINE('',#11141,#11142);
#11141 = CARTESIAN_POINT('',(-12.5,15.003000259399,0.));
#11142 = VECTOR('',#11143,1.);
#11143 = DIRECTION('',(-0.977987088447,-0.208665413594,0.));
#11144 = PCURVE('',#11110,#11145);
#11145 = DEFINITIONAL_REPRESENTATION('',(#11146),#11150);
#11146 = LINE('',#11147,#11148);
#11147 = CARTESIAN_POINT('',(-0.127932018181,1.39071020119));
#11148 = VECTOR('',#11149,1.);
#11149 = DIRECTION('',(1.,0.));
#11150 = ( GEOMETRIC_REPRESENTATION_CONTEXT(2) 
PARAMETRIC_REPRESENTATION_CONTEXT() REPRESENTATION_CONTEXT('2D SPACE',''
  ) );
#11151 = SHELL_BASED_SURFACE_MODEL('',(#11152));
#11152 = OPEN_SHELL('',(#11153));
#11153 = ADVANCED_FACE('',(#11154),#11168,.T.);
#11154 = FACE_BOUND('',#11155,.T.);
#11155 = EDGE_LOOP('',(#11156,#11179,#11195));
#11156 = ORIENTED_EDGE('',*,*,#11157,.F.);
#11157 = EDGE_CURVE('',#11158,#11160,#11162,.T.);
#11158 = VERTEX_POINT('',#11159);
#11159 = CARTESIAN_POINT('',(-12.5,15.003000259399,3.));
#11160 = VERTEX_POINT('',#11161);
#11161 = CARTESIAN_POINT('',(-12.03600025177,14.904000282288,3.));
#11162 = SURFACE_CURVE('',#11163,(#11167),.PCURVE_S1.);
#11163 = LINE('',#11164,#11165);
#11164 = CARTESIAN_POINT('',(-12.5,15.003000259399,3.));
#11165 = VECTOR('',#11166,1.);
#11166 = DIRECTION('',(0.977987088447,-0.208665413594,0.));
#11167 = PCURVE('',#11168,#11173);
#11168 = PLANE('',#11169);
#11169 = AXIS2_PLACEMENT_3D('',#11170,#11171,#11172);
#11170 = CARTESIAN_POINT('',(-12.37488413802,14.976305271914,
    1.60928979881));
#11171 = DIRECTION('',(-0.208665413594,-0.977987088447,-0.));
#11172 = DIRECTION('',(-0.977987088447,0.208665413594,0.));
#11173 = DEFINITIONAL_REPRESENTATION('',(#11174),#11178);
#11174 = LINE('',#11175,#11176);
#11175 = CARTESIAN_POINT('',(0.127932018181,-1.39071020119));
#11176 = VECTOR('',#11177,1.);
#11177 = DIRECTION('',(-1.,0.));
#11178 = ( GEOMETRIC_REPRESENTATION_CONTEXT(2) 
PARAMETRIC_REPRESENTATION_CONTEXT() REPRESENTATION_CONTEXT('2D SPACE',''
  ) );
#11179 = ORIENTED_EDGE('',*,*,#11180,.F.);
#11180 = EDGE_CURVE('',#11181,#11158,#11183,.T.);
#11181 = VERTEX_POINT('',#11182);
#11182 = CARTESIAN_POINT('',(-12.5,15.003000259399,0.));
#11183 = SURFACE_CURVE('',#11184,(#11188),.PCURVE_S1.);
#11184 = LINE('',#11185,#11186);
#11185 = CARTESIAN_POINT('',(-12.5,15.003000259399,0.));
#11186 = VECTOR('',#11187,1.);
#11187 = DIRECTION('',(0.,0.,1.));
#11188 = PCURVE('',#11168,#11189);
#11189 = DEFINITIONAL_REPRESENTATION('',(#11190),#11194);
#11190 = LINE('',#11191,#11192);
#11191 = CARTESIAN_POINT('',(0.127932018181,1.60928979881));
#11192 = VECTOR('',#11193,1.);
#11193 = DIRECTION('',(0.,-1.));
#11194 = ( GEOMETRIC_REPRESENTATION_CONTEXT(2) 
PARAMETRIC_REPRESENTATION_CONTEXT() REPRESENTATION_CONTEXT('2D SPACE',''
  ) );
#11195 = ORIENTED_EDGE('',*,*,#11196,.T.);
#11196 = EDGE_CURVE('',#11181,#11160,#11197,.T.);
#11197 = SURFACE_CURVE('',#11198,(#11202),.PCURVE_S1.);
#11198 = LINE('',#11199,#11200);
#11199 = CARTESIAN_POINT('',(-12.5,15.003000259399,0.));
#11200 = VECTOR('',#11201,1.);
#11201 = DIRECTION('',(0.152767960192,-3.259489820875E-02,0.9877244165)
  );
#11202 = PCURVE('',#11168,#11203);
#11203 = DEFINITIONAL_REPRESENTATION('',(#11204),#11208);
#11204 = LINE('',#11205,#11206);
#11205 = CARTESIAN_POINT('',(0.127932018181,1.60928979881));
#11206 = VECTOR('',#11207,1.);
#11207 = DIRECTION('',(-0.156206520512,-0.9877244165));
#11208 = ( GEOMETRIC_REPRESENTATION_CONTEXT(2) 
PARAMETRIC_REPRESENTATION_CONTEXT() REPRESENTATION_CONTEXT('2D SPACE',''
  ) );
#11209 = SHELL_BASED_SURFACE_MODEL('',(#11210));
#11210 = OPEN_SHELL('',(#11211));
#11211 = ADVANCED_FACE('',(#11212),#11226,.T.);
#11212 = FACE_BOUND('',#11213,.T.);
#11213 = EDGE_LOOP('',(#11214,#11237,#11253));
#11214 = ORIENTED_EDGE('',*,*,#11215,.F.);
#11215 = EDGE_CURVE('',#11216,#11218,#11220,.T.);
#11216 = VERTEX_POINT('',#11217);
#11217 = CARTESIAN_POINT('',(-12.03600025177,14.904000282288,0.));
#11218 = VERTEX_POINT('',#11219);
#11219 = CARTESIAN_POINT('',(-12.5,15.003000259399,0.));
#11220 = SURFACE_CURVE('',#11221,(#11225),.PCURVE_S1.);
#11221 = LINE('',#11222,#11223);
#11222 = CARTESIAN_POINT('',(-12.03600025177,14.904000282288,0.));
#11223 = VECTOR('',#11224,1.);
#11224 = DIRECTION('',(-0.977987088447,0.208665413594,0.));
#11225 = PCURVE('',#11226,#11231);
#11226 = PLANE('',#11227);
#11227 = AXIS2_PLACEMENT_3D('',#11228,#11229,#11230);
#11228 = CARTESIAN_POINT('',(-12.16111611375,14.930695269773,
    1.39071020119));
#11229 = DIRECTION('',(-0.208665413594,-0.977987088447,-0.));
#11230 = DIRECTION('',(-0.977987088447,0.208665413594,0.));
#11231 = DEFINITIONAL_REPRESENTATION('',(#11232),#11236);
#11232 = LINE('',#11233,#11234);
#11233 = CARTESIAN_POINT('',(-0.127932018181,1.39071020119));
#11234 = VECTOR('',#11235,1.);
#11235 = DIRECTION('',(1.,0.));
#11236 = ( GEOMETRIC_REPRESENTATION_CONTEXT(2) 
PARAMETRIC_REPRESENTATION_CONTEXT() REPRESENTATION_CONTEXT('2D SPACE',''
  ) );
#11237 = ORIENTED_EDGE('',*,*,#11238,.T.);
#11238 = EDGE_CURVE('',#11216,#11239,#11241,.T.);
#11239 = VERTEX_POINT('',#11240);
#11240 = CARTESIAN_POINT('',(-12.03600025177,14.904000282288,3.));
#11241 = SURFACE_CURVE('',#11242,(#11246),.PCURVE_S1.);
#11242 = LINE('',#11243,#11244);
#11243 = CARTESIAN_POINT('',(-12.03600025177,14.904000282288,0.));
#11244 = VECTOR('',#11245,1.);
#11245 = DIRECTION('',(0.,0.,1.));
#11246 = PCURVE('',#11226,#11247);
#11247 = DEFINITIONAL_REPRESENTATION('',(#11248),#11252);
#11248 = LINE('',#11249,#11250);
#11249 = CARTESIAN_POINT('',(-0.127932018181,1.39071020119));
#11250 = VECTOR('',#11251,1.);
#11251 = DIRECTION('',(0.,-1.));
#11252 = ( GEOMETRIC_REPRESENTATION_CONTEXT(2) 
PARAMETRIC_REPRESENTATION_CONTEXT() REPRESENTATION_CONTEXT('2D SPACE',''
  ) );
#11253 = ORIENTED_EDGE('',*,*,#11254,.F.);
#11254 = EDGE_CURVE('',#11218,#11239,#11255,.T.);
#11255 = SURFACE_CURVE('',#11256,(#11260),.PCURVE_S1.);
#11256 = LINE('',#11257,#11258);
#11257 = CARTESIAN_POINT('',(-12.5,15.003000259399,0.));
#11258 = VECTOR('',#11259,1.);
#11259 = DIRECTION('',(0.152767960192,-3.259489820875E-02,0.9877244165)
  );
#11260 = PCURVE('',#11226,#11261);
#11261 = DEFINITIONAL_REPRESENTATION('',(#11262),#11266);
#11262 = LINE('',#11263,#11264);
#11263 = CARTESIAN_POINT('',(0.346511615801,1.39071020119));
#11264 = VECTOR('',#11265,1.);
#11265 = DIRECTION('',(-0.156206520512,-0.9877244165));
#11266 = ( GEOMETRIC_REPRESENTATION_CONTEXT(2) 
PARAMETRIC_REPRESENTATION_CONTEXT() REPRESENTATION_CONTEXT('2D SPACE',''
  ) );
#11267 = SHELL_BASED_SURFACE_MODEL('',(#11268));
#11268 = OPEN_SHELL('',(#11269));
#11269 = ADVANCED_FACE('',(#11270),#11284,.T.);
#11270 = FACE_BOUND('',#11271,.T.);
#11271 = EDGE_LOOP('',(#11272,#11295,#11311));
#11272 = ORIENTED_EDGE('',*,*,#11273,.F.);
#11273 = EDGE_CURVE('',#11274,#11276,#11278,.T.);
#11274 = VERTEX_POINT('',#11275);
#11275 = CARTESIAN_POINT('',(-12.03600025177,14.904000282288,3.));
#11276 = VERTEX_POINT('',#11277);
#11277 = CARTESIAN_POINT('',(-11.61699962616,14.619999885559,3.));
#11278 = SURFACE_CURVE('',#11279,(#11283),.PCURVE_S1.);
#11279 = LINE('',#11280,#11281);
#11280 = CARTESIAN_POINT('',(-12.03600025177,14.904000282288,3.));
#11281 = VECTOR('',#11282,1.);
#11282 = DIRECTION('',(0.827770729126,-0.561066502299,0.));
#11283 = PCURVE('',#11284,#11289);
#11284 = PLANE('',#11285);
#11285 = AXIS2_PLACEMENT_3D('',#11286,#11287,#11288);
#11286 = CARTESIAN_POINT('',(-11.92247504579,14.827052417382,
    1.61594406936));
#11287 = DIRECTION('',(-0.561066502299,-0.827770729126,-0.));
#11288 = DIRECTION('',(-0.827770729126,0.561066502299,0.));
#11289 = DEFINITIONAL_REPRESENTATION('',(#11290),#11294);
#11290 = LINE('',#11291,#11292);
#11291 = CARTESIAN_POINT('',(0.137145711945,-1.38405593064));
#11292 = VECTOR('',#11293,1.);
#11293 = DIRECTION('',(-1.,0.));
#11294 = ( GEOMETRIC_REPRESENTATION_CONTEXT(2) 
PARAMETRIC_REPRESENTATION_CONTEXT() REPRESENTATION_CONTEXT('2D SPACE',''
  ) );
#11295 = ORIENTED_EDGE('',*,*,#11296,.F.);
#11296 = EDGE_CURVE('',#11297,#11274,#11299,.T.);
#11297 = VERTEX_POINT('',#11298);
#11298 = CARTESIAN_POINT('',(-12.03600025177,14.904000282288,0.));
#11299 = SURFACE_CURVE('',#11300,(#11304),.PCURVE_S1.);
#11300 = LINE('',#11301,#11302);
#11301 = CARTESIAN_POINT('',(-12.03600025177,14.904000282288,0.));
#11302 = VECTOR('',#11303,1.);
#11303 = DIRECTION('',(0.,0.,1.));
#11304 = PCURVE('',#11284,#11305);
#11305 = DEFINITIONAL_REPRESENTATION('',(#11306),#11310);
#11306 = LINE('',#11307,#11308);
#11307 = CARTESIAN_POINT('',(0.137145711945,1.61594406936));
#11308 = VECTOR('',#11309,1.);
#11309 = DIRECTION('',(0.,-1.));
#11310 = ( GEOMETRIC_REPRESENTATION_CONTEXT(2) 
PARAMETRIC_REPRESENTATION_CONTEXT() REPRESENTATION_CONTEXT('2D SPACE',''
  ) );
#11311 = ORIENTED_EDGE('',*,*,#11312,.T.);
#11312 = EDGE_CURVE('',#11297,#11276,#11313,.T.);
#11313 = SURFACE_CURVE('',#11314,(#11318),.PCURVE_S1.);
#11314 = LINE('',#11315,#11316);
#11315 = CARTESIAN_POINT('',(-12.03600025177,14.904000282288,0.));
#11316 = VECTOR('',#11317,1.);
#11317 = DIRECTION('',(0.137720277799,-9.334738695327E-02,0.986062569228
    ));
#11318 = PCURVE('',#11284,#11319);
#11319 = DEFINITIONAL_REPRESENTATION('',(#11320),#11324);
#11320 = LINE('',#11321,#11322);
#11321 = CARTESIAN_POINT('',(0.137145711945,1.61594406936));
#11322 = VECTOR('',#11323,1.);
#11323 = DIRECTION('',(-0.166374906666,-0.986062569228));
#11324 = ( GEOMETRIC_REPRESENTATION_CONTEXT(2) 
PARAMETRIC_REPRESENTATION_CONTEXT() REPRESENTATION_CONTEXT('2D SPACE',''
  ) );
#11325 = SHELL_BASED_SURFACE_MODEL('',(#11326));
#11326 = OPEN_SHELL('',(#11327));
#11327 = ADVANCED_FACE('',(#11328),#11342,.T.);
#11328 = FACE_BOUND('',#11329,.T.);
#11329 = EDGE_LOOP('',(#11330,#11353,#11369));
#11330 = ORIENTED_EDGE('',*,*,#11331,.F.);
#11331 = EDGE_CURVE('',#11332,#11334,#11336,.T.);
#11332 = VERTEX_POINT('',#11333);
#11333 = CARTESIAN_POINT('',(-11.61699962616,14.619999885559,0.));
#11334 = VERTEX_POINT('',#11335);
#11335 = CARTESIAN_POINT('',(-12.03600025177,14.904000282288,0.));
#11336 = SURFACE_CURVE('',#11337,(#11341),.PCURVE_S1.);
#11337 = LINE('',#11338,#11339);
#11338 = CARTESIAN_POINT('',(-11.61699962616,14.619999885559,0.));
#11339 = VECTOR('',#11340,1.);
#11340 = DIRECTION('',(-0.827770729126,0.561066502299,0.));
#11341 = PCURVE('',#11342,#11347);
#11342 = PLANE('',#11343);
#11343 = AXIS2_PLACEMENT_3D('',#11344,#11345,#11346);
#11344 = CARTESIAN_POINT('',(-11.73052483213,14.696947750465,
    1.38405593064));
#11345 = DIRECTION('',(-0.561066502299,-0.827770729126,-0.));
#11346 = DIRECTION('',(-0.827770729126,0.561066502299,0.));
#11347 = DEFINITIONAL_REPRESENTATION('',(#11348),#11352);
#11348 = LINE('',#11349,#11350);
#11349 = CARTESIAN_POINT('',(-0.137145711945,1.38405593064));
#11350 = VECTOR('',#11351,1.);
#11351 = DIRECTION('',(1.,0.));
#11352 = ( GEOMETRIC_REPRESENTATION_CONTEXT(2) 
PARAMETRIC_REPRESENTATION_CONTEXT() REPRESENTATION_CONTEXT('2D SPACE',''
  ) );
#11353 = ORIENTED_EDGE('',*,*,#11354,.T.);
#11354 = EDGE_CURVE('',#11332,#11355,#11357,.T.);
#11355 = VERTEX_POINT('',#11356);
#11356 = CARTESIAN_POINT('',(-11.61699962616,14.619999885559,3.));
#11357 = SURFACE_CURVE('',#11358,(#11362),.PCURVE_S1.);
#11358 = LINE('',#11359,#11360);
#11359 = CARTESIAN_POINT('',(-11.61699962616,14.619999885559,0.));
#11360 = VECTOR('',#11361,1.);
#11361 = DIRECTION('',(0.,0.,1.));
#11362 = PCURVE('',#11342,#11363);
#11363 = DEFINITIONAL_REPRESENTATION('',(#11364),#11368);
#11364 = LINE('',#11365,#11366);
#11365 = CARTESIAN_POINT('',(-0.137145711945,1.38405593064));
#11366 = VECTOR('',#11367,1.);
#11367 = DIRECTION('',(0.,-1.));
#11368 = ( GEOMETRIC_REPRESENTATION_CONTEXT(2) 
PARAMETRIC_REPRESENTATION_CONTEXT() REPRESENTATION_CONTEXT('2D SPACE',''
  ) );
#11369 = ORIENTED_EDGE('',*,*,#11370,.F.);
#11370 = EDGE_CURVE('',#11334,#11355,#11371,.T.);
#11371 = SURFACE_CURVE('',#11372,(#11376),.PCURVE_S1.);
#11372 = LINE('',#11373,#11374);
#11373 = CARTESIAN_POINT('',(-12.03600025177,14.904000282288,0.));
#11374 = VECTOR('',#11375,1.);
#11375 = DIRECTION('',(0.137720277799,-9.334738695327E-02,0.986062569228
    ));
#11376 = PCURVE('',#11342,#11377);
#11377 = DEFINITIONAL_REPRESENTATION('',(#11378),#11382);
#11378 = LINE('',#11379,#11380);
#11379 = CARTESIAN_POINT('',(0.369033850665,1.38405593064));
#11380 = VECTOR('',#11381,1.);
#11381 = DIRECTION('',(-0.166374906666,-0.986062569228));
#11382 = ( GEOMETRIC_REPRESENTATION_CONTEXT(2) 
PARAMETRIC_REPRESENTATION_CONTEXT() REPRESENTATION_CONTEXT('2D SPACE',''
  ) );
#11383 = SHELL_BASED_SURFACE_MODEL('',(#11384));
#11384 = OPEN_SHELL('',(#11385));
#11385 = ADVANCED_FACE('',(#11386),#11400,.T.);
#11386 = FACE_BOUND('',#11387,.T.);
#11387 = EDGE_LOOP('',(#11388,#11411,#11427));
#11388 = ORIENTED_EDGE('',*,*,#11389,.T.);
#11389 = EDGE_CURVE('',#11390,#11392,#11394,.T.);
#11390 = VERTEX_POINT('',#11391);
#11391 = CARTESIAN_POINT('',(-11.28400039672,14.177000045776,0.));
#11392 = VERTEX_POINT('',#11393);
#11393 = CARTESIAN_POINT('',(-11.61699962616,14.619999885559,3.));
#11394 = SURFACE_CURVE('',#11395,(#11399),.PCURVE_S1.);
#11395 = LINE('',#11396,#11397);
#11396 = CARTESIAN_POINT('',(-11.28400039672,14.177000045776,0.));
#11397 = VECTOR('',#11398,1.);
#11398 = DIRECTION('',(-0.109152871975,0.145209659732,0.983361482498));
#11399 = PCURVE('',#11400,#11405);
#11400 = PLANE('',#11401);
#11401 = AXIS2_PLACEMENT_3D('',#11402,#11403,#11404);
#11402 = CARTESIAN_POINT('',(-11.52612482291,14.499106142513,
    1.374140098008));
#11403 = DIRECTION('',(-0.799350509993,-0.600865011607,-0.));
#11404 = DIRECTION('',(0.600865011607,-0.799350509993,0.));
#11405 = DEFINITIONAL_REPRESENTATION('',(#11406),#11410);
#11406 = LINE('',#11407,#11408);
#11407 = CARTESIAN_POINT('',(0.402959768849,-1.374140098008));
#11408 = VECTOR('',#11409,1.);
#11409 = DIRECTION('',(-0.181659557248,0.983361482498));
#11410 = ( GEOMETRIC_REPRESENTATION_CONTEXT(2) 
PARAMETRIC_REPRESENTATION_CONTEXT() REPRESENTATION_CONTEXT('2D SPACE',''
  ) );
#11411 = ORIENTED_EDGE('',*,*,#11412,.F.);
#11412 = EDGE_CURVE('',#11413,#11392,#11415,.T.);
#11413 = VERTEX_POINT('',#11414);
#11414 = CARTESIAN_POINT('',(-11.61699962616,14.619999885559,0.));
#11415 = SURFACE_CURVE('',#11416,(#11420),.PCURVE_S1.);
#11416 = LINE('',#11417,#11418);
#11417 = CARTESIAN_POINT('',(-11.61699962616,14.619999885559,0.));
#11418 = VECTOR('',#11419,1.);
#11419 = DIRECTION('',(0.,0.,1.));
#11420 = PCURVE('',#11400,#11421);
#11421 = DEFINITIONAL_REPRESENTATION('',(#11422),#11426);
#11422 = LINE('',#11423,#11424);
#11423 = CARTESIAN_POINT('',(-0.151239964865,-1.374140098008));
#11424 = VECTOR('',#11425,1.);
#11425 = DIRECTION('',(0.,1.));
#11426 = ( GEOMETRIC_REPRESENTATION_CONTEXT(2) 
PARAMETRIC_REPRESENTATION_CONTEXT() REPRESENTATION_CONTEXT('2D SPACE',''
  ) );
#11427 = ORIENTED_EDGE('',*,*,#11428,.F.);
#11428 = EDGE_CURVE('',#11390,#11413,#11429,.T.);
#11429 = SURFACE_CURVE('',#11430,(#11434),.PCURVE_S1.);
#11430 = LINE('',#11431,#11432);
#11431 = CARTESIAN_POINT('',(-11.28400039672,14.177000045776,0.));
#11432 = VECTOR('',#11433,1.);
#11433 = DIRECTION('',(-0.600865011607,0.799350509993,0.));
#11434 = PCURVE('',#11400,#11435);
#11435 = DEFINITIONAL_REPRESENTATION('',(#11436),#11440);
#11436 = LINE('',#11437,#11438);
#11437 = CARTESIAN_POINT('',(0.402959768849,-1.374140098008));
#11438 = VECTOR('',#11439,1.);
#11439 = DIRECTION('',(-1.,0.));
#11440 = ( GEOMETRIC_REPRESENTATION_CONTEXT(2) 
PARAMETRIC_REPRESENTATION_CONTEXT() REPRESENTATION_CONTEXT('2D SPACE',''
  ) );
#11441 = SHELL_BASED_SURFACE_MODEL('',(#11442));
#11442 = OPEN_SHELL('',(#11443));
#11443 = ADVANCED_FACE('',(#11444),#11458,.T.);
#11444 = FACE_BOUND('',#11445,.T.);
#11445 = EDGE_LOOP('',(#11446,#11469,#11485));
#11446 = ORIENTED_EDGE('',*,*,#11447,.F.);
#11447 = EDGE_CURVE('',#11448,#11450,#11452,.T.);
#11448 = VERTEX_POINT('',#11449);
#11449 = CARTESIAN_POINT('',(-11.61699962616,14.619999885559,3.));
#11450 = VERTEX_POINT('',#11451);
#11451 = CARTESIAN_POINT('',(-11.28400039672,14.177000045776,3.));
#11452 = SURFACE_CURVE('',#11453,(#11457),.PCURVE_S1.);
#11453 = LINE('',#11454,#11455);
#11454 = CARTESIAN_POINT('',(-11.61699962616,14.619999885559,3.));
#11455 = VECTOR('',#11456,1.);
#11456 = DIRECTION('',(0.600865011607,-0.799350509993,0.));
#11457 = PCURVE('',#11458,#11463);
#11458 = PLANE('',#11459);
#11459 = AXIS2_PLACEMENT_3D('',#11460,#11461,#11462);
#11460 = CARTESIAN_POINT('',(-11.37487519997,14.297893788823,
    1.625859901992));
#11461 = DIRECTION('',(-0.799350509993,-0.600865011607,-0.));
#11462 = DIRECTION('',(0.600865011607,-0.799350509993,0.));
#11463 = DEFINITIONAL_REPRESENTATION('',(#11464),#11468);
#11464 = LINE('',#11465,#11466);
#11465 = CARTESIAN_POINT('',(-0.402959768849,1.374140098008));
#11466 = VECTOR('',#11467,1.);
#11467 = DIRECTION('',(1.,0.));
#11468 = ( GEOMETRIC_REPRESENTATION_CONTEXT(2) 
PARAMETRIC_REPRESENTATION_CONTEXT() REPRESENTATION_CONTEXT('2D SPACE',''
  ) );
#11469 = ORIENTED_EDGE('',*,*,#11470,.F.);
#11470 = EDGE_CURVE('',#11471,#11448,#11473,.T.);
#11471 = VERTEX_POINT('',#11472);
#11472 = CARTESIAN_POINT('',(-11.28400039672,14.177000045776,0.));
#11473 = SURFACE_CURVE('',#11474,(#11478),.PCURVE_S1.);
#11474 = LINE('',#11475,#11476);
#11475 = CARTESIAN_POINT('',(-11.28400039672,14.177000045776,0.));
#11476 = VECTOR('',#11477,1.);
#11477 = DIRECTION('',(-0.109152871975,0.145209659732,0.983361482498));
#11478 = PCURVE('',#11458,#11479);
#11479 = DEFINITIONAL_REPRESENTATION('',(#11480),#11484);
#11480 = LINE('',#11481,#11482);
#11481 = CARTESIAN_POINT('',(0.151239964865,-1.625859901992));
#11482 = VECTOR('',#11483,1.);
#11483 = DIRECTION('',(-0.181659557248,0.983361482498));
#11484 = ( GEOMETRIC_REPRESENTATION_CONTEXT(2) 
PARAMETRIC_REPRESENTATION_CONTEXT() REPRESENTATION_CONTEXT('2D SPACE',''
  ) );
#11485 = ORIENTED_EDGE('',*,*,#11486,.T.);
#11486 = EDGE_CURVE('',#11471,#11450,#11487,.T.);
#11487 = SURFACE_CURVE('',#11488,(#11492),.PCURVE_S1.);
#11488 = LINE('',#11489,#11490);
#11489 = CARTESIAN_POINT('',(-11.28400039672,14.177000045776,0.));
#11490 = VECTOR('',#11491,1.);
#11491 = DIRECTION('',(0.,0.,1.));
#11492 = PCURVE('',#11458,#11493);
#11493 = DEFINITIONAL_REPRESENTATION('',(#11494),#11498);
#11494 = LINE('',#11495,#11496);
#11495 = CARTESIAN_POINT('',(0.151239964865,-1.625859901992));
#11496 = VECTOR('',#11497,1.);
#11497 = DIRECTION('',(0.,1.));
#11498 = ( GEOMETRIC_REPRESENTATION_CONTEXT(2) 
PARAMETRIC_REPRESENTATION_CONTEXT() REPRESENTATION_CONTEXT('2D SPACE',''
  ) );
#11499 = SHELL_BASED_SURFACE_MODEL('',(#11500));
#11500 = OPEN_SHELL('',(#11501));
#11501 = ADVANCED_FACE('',(#11502),#11516,.T.);
#11502 = FACE_BOUND('',#11503,.T.);
#11503 = EDGE_LOOP('',(#11504,#11527,#11543));
#11504 = ORIENTED_EDGE('',*,*,#11505,.F.);
#11505 = EDGE_CURVE('',#11506,#11508,#11510,.T.);
#11506 = VERTEX_POINT('',#11507);
#11507 = CARTESIAN_POINT('',(-11.07100009918,13.619000434875,0.));
#11508 = VERTEX_POINT('',#11509);
#11509 = CARTESIAN_POINT('',(-11.28400039672,14.177000045776,0.));
#11510 = SURFACE_CURVE('',#11511,(#11515),.PCURVE_S1.);
#11511 = LINE('',#11512,#11513);
#11512 = CARTESIAN_POINT('',(-11.07100009918,13.619000434875,0.));
#11513 = VECTOR('',#11514,1.);
#11514 = DIRECTION('',(-0.356622511537,0.934248566638,0.));
#11515 = PCURVE('',#11516,#11521);
#11516 = PLANE('',#11517);
#11517 = AXIS2_PLACEMENT_3D('',#11518,#11519,#11520);
#11518 = CARTESIAN_POINT('',(-11.12949945055,13.772251935833,
    1.365401661845));
#11519 = DIRECTION('',(-0.934248566638,-0.356622511537,-0.));
#11520 = DIRECTION('',(0.356622511537,-0.934248566638,0.));
#11521 = DEFINITIONAL_REPRESENTATION('',(#11522),#11526);
#11522 = LINE('',#11523,#11524);
#11523 = CARTESIAN_POINT('',(0.164037180714,-1.365401661845));
#11524 = VECTOR('',#11525,1.);
#11525 = DIRECTION('',(-1.,0.));
#11526 = ( GEOMETRIC_REPRESENTATION_CONTEXT(2) 
PARAMETRIC_REPRESENTATION_CONTEXT() REPRESENTATION_CONTEXT('2D SPACE',''
  ) );
#11527 = ORIENTED_EDGE('',*,*,#11528,.T.);
#11528 = EDGE_CURVE('',#11506,#11529,#11531,.T.);
#11529 = VERTEX_POINT('',#11530);
#11530 = CARTESIAN_POINT('',(-11.07100009918,13.619000434875,3.));
#11531 = SURFACE_CURVE('',#11532,(#11536),.PCURVE_S1.);
#11532 = LINE('',#11533,#11534);
#11533 = CARTESIAN_POINT('',(-11.07100009918,13.619000434875,0.));
#11534 = VECTOR('',#11535,1.);
#11535 = DIRECTION('',(0.,0.,1.));
#11536 = PCURVE('',#11516,#11537);
#11537 = DEFINITIONAL_REPRESENTATION('',(#11538),#11542);
#11538 = LINE('',#11539,#11540);
#11539 = CARTESIAN_POINT('',(0.164037180714,-1.365401661845));
#11540 = VECTOR('',#11541,1.);
#11541 = DIRECTION('',(0.,1.));
#11542 = ( GEOMETRIC_REPRESENTATION_CONTEXT(2) 
PARAMETRIC_REPRESENTATION_CONTEXT() REPRESENTATION_CONTEXT('2D SPACE',''
  ) );
#11543 = ORIENTED_EDGE('',*,*,#11544,.T.);
#11544 = EDGE_CURVE('',#11529,#11508,#11545,.T.);
#11545 = SURFACE_CURVE('',#11546,(#11550),.PCURVE_S1.);
#11546 = LINE('',#11547,#11548);
#11547 = CARTESIAN_POINT('',(-11.07100009918,13.619000434875,3.));
#11548 = VECTOR('',#11549,1.);
#11549 = DIRECTION('',(-6.963347981601E-02,0.182419720022,
    -0.980751866802));
#11550 = PCURVE('',#11516,#11551);
#11551 = DEFINITIONAL_REPRESENTATION('',(#11552),#11556);
#11552 = LINE('',#11553,#11554);
#11553 = CARTESIAN_POINT('',(0.164037180714,1.634598338155));
#11554 = VECTOR('',#11555,1.);
#11555 = DIRECTION('',(-0.195258228416,-0.980751866802));
#11556 = ( GEOMETRIC_REPRESENTATION_CONTEXT(2) 
PARAMETRIC_REPRESENTATION_CONTEXT() REPRESENTATION_CONTEXT('2D SPACE',''
  ) );
#11557 = SHELL_BASED_SURFACE_MODEL('',(#11558));
#11558 = OPEN_SHELL('',(#11559));
#11559 = ADVANCED_FACE('',(#11560),#11574,.T.);
#11560 = FACE_BOUND('',#11561,.T.);
#11561 = EDGE_LOOP('',(#11562,#11585,#11601));
#11562 = ORIENTED_EDGE('',*,*,#11563,.F.);
#11563 = EDGE_CURVE('',#11564,#11566,#11568,.T.);
#11564 = VERTEX_POINT('',#11565);
#11565 = CARTESIAN_POINT('',(-11.28400039672,14.177000045776,3.));
#11566 = VERTEX_POINT('',#11567);
#11567 = CARTESIAN_POINT('',(-11.07100009918,13.619000434875,3.));
#11568 = SURFACE_CURVE('',#11569,(#11573),.PCURVE_S1.);
#11569 = LINE('',#11570,#11571);
#11570 = CARTESIAN_POINT('',(-11.28400039672,14.177000045776,3.));
#11571 = VECTOR('',#11572,1.);
#11572 = DIRECTION('',(0.356622511537,-0.934248566638,0.));
#11573 = PCURVE('',#11574,#11579);
#11574 = PLANE('',#11575);
#11575 = AXIS2_PLACEMENT_3D('',#11576,#11577,#11578);
#11576 = CARTESIAN_POINT('',(-11.22550104535,14.023748544819,
    1.634598338155));
#11577 = DIRECTION('',(-0.934248566638,-0.356622511537,-0.));
#11578 = DIRECTION('',(0.356622511537,-0.934248566638,0.));
#11579 = DEFINITIONAL_REPRESENTATION('',(#11580),#11584);
#11580 = LINE('',#11581,#11582);
#11581 = CARTESIAN_POINT('',(-0.164037180714,1.365401661845));
#11582 = VECTOR('',#11583,1.);
#11583 = DIRECTION('',(1.,0.));
#11584 = ( GEOMETRIC_REPRESENTATION_CONTEXT(2) 
PARAMETRIC_REPRESENTATION_CONTEXT() REPRESENTATION_CONTEXT('2D SPACE',''
  ) );
#11585 = ORIENTED_EDGE('',*,*,#11586,.F.);
#11586 = EDGE_CURVE('',#11587,#11564,#11589,.T.);
#11587 = VERTEX_POINT('',#11588);
#11588 = CARTESIAN_POINT('',(-11.28400039672,14.177000045776,0.));
#11589 = SURFACE_CURVE('',#11590,(#11594),.PCURVE_S1.);
#11590 = LINE('',#11591,#11592);
#11591 = CARTESIAN_POINT('',(-11.28400039672,14.177000045776,0.));
#11592 = VECTOR('',#11593,1.);
#11593 = DIRECTION('',(0.,0.,1.));
#11594 = PCURVE('',#11574,#11595);
#11595 = DEFINITIONAL_REPRESENTATION('',(#11596),#11600);
#11596 = LINE('',#11597,#11598);
#11597 = CARTESIAN_POINT('',(-0.164037180714,-1.634598338155));
#11598 = VECTOR('',#11599,1.);
#11599 = DIRECTION('',(0.,1.));
#11600 = ( GEOMETRIC_REPRESENTATION_CONTEXT(2) 
PARAMETRIC_REPRESENTATION_CONTEXT() REPRESENTATION_CONTEXT('2D SPACE',''
  ) );
#11601 = ORIENTED_EDGE('',*,*,#11602,.F.);
#11602 = EDGE_CURVE('',#11566,#11587,#11603,.T.);
#11603 = SURFACE_CURVE('',#11604,(#11608),.PCURVE_S1.);
#11604 = LINE('',#11605,#11606);
#11605 = CARTESIAN_POINT('',(-11.07100009918,13.619000434875,3.));
#11606 = VECTOR('',#11607,1.);
#11607 = DIRECTION('',(-6.963347981601E-02,0.182419720022,
    -0.980751866802));
#11608 = PCURVE('',#11574,#11609);
#11609 = DEFINITIONAL_REPRESENTATION('',(#11610),#11614);
#11610 = LINE('',#11611,#11612);
#11611 = CARTESIAN_POINT('',(0.433233857024,1.365401661845));
#11612 = VECTOR('',#11613,1.);
#11613 = DIRECTION('',(-0.195258228416,-0.980751866802));
#11614 = ( GEOMETRIC_REPRESENTATION_CONTEXT(2) 
PARAMETRIC_REPRESENTATION_CONTEXT() REPRESENTATION_CONTEXT('2D SPACE',''
  ) );
#11615 = SHELL_BASED_SURFACE_MODEL('',(#11616));
#11616 = OPEN_SHELL('',(#11617));
#11617 = ADVANCED_FACE('',(#11618),#11632,.T.);
#11618 = FACE_BOUND('',#11619,.T.);
#11619 = EDGE_LOOP('',(#11620,#11643,#11659));
#11620 = ORIENTED_EDGE('',*,*,#11621,.F.);
#11621 = EDGE_CURVE('',#11622,#11624,#11626,.T.);
#11622 = VERTEX_POINT('',#11623);
#11623 = CARTESIAN_POINT('',(-11.07100009918,13.619000434875,3.));
#11624 = VERTEX_POINT('',#11625);
#11625 = CARTESIAN_POINT('',(-10.99800014495,13.,0.));
#11626 = SURFACE_CURVE('',#11627,(#11631),.PCURVE_S1.);
#11627 = LINE('',#11628,#11629);
#11628 = CARTESIAN_POINT('',(-11.07100009918,13.619000434875,3.));
#11629 = VECTOR('',#11630,1.);
#11630 = DIRECTION('',(2.382454972985E-02,-0.20201939577,-0.979091698751
    ));
#11631 = PCURVE('',#11632,#11637);
#11632 = PLANE('',#11633);
#11633 = AXIS2_PLACEMENT_3D('',#11634,#11635,#11636);
#11634 = CARTESIAN_POINT('',(-11.05087429991,13.448344457987,
    1.360193573704));
#11635 = DIRECTION('',(-0.993117728761,-0.117120351867,-0.));
#11636 = DIRECTION('',(0.117120351867,-0.993117728761,0.));
#11637 = DEFINITIONAL_REPRESENTATION('',(#11638),#11642);
#11638 = LINE('',#11639,#11640);
#11639 = CARTESIAN_POINT('',(-0.171838616859,1.639806426296));
#11640 = VECTOR('',#11641,1.);
#11641 = DIRECTION('',(0.20341938314,-0.979091698751));
#11642 = ( GEOMETRIC_REPRESENTATION_CONTEXT(2) 
PARAMETRIC_REPRESENTATION_CONTEXT() REPRESENTATION_CONTEXT('2D SPACE',''
  ) );
#11643 = ORIENTED_EDGE('',*,*,#11644,.F.);
#11644 = EDGE_CURVE('',#11645,#11622,#11647,.T.);
#11645 = VERTEX_POINT('',#11646);
#11646 = CARTESIAN_POINT('',(-11.07100009918,13.619000434875,0.));
#11647 = SURFACE_CURVE('',#11648,(#11652),.PCURVE_S1.);
#11648 = LINE('',#11649,#11650);
#11649 = CARTESIAN_POINT('',(-11.07100009918,13.619000434875,0.));
#11650 = VECTOR('',#11651,1.);
#11651 = DIRECTION('',(0.,0.,1.));
#11652 = PCURVE('',#11632,#11653);
#11653 = DEFINITIONAL_REPRESENTATION('',(#11654),#11658);
#11654 = LINE('',#11655,#11656);
#11655 = CARTESIAN_POINT('',(-0.171838616859,-1.360193573704));
#11656 = VECTOR('',#11657,1.);
#11657 = DIRECTION('',(0.,1.));
#11658 = ( GEOMETRIC_REPRESENTATION_CONTEXT(2) 
PARAMETRIC_REPRESENTATION_CONTEXT() REPRESENTATION_CONTEXT('2D SPACE',''
  ) );
#11659 = ORIENTED_EDGE('',*,*,#11660,.F.);
#11660 = EDGE_CURVE('',#11624,#11645,#11661,.T.);
#11661 = SURFACE_CURVE('',#11662,(#11666),.PCURVE_S1.);
#11662 = LINE('',#11663,#11664);
#11663 = CARTESIAN_POINT('',(-10.99800014495,13.,0.));
#11664 = VECTOR('',#11665,1.);
#11665 = DIRECTION('',(-0.117120351867,0.993117728761,0.));
#11666 = PCURVE('',#11632,#11667);
#11667 = DEFINITIONAL_REPRESENTATION('',(#11668),#11672);
#11668 = LINE('',#11669,#11670);
#11669 = CARTESIAN_POINT('',(0.451451469451,-1.360193573704));
#11670 = VECTOR('',#11671,1.);
#11671 = DIRECTION('',(-1.,0.));
#11672 = ( GEOMETRIC_REPRESENTATION_CONTEXT(2) 
PARAMETRIC_REPRESENTATION_CONTEXT() REPRESENTATION_CONTEXT('2D SPACE',''
  ) );
#11673 = SHELL_BASED_SURFACE_MODEL('',(#11674));
#11674 = OPEN_SHELL('',(#11675));
#11675 = ADVANCED_FACE('',(#11676),#11690,.T.);
#11676 = FACE_BOUND('',#11677,.T.);
#11677 = EDGE_LOOP('',(#11678,#11701,#11717));
#11678 = ORIENTED_EDGE('',*,*,#11679,.F.);
#11679 = EDGE_CURVE('',#11680,#11682,#11684,.T.);
#11680 = VERTEX_POINT('',#11681);
#11681 = CARTESIAN_POINT('',(-10.99800014495,13.,0.));
#11682 = VERTEX_POINT('',#11683);
#11683 = CARTESIAN_POINT('',(-11.07100009918,12.380999565125,3.));
#11684 = SURFACE_CURVE('',#11685,(#11689),.PCURVE_S1.);
#11685 = LINE('',#11686,#11687);
#11686 = CARTESIAN_POINT('',(-10.99800014495,13.,0.));
#11687 = VECTOR('',#11688,1.);
#11688 = DIRECTION('',(-2.382454972985E-02,-0.20201939577,0.979091698751
    ));
#11689 = PCURVE('',#11690,#11695);
#11690 = PLANE('',#11691);
#11691 = AXIS2_PLACEMENT_3D('',#11692,#11693,#11694);
#11692 = CARTESIAN_POINT('',(-11.05087429991,12.551655542013,
    1.360193573704));
#11693 = DIRECTION('',(-0.993117728761,0.117120351867,-0.));
#11694 = DIRECTION('',(-0.117120351867,-0.993117728761,0.));
#11695 = DEFINITIONAL_REPRESENTATION('',(#11696),#11700);
#11696 = LINE('',#11697,#11698);
#11697 = CARTESIAN_POINT('',(-0.451451469451,-1.360193573704));
#11698 = VECTOR('',#11699,1.);
#11699 = DIRECTION('',(0.20341938314,0.979091698751));
#11700 = ( GEOMETRIC_REPRESENTATION_CONTEXT(2) 
PARAMETRIC_REPRESENTATION_CONTEXT() REPRESENTATION_CONTEXT('2D SPACE',''
  ) );
#11701 = ORIENTED_EDGE('',*,*,#11702,.F.);
#11702 = EDGE_CURVE('',#11703,#11680,#11705,.T.);
#11703 = VERTEX_POINT('',#11704);
#11704 = CARTESIAN_POINT('',(-11.07100009918,12.380999565125,0.));
#11705 = SURFACE_CURVE('',#11706,(#11710),.PCURVE_S1.);
#11706 = LINE('',#11707,#11708);
#11707 = CARTESIAN_POINT('',(-11.07100009918,12.380999565125,0.));
#11708 = VECTOR('',#11709,1.);
#11709 = DIRECTION('',(0.117120351867,0.993117728761,0.));
#11710 = PCURVE('',#11690,#11711);
#11711 = DEFINITIONAL_REPRESENTATION('',(#11712),#11716);
#11712 = LINE('',#11713,#11714);
#11713 = CARTESIAN_POINT('',(0.171838616859,-1.360193573704));
#11714 = VECTOR('',#11715,1.);
#11715 = DIRECTION('',(-1.,0.));
#11716 = ( GEOMETRIC_REPRESENTATION_CONTEXT(2) 
PARAMETRIC_REPRESENTATION_CONTEXT() REPRESENTATION_CONTEXT('2D SPACE',''
  ) );
#11717 = ORIENTED_EDGE('',*,*,#11718,.T.);
#11718 = EDGE_CURVE('',#11703,#11682,#11719,.T.);
#11719 = SURFACE_CURVE('',#11720,(#11724),.PCURVE_S1.);
#11720 = LINE('',#11721,#11722);
#11721 = CARTESIAN_POINT('',(-11.07100009918,12.380999565125,0.));
#11722 = VECTOR('',#11723,1.);
#11723 = DIRECTION('',(0.,0.,1.));
#11724 = PCURVE('',#11690,#11725);
#11725 = DEFINITIONAL_REPRESENTATION('',(#11726),#11730);
#11726 = LINE('',#11727,#11728);
#11727 = CARTESIAN_POINT('',(0.171838616859,-1.360193573704));
#11728 = VECTOR('',#11729,1.);
#11729 = DIRECTION('',(0.,1.));
#11730 = ( GEOMETRIC_REPRESENTATION_CONTEXT(2) 
PARAMETRIC_REPRESENTATION_CONTEXT() REPRESENTATION_CONTEXT('2D SPACE',''
  ) );
#11731 = SHELL_BASED_SURFACE_MODEL('',(#11732));
#11732 = OPEN_SHELL('',(#11733));
#11733 = ADVANCED_FACE('',(#11734),#11748,.T.);
#11734 = FACE_BOUND('',#11735,.T.);
#11735 = EDGE_LOOP('',(#11736,#11759,#11775));
#11736 = ORIENTED_EDGE('',*,*,#11737,.F.);
#11737 = EDGE_CURVE('',#11738,#11740,#11742,.T.);
#11738 = VERTEX_POINT('',#11739);
#11739 = CARTESIAN_POINT('',(-11.28400039672,11.822999954224,0.));
#11740 = VERTEX_POINT('',#11741);
#11741 = CARTESIAN_POINT('',(-11.07100009918,12.380999565125,0.));
#11742 = SURFACE_CURVE('',#11743,(#11747),.PCURVE_S1.);
#11743 = LINE('',#11744,#11745);
#11744 = CARTESIAN_POINT('',(-11.28400039672,11.822999954224,0.));
#11745 = VECTOR('',#11746,1.);
#11746 = DIRECTION('',(0.356622511537,0.934248566638,0.));
#11747 = PCURVE('',#11748,#11753);
#11748 = PLANE('',#11749);
#11749 = AXIS2_PLACEMENT_3D('',#11750,#11751,#11752);
#11750 = CARTESIAN_POINT('',(-11.22550104535,11.976251455181,
    1.365401661845));
#11751 = DIRECTION('',(-0.934248566638,0.356622511537,-0.));
#11752 = DIRECTION('',(-0.356622511537,-0.934248566638,0.));
#11753 = DEFINITIONAL_REPRESENTATION('',(#11754),#11758);
#11754 = LINE('',#11755,#11756);
#11755 = CARTESIAN_POINT('',(0.164037180714,-1.365401661845));
#11756 = VECTOR('',#11757,1.);
#11757 = DIRECTION('',(-1.,0.));
#11758 = ( GEOMETRIC_REPRESENTATION_CONTEXT(2) 
PARAMETRIC_REPRESENTATION_CONTEXT() REPRESENTATION_CONTEXT('2D SPACE',''
  ) );
#11759 = ORIENTED_EDGE('',*,*,#11760,.F.);
#11760 = EDGE_CURVE('',#11761,#11738,#11763,.T.);
#11761 = VERTEX_POINT('',#11762);
#11762 = CARTESIAN_POINT('',(-11.28400039672,11.822999954224,3.));
#11763 = SURFACE_CURVE('',#11764,(#11768),.PCURVE_S1.);
#11764 = LINE('',#11765,#11766);
#11765 = CARTESIAN_POINT('',(-11.28400039672,11.822999954224,3.));
#11766 = VECTOR('',#11767,1.);
#11767 = DIRECTION('',(0.,0.,-1.));
#11768 = PCURVE('',#11748,#11769);
#11769 = DEFINITIONAL_REPRESENTATION('',(#11770),#11774);
#11770 = LINE('',#11771,#11772);
#11771 = CARTESIAN_POINT('',(0.164037180714,1.634598338155));
#11772 = VECTOR('',#11773,1.);
#11773 = DIRECTION('',(-0.,-1.));
#11774 = ( GEOMETRIC_REPRESENTATION_CONTEXT(2) 
PARAMETRIC_REPRESENTATION_CONTEXT() REPRESENTATION_CONTEXT('2D SPACE',''
  ) );
#11775 = ORIENTED_EDGE('',*,*,#11776,.T.);
#11776 = EDGE_CURVE('',#11761,#11740,#11777,.T.);
#11777 = SURFACE_CURVE('',#11778,(#11782),.PCURVE_S1.);
#11778 = LINE('',#11779,#11780);
#11779 = CARTESIAN_POINT('',(-11.28400039672,11.822999954224,3.));
#11780 = VECTOR('',#11781,1.);
#11781 = DIRECTION('',(6.963347981601E-02,0.182419720022,-0.980751866802
    ));
#11782 = PCURVE('',#11748,#11783);
#11783 = DEFINITIONAL_REPRESENTATION('',(#11784),#11788);
#11784 = LINE('',#11785,#11786);
#11785 = CARTESIAN_POINT('',(0.164037180714,1.634598338155));
#11786 = VECTOR('',#11787,1.);
#11787 = DIRECTION('',(-0.195258228416,-0.980751866802));
#11788 = ( GEOMETRIC_REPRESENTATION_CONTEXT(2) 
PARAMETRIC_REPRESENTATION_CONTEXT() REPRESENTATION_CONTEXT('2D SPACE',''
  ) );
#11789 = SHELL_BASED_SURFACE_MODEL('',(#11790));
#11790 = OPEN_SHELL('',(#11791));
#11791 = ADVANCED_FACE('',(#11792),#11806,.T.);
#11792 = FACE_BOUND('',#11793,.T.);
#11793 = EDGE_LOOP('',(#11794,#11817,#11833));
#11794 = ORIENTED_EDGE('',*,*,#11795,.F.);
#11795 = EDGE_CURVE('',#11796,#11798,#11800,.T.);
#11796 = VERTEX_POINT('',#11797);
#11797 = CARTESIAN_POINT('',(-11.07100009918,12.380999565125,3.));
#11798 = VERTEX_POINT('',#11799);
#11799 = CARTESIAN_POINT('',(-11.28400039672,11.822999954224,3.));
#11800 = SURFACE_CURVE('',#11801,(#11805),.PCURVE_S1.);
#11801 = LINE('',#11802,#11803);
#11802 = CARTESIAN_POINT('',(-11.07100009918,12.380999565125,3.));
#11803 = VECTOR('',#11804,1.);
#11804 = DIRECTION('',(-0.356622511537,-0.934248566638,0.));
#11805 = PCURVE('',#11806,#11811);
#11806 = PLANE('',#11807);
#11807 = AXIS2_PLACEMENT_3D('',#11808,#11809,#11810);
#11808 = CARTESIAN_POINT('',(-11.12949945055,12.227748064167,
    1.634598338155));
#11809 = DIRECTION('',(-0.934248566638,0.356622511537,-0.));
#11810 = DIRECTION('',(-0.356622511537,-0.934248566638,0.));
#11811 = DEFINITIONAL_REPRESENTATION('',(#11812),#11816);
#11812 = LINE('',#11813,#11814);
#11813 = CARTESIAN_POINT('',(-0.164037180714,1.365401661845));
#11814 = VECTOR('',#11815,1.);
#11815 = DIRECTION('',(1.,0.));
#11816 = ( GEOMETRIC_REPRESENTATION_CONTEXT(2) 
PARAMETRIC_REPRESENTATION_CONTEXT() REPRESENTATION_CONTEXT('2D SPACE',''
  ) );
#11817 = ORIENTED_EDGE('',*,*,#11818,.F.);
#11818 = EDGE_CURVE('',#11819,#11796,#11821,.T.);
#11819 = VERTEX_POINT('',#11820);
#11820 = CARTESIAN_POINT('',(-11.07100009918,12.380999565125,0.));
#11821 = SURFACE_CURVE('',#11822,(#11826),.PCURVE_S1.);
#11822 = LINE('',#11823,#11824);
#11823 = CARTESIAN_POINT('',(-11.07100009918,12.380999565125,0.));
#11824 = VECTOR('',#11825,1.);
#11825 = DIRECTION('',(0.,0.,1.));
#11826 = PCURVE('',#11806,#11827);
#11827 = DEFINITIONAL_REPRESENTATION('',(#11828),#11832);
#11828 = LINE('',#11829,#11830);
#11829 = CARTESIAN_POINT('',(-0.164037180714,-1.634598338155));
#11830 = VECTOR('',#11831,1.);
#11831 = DIRECTION('',(0.,1.));
#11832 = ( GEOMETRIC_REPRESENTATION_CONTEXT(2) 
PARAMETRIC_REPRESENTATION_CONTEXT() REPRESENTATION_CONTEXT('2D SPACE',''
  ) );
#11833 = ORIENTED_EDGE('',*,*,#11834,.F.);
#11834 = EDGE_CURVE('',#11798,#11819,#11835,.T.);
#11835 = SURFACE_CURVE('',#11836,(#11840),.PCURVE_S1.);
#11836 = LINE('',#11837,#11838);
#11837 = CARTESIAN_POINT('',(-11.28400039672,11.822999954224,3.));
#11838 = VECTOR('',#11839,1.);
#11839 = DIRECTION('',(6.963347981601E-02,0.182419720022,-0.980751866802
    ));
#11840 = PCURVE('',#11806,#11841);
#11841 = DEFINITIONAL_REPRESENTATION('',(#11842),#11846);
#11842 = LINE('',#11843,#11844);
#11843 = CARTESIAN_POINT('',(0.433233857024,1.365401661845));
#11844 = VECTOR('',#11845,1.);
#11845 = DIRECTION('',(-0.195258228416,-0.980751866802));
#11846 = ( GEOMETRIC_REPRESENTATION_CONTEXT(2) 
PARAMETRIC_REPRESENTATION_CONTEXT() REPRESENTATION_CONTEXT('2D SPACE',''
  ) );
#11847 = SHELL_BASED_SURFACE_MODEL('',(#11848));
#11848 = OPEN_SHELL('',(#11849));
#11849 = ADVANCED_FACE('',(#11850),#11864,.T.);
#11850 = FACE_BOUND('',#11851,.T.);
#11851 = EDGE_LOOP('',(#11852,#11875,#11891));
#11852 = ORIENTED_EDGE('',*,*,#11853,.F.);
#11853 = EDGE_CURVE('',#11854,#11856,#11858,.T.);
#11854 = VERTEX_POINT('',#11855);
#11855 = CARTESIAN_POINT('',(-12.5,10.998000144958,3.));
#11856 = VERTEX_POINT('',#11857);
#11857 = CARTESIAN_POINT('',(-12.96399974823,11.095999717712,3.));
#11858 = SURFACE_CURVE('',#11859,(#11863),.PCURVE_S1.);
#11859 = LINE('',#11860,#11861);
#11860 = CARTESIAN_POINT('',(-12.5,10.998000144958,3.));
#11861 = VECTOR('',#11862,1.);
#11862 = DIRECTION('',(-0.978415498823,0.206647312259,0.));
#11863 = PCURVE('',#11864,#11869);
#11864 = PLANE('',#11865);
#11865 = AXIS2_PLACEMENT_3D('',#11866,#11867,#11868);
#11866 = CARTESIAN_POINT('',(-12.83888782879,11.069575318351,
    1.609245974546));
#11867 = DIRECTION('',(0.206647312259,0.978415498823,0.));
#11868 = DIRECTION('',(0.978415498823,-0.206647312259,0.));
#11869 = DEFINITIONAL_REPRESENTATION('',(#11870),#11874);
#11870 = LINE('',#11871,#11872);
#11871 = CARTESIAN_POINT('',(0.346363921261,-1.390754025454));
#11872 = VECTOR('',#11873,1.);
#11873 = DIRECTION('',(-1.,0.));
#11874 = ( GEOMETRIC_REPRESENTATION_CONTEXT(2) 
PARAMETRIC_REPRESENTATION_CONTEXT() REPRESENTATION_CONTEXT('2D SPACE',''
  ) );
#11875 = ORIENTED_EDGE('',*,*,#11876,.F.);
#11876 = EDGE_CURVE('',#11877,#11854,#11879,.T.);
#11877 = VERTEX_POINT('',#11878);
#11878 = CARTESIAN_POINT('',(-12.96399974823,11.095999717712,0.));
#11879 = SURFACE_CURVE('',#11880,(#11884),.PCURVE_S1.);
#11880 = LINE('',#11881,#11882);
#11881 = CARTESIAN_POINT('',(-12.96399974823,11.095999717712,0.));
#11882 = VECTOR('',#11883,1.);
#11883 = DIRECTION('',(0.152769592038,-3.226586826096E-02,0.987734967233
    ));
#11884 = PCURVE('',#11864,#11885);
#11885 = DEFINITIONAL_REPRESENTATION('',(#11886),#11890);
#11886 = LINE('',#11887,#11888);
#11887 = CARTESIAN_POINT('',(-0.127871972169,1.609245974546));
#11888 = VECTOR('',#11889,1.);
#11889 = DIRECTION('',(0.156139791553,-0.987734967233));
#11890 = ( GEOMETRIC_REPRESENTATION_CONTEXT(2) 
PARAMETRIC_REPRESENTATION_CONTEXT() REPRESENTATION_CONTEXT('2D SPACE',''
  ) );
#11891 = ORIENTED_EDGE('',*,*,#11892,.T.);
#11892 = EDGE_CURVE('',#11877,#11856,#11893,.T.);
#11893 = SURFACE_CURVE('',#11894,(#11898),.PCURVE_S1.);
#11894 = LINE('',#11895,#11896);
#11895 = CARTESIAN_POINT('',(-12.96399974823,11.095999717712,0.));
#11896 = VECTOR('',#11897,1.);
#11897 = DIRECTION('',(0.,0.,1.));
#11898 = PCURVE('',#11864,#11899);
#11899 = DEFINITIONAL_REPRESENTATION('',(#11900),#11904);
#11900 = LINE('',#11901,#11902);
#11901 = CARTESIAN_POINT('',(-0.127871972169,1.609245974546));
#11902 = VECTOR('',#11903,1.);
#11903 = DIRECTION('',(0.,-1.));
#11904 = ( GEOMETRIC_REPRESENTATION_CONTEXT(2) 
PARAMETRIC_REPRESENTATION_CONTEXT() REPRESENTATION_CONTEXT('2D SPACE',''
  ) );
#11905 = SHELL_BASED_SURFACE_MODEL('',(#11906));
#11906 = OPEN_SHELL('',(#11907));
#11907 = ADVANCED_FACE('',(#11908),#11922,.T.);
#11908 = FACE_BOUND('',#11909,.T.);
#11909 = EDGE_LOOP('',(#11910,#11933,#11949));
#11910 = ORIENTED_EDGE('',*,*,#11911,.F.);
#11911 = EDGE_CURVE('',#11912,#11914,#11916,.T.);
#11912 = VERTEX_POINT('',#11913);
#11913 = CARTESIAN_POINT('',(-12.96399974823,11.095999717712,3.));
#11914 = VERTEX_POINT('',#11915);
#11915 = CARTESIAN_POINT('',(-13.38300037384,11.380000114441,3.));
#11916 = SURFACE_CURVE('',#11917,(#11921),.PCURVE_S1.);
#11917 = LINE('',#11918,#11919);
#11918 = CARTESIAN_POINT('',(-12.96399974823,11.095999717712,3.));
#11919 = VECTOR('',#11920,1.);
#11920 = DIRECTION('',(-0.827770729126,0.561066502299,0.));
#11921 = PCURVE('',#11922,#11927);
#11922 = PLANE('',#11923);
#11923 = AXIS2_PLACEMENT_3D('',#11924,#11925,#11926);
#11924 = CARTESIAN_POINT('',(-13.0775249542,11.172947582618,
    1.61594406936));
#11925 = DIRECTION('',(0.561066502299,0.827770729126,0.));
#11926 = DIRECTION('',(0.827770729126,-0.561066502299,0.));
#11927 = DEFINITIONAL_REPRESENTATION('',(#11928),#11932);
#11928 = LINE('',#11929,#11930);
#11929 = CARTESIAN_POINT('',(0.137145711945,-1.38405593064));
#11930 = VECTOR('',#11931,1.);
#11931 = DIRECTION('',(-1.,0.));
#11932 = ( GEOMETRIC_REPRESENTATION_CONTEXT(2) 
PARAMETRIC_REPRESENTATION_CONTEXT() REPRESENTATION_CONTEXT('2D SPACE',''
  ) );
#11933 = ORIENTED_EDGE('',*,*,#11934,.F.);
#11934 = EDGE_CURVE('',#11935,#11912,#11937,.T.);
#11935 = VERTEX_POINT('',#11936);
#11936 = CARTESIAN_POINT('',(-12.96399974823,11.095999717712,0.));
#11937 = SURFACE_CURVE('',#11938,(#11942),.PCURVE_S1.);
#11938 = LINE('',#11939,#11940);
#11939 = CARTESIAN_POINT('',(-12.96399974823,11.095999717712,0.));
#11940 = VECTOR('',#11941,1.);
#11941 = DIRECTION('',(0.,0.,1.));
#11942 = PCURVE('',#11922,#11943);
#11943 = DEFINITIONAL_REPRESENTATION('',(#11944),#11948);
#11944 = LINE('',#11945,#11946);
#11945 = CARTESIAN_POINT('',(0.137145711945,1.61594406936));
#11946 = VECTOR('',#11947,1.);
#11947 = DIRECTION('',(0.,-1.));
#11948 = ( GEOMETRIC_REPRESENTATION_CONTEXT(2) 
PARAMETRIC_REPRESENTATION_CONTEXT() REPRESENTATION_CONTEXT('2D SPACE',''
  ) );
#11949 = ORIENTED_EDGE('',*,*,#11950,.F.);
#11950 = EDGE_CURVE('',#11914,#11935,#11951,.T.);
#11951 = SURFACE_CURVE('',#11952,(#11956),.PCURVE_S1.);
#11952 = LINE('',#11953,#11954);
#11953 = CARTESIAN_POINT('',(-13.38300037384,11.380000114441,3.));
#11954 = VECTOR('',#11955,1.);
#11955 = DIRECTION('',(0.137720277799,-9.334738695327E-02,
    -0.986062569228));
#11956 = PCURVE('',#11922,#11957);
#11957 = DEFINITIONAL_REPRESENTATION('',(#11958),#11962);
#11958 = LINE('',#11959,#11960);
#11959 = CARTESIAN_POINT('',(-0.369033850665,-1.38405593064));
#11960 = VECTOR('',#11961,1.);
#11961 = DIRECTION('',(0.166374906666,0.986062569228));
#11962 = ( GEOMETRIC_REPRESENTATION_CONTEXT(2) 
PARAMETRIC_REPRESENTATION_CONTEXT() REPRESENTATION_CONTEXT('2D SPACE',''
  ) );
#11963 = SHELL_BASED_SURFACE_MODEL('',(#11964));
#11964 = OPEN_SHELL('',(#11965));
#11965 = ADVANCED_FACE('',(#11966),#11980,.T.);
#11966 = FACE_BOUND('',#11967,.T.);
#11967 = EDGE_LOOP('',(#11968,#11991,#12007));
#11968 = ORIENTED_EDGE('',*,*,#11969,.F.);
#11969 = EDGE_CURVE('',#11970,#11972,#11974,.T.);
#11970 = VERTEX_POINT('',#11971);
#11971 = CARTESIAN_POINT('',(-13.71599960327,11.822999954224,0.));
#11972 = VERTEX_POINT('',#11973);
#11973 = CARTESIAN_POINT('',(-13.38300037384,11.380000114441,3.));
#11974 = SURFACE_CURVE('',#11975,(#11979),.PCURVE_S1.);
#11975 = LINE('',#11976,#11977);
#11976 = CARTESIAN_POINT('',(-13.71599960327,11.822999954224,0.));
#11977 = VECTOR('',#11978,1.);
#11978 = DIRECTION('',(0.109152871975,-0.145209659732,0.983361482498));
#11979 = PCURVE('',#11980,#11985);
#11980 = PLANE('',#11981);
#11981 = AXIS2_PLACEMENT_3D('',#11982,#11983,#11984);
#11982 = CARTESIAN_POINT('',(-13.62512480002,11.702106211177,
    1.625859901992));
#11983 = DIRECTION('',(0.799350509993,0.600865011607,0.));
#11984 = DIRECTION('',(-0.600865011607,0.799350509993,0.));
#11985 = DEFINITIONAL_REPRESENTATION('',(#11986),#11990);
#11986 = LINE('',#11987,#11988);
#11987 = CARTESIAN_POINT('',(0.151239964865,-1.625859901992));
#11988 = VECTOR('',#11989,1.);
#11989 = DIRECTION('',(-0.181659557248,0.983361482498));
#11990 = ( GEOMETRIC_REPRESENTATION_CONTEXT(2) 
PARAMETRIC_REPRESENTATION_CONTEXT() REPRESENTATION_CONTEXT('2D SPACE',''
  ) );
#11991 = ORIENTED_EDGE('',*,*,#11992,.T.);
#11992 = EDGE_CURVE('',#11970,#11993,#11995,.T.);
#11993 = VERTEX_POINT('',#11994);
#11994 = CARTESIAN_POINT('',(-13.71599960327,11.822999954224,3.));
#11995 = SURFACE_CURVE('',#11996,(#12000),.PCURVE_S1.);
#11996 = LINE('',#11997,#11998);
#11997 = CARTESIAN_POINT('',(-13.71599960327,11.822999954224,0.));
#11998 = VECTOR('',#11999,1.);
#11999 = DIRECTION('',(0.,0.,1.));
#12000 = PCURVE('',#11980,#12001);
#12001 = DEFINITIONAL_REPRESENTATION('',(#12002),#12006);
#12002 = LINE('',#12003,#12004);
#12003 = CARTESIAN_POINT('',(0.151239964865,-1.625859901992));
#12004 = VECTOR('',#12005,1.);
#12005 = DIRECTION('',(0.,1.));
#12006 = ( GEOMETRIC_REPRESENTATION_CONTEXT(2) 
PARAMETRIC_REPRESENTATION_CONTEXT() REPRESENTATION_CONTEXT('2D SPACE',''
  ) );
#12007 = ORIENTED_EDGE('',*,*,#12008,.F.);
#12008 = EDGE_CURVE('',#11972,#11993,#12009,.T.);
#12009 = SURFACE_CURVE('',#12010,(#12014),.PCURVE_S1.);
#12010 = LINE('',#12011,#12012);
#12011 = CARTESIAN_POINT('',(-13.38300037384,11.380000114441,3.));
#12012 = VECTOR('',#12013,1.);
#12013 = DIRECTION('',(-0.600865011607,0.799350509993,0.));
#12014 = PCURVE('',#11980,#12015);
#12015 = DEFINITIONAL_REPRESENTATION('',(#12016),#12020);
#12016 = LINE('',#12017,#12018);
#12017 = CARTESIAN_POINT('',(-0.402959768849,1.374140098008));
#12018 = VECTOR('',#12019,1.);
#12019 = DIRECTION('',(1.,0.));
#12020 = ( GEOMETRIC_REPRESENTATION_CONTEXT(2) 
PARAMETRIC_REPRESENTATION_CONTEXT() REPRESENTATION_CONTEXT('2D SPACE',''
  ) );
#12021 = SHELL_BASED_SURFACE_MODEL('',(#12022));
#12022 = OPEN_SHELL('',(#12023));
#12023 = ADVANCED_FACE('',(#12024),#12038,.T.);
#12024 = FACE_BOUND('',#12025,.T.);
#12025 = EDGE_LOOP('',(#12026,#12049,#12065));
#12026 = ORIENTED_EDGE('',*,*,#12027,.F.);
#12027 = EDGE_CURVE('',#12028,#12030,#12032,.T.);
#12028 = VERTEX_POINT('',#12029);
#12029 = CARTESIAN_POINT('',(-13.92899990081,12.380999565125,3.));
#12030 = VERTEX_POINT('',#12031);
#12031 = CARTESIAN_POINT('',(-13.71599960327,11.822999954224,0.));
#12032 = SURFACE_CURVE('',#12033,(#12037),.PCURVE_S1.);
#12033 = LINE('',#12034,#12035);
#12034 = CARTESIAN_POINT('',(-13.92899990081,12.380999565125,3.));
#12035 = VECTOR('',#12036,1.);
#12036 = DIRECTION('',(6.963347981601E-02,-0.182419720022,
    -0.980751866802));
#12037 = PCURVE('',#12038,#12043);
#12038 = PLANE('',#12039);
#12039 = AXIS2_PLACEMENT_3D('',#12040,#12041,#12042);
#12040 = CARTESIAN_POINT('',(-13.77449895464,11.976251455181,
    1.634598338155));
#12041 = DIRECTION('',(0.934248566638,0.356622511537,0.));
#12042 = DIRECTION('',(-0.356622511537,0.934248566638,0.));
#12043 = DEFINITIONAL_REPRESENTATION('',(#12044),#12048);
#12044 = LINE('',#12045,#12046);
#12045 = CARTESIAN_POINT('',(0.433233857024,1.365401661845));
#12046 = VECTOR('',#12047,1.);
#12047 = DIRECTION('',(-0.195258228416,-0.980751866802));
#12048 = ( GEOMETRIC_REPRESENTATION_CONTEXT(2) 
PARAMETRIC_REPRESENTATION_CONTEXT() REPRESENTATION_CONTEXT('2D SPACE',''
  ) );
#12049 = ORIENTED_EDGE('',*,*,#12050,.F.);
#12050 = EDGE_CURVE('',#12051,#12028,#12053,.T.);
#12051 = VERTEX_POINT('',#12052);
#12052 = CARTESIAN_POINT('',(-13.71599960327,11.822999954224,3.));
#12053 = SURFACE_CURVE('',#12054,(#12058),.PCURVE_S1.);
#12054 = LINE('',#12055,#12056);
#12055 = CARTESIAN_POINT('',(-13.71599960327,11.822999954224,3.));
#12056 = VECTOR('',#12057,1.);
#12057 = DIRECTION('',(-0.356622511537,0.934248566638,0.));
#12058 = PCURVE('',#12038,#12059);
#12059 = DEFINITIONAL_REPRESENTATION('',(#12060),#12064);
#12060 = LINE('',#12061,#12062);
#12061 = CARTESIAN_POINT('',(-0.164037180714,1.365401661845));
#12062 = VECTOR('',#12063,1.);
#12063 = DIRECTION('',(1.,0.));
#12064 = ( GEOMETRIC_REPRESENTATION_CONTEXT(2) 
PARAMETRIC_REPRESENTATION_CONTEXT() REPRESENTATION_CONTEXT('2D SPACE',''
  ) );
#12065 = ORIENTED_EDGE('',*,*,#12066,.F.);
#12066 = EDGE_CURVE('',#12030,#12051,#12067,.T.);
#12067 = SURFACE_CURVE('',#12068,(#12072),.PCURVE_S1.);
#12068 = LINE('',#12069,#12070);
#12069 = CARTESIAN_POINT('',(-13.71599960327,11.822999954224,0.));
#12070 = VECTOR('',#12071,1.);
#12071 = DIRECTION('',(0.,0.,1.));
#12072 = PCURVE('',#12038,#12073);
#12073 = DEFINITIONAL_REPRESENTATION('',(#12074),#12078);
#12074 = LINE('',#12075,#12076);
#12075 = CARTESIAN_POINT('',(-0.164037180714,-1.634598338155));
#12076 = VECTOR('',#12077,1.);
#12077 = DIRECTION('',(0.,1.));
#12078 = ( GEOMETRIC_REPRESENTATION_CONTEXT(2) 
PARAMETRIC_REPRESENTATION_CONTEXT() REPRESENTATION_CONTEXT('2D SPACE',''
  ) );
#12079 = SHELL_BASED_SURFACE_MODEL('',(#12080));
#12080 = OPEN_SHELL('',(#12081));
#12081 = ADVANCED_FACE('',(#12082),#12096,.T.);
#12082 = FACE_BOUND('',#12083,.T.);
#12083 = EDGE_LOOP('',(#12084,#12107,#12123));
#12084 = ORIENTED_EDGE('',*,*,#12085,.F.);
#12085 = EDGE_CURVE('',#12086,#12088,#12090,.T.);
#12086 = VERTEX_POINT('',#12087);
#12087 = CARTESIAN_POINT('',(7.928999900818,45.618999481201,3.));
#12088 = VERTEX_POINT('',#12089);
#12089 = CARTESIAN_POINT('',(7.716000080109,46.176998138428,3.));
#12090 = SURFACE_CURVE('',#12091,(#12095),.PCURVE_S1.);
#12091 = LINE('',#12092,#12093);
#12092 = CARTESIAN_POINT('',(7.928999900818,45.618999481201,3.));
#12093 = VECTOR('',#12094,1.);
#12094 = DIRECTION('',(-0.356622346698,0.934248629561,0.));
#12095 = PCURVE('',#12096,#12101);
#12096 = PLANE('',#12097);
#12097 = AXIS2_PLACEMENT_3D('',#12098,#12099,#12100);
#12098 = CARTESIAN_POINT('',(9.34665748256,48.818286728577,3.));
#12099 = DIRECTION('',(0.,0.,1.));
#12100 = DIRECTION('',(1.,0.,-0.));
#12101 = DEFINITIONAL_REPRESENTATION('',(#12102),#12106);
#12102 = LINE('',#12103,#12104);
#12103 = CARTESIAN_POINT('',(-1.417657581742,-3.199287247376));
#12104 = VECTOR('',#12105,1.);
#12105 = DIRECTION('',(-0.356622346698,0.934248629561));
#12106 = ( GEOMETRIC_REPRESENTATION_CONTEXT(2) 
PARAMETRIC_REPRESENTATION_CONTEXT() REPRESENTATION_CONTEXT('2D SPACE',''
  ) );
#12107 = ORIENTED_EDGE('',*,*,#12108,.T.);
#12108 = EDGE_CURVE('',#12086,#12109,#12111,.T.);
#12109 = VERTEX_POINT('',#12110);
#12110 = CARTESIAN_POINT('',(11.,52.,3.));
#12111 = SURFACE_CURVE('',#12112,(#12116),.PCURVE_S1.);
#12112 = LINE('',#12113,#12114);
#12113 = CARTESIAN_POINT('',(7.928999900818,45.618999481201,3.));
#12114 = VECTOR('',#12115,1.);
#12115 = DIRECTION('',(0.4336627464,0.901075259001,0.));
#12116 = PCURVE('',#12096,#12117);
#12117 = DEFINITIONAL_REPRESENTATION('',(#12118),#12122);
#12118 = LINE('',#12119,#12120);
#12119 = CARTESIAN_POINT('',(-1.417657581742,-3.199287247376));
#12120 = VECTOR('',#12121,1.);
#12121 = DIRECTION('',(0.4336627464,0.901075259001));
#12122 = ( GEOMETRIC_REPRESENTATION_CONTEXT(2) 
PARAMETRIC_REPRESENTATION_CONTEXT() REPRESENTATION_CONTEXT('2D SPACE',''
  ) );
#12123 = ORIENTED_EDGE('',*,*,#12124,.T.);
#12124 = EDGE_CURVE('',#12109,#12088,#12125,.T.);
#12125 = SURFACE_CURVE('',#12126,(#12130),.PCURVE_S1.);
#12126 = LINE('',#12127,#12128);
#12127 = CARTESIAN_POINT('',(11.,52.,3.));
#12128 = VECTOR('',#12129,1.);
#12129 = DIRECTION('',(-0.4912337678,-0.871027775317,0.));
#12130 = PCURVE('',#12096,#12131);
#12131 = DEFINITIONAL_REPRESENTATION('',(#12132),#12136);
#12132 = LINE('',#12133,#12134);
#12133 = CARTESIAN_POINT('',(1.65334251744,3.181713271423));
#12134 = VECTOR('',#12135,1.);
#12135 = DIRECTION('',(-0.4912337678,-0.871027775317));
#12136 = ( GEOMETRIC_REPRESENTATION_CONTEXT(2) 
PARAMETRIC_REPRESENTATION_CONTEXT() REPRESENTATION_CONTEXT('2D SPACE',''
  ) );
#12137 = SHELL_BASED_SURFACE_MODEL('',(#12138));
#12138 = OPEN_SHELL('',(#12139));
#12139 = ADVANCED_FACE('',(#12140),#12154,.T.);
#12140 = FACE_BOUND('',#12141,.T.);
#12141 = EDGE_LOOP('',(#12142,#12165,#12181));
#12142 = ORIENTED_EDGE('',*,*,#12143,.F.);
#12143 = EDGE_CURVE('',#12144,#12146,#12148,.T.);
#12144 = VERTEX_POINT('',#12145);
#12145 = CARTESIAN_POINT('',(8.001999855042,45.,3.));
#12146 = VERTEX_POINT('',#12147);
#12147 = CARTESIAN_POINT('',(7.928999900818,45.618999481201,3.));
#12148 = SURFACE_CURVE('',#12149,(#12153),.PCURVE_S1.);
#12149 = LINE('',#12150,#12151);
#12150 = CARTESIAN_POINT('',(8.001999855042,45.,3.));
#12151 = VECTOR('',#12152,1.);
#12152 = DIRECTION('',(-0.117120529835,0.993117707772,0.));
#12153 = PCURVE('',#12154,#12159);
#12154 = PLANE('',#12155);
#12155 = AXIS2_PLACEMENT_3D('',#12156,#12157,#12158);
#12156 = CARTESIAN_POINT('',(9.367384330912,44.248997300707,3.));
#12157 = DIRECTION('',(0.,0.,1.));
#12158 = DIRECTION('',(1.,0.,-0.));
#12159 = DEFINITIONAL_REPRESENTATION('',(#12160),#12164);
#12160 = LINE('',#12161,#12162);
#12161 = CARTESIAN_POINT('',(-1.36538447587,0.751002699293));
#12162 = VECTOR('',#12163,1.);
#12163 = DIRECTION('',(-0.117120529835,0.993117707772));
#12164 = ( GEOMETRIC_REPRESENTATION_CONTEXT(2) 
PARAMETRIC_REPRESENTATION_CONTEXT() REPRESENTATION_CONTEXT('2D SPACE',''
  ) );
#12165 = ORIENTED_EDGE('',*,*,#12166,.F.);
#12166 = EDGE_CURVE('',#12167,#12144,#12169,.T.);
#12167 = VERTEX_POINT('',#12168);
#12168 = CARTESIAN_POINT('',(11.,42.998001098633,3.));
#12169 = SURFACE_CURVE('',#12170,(#12174),.PCURVE_S1.);
#12170 = LINE('',#12171,#12172);
#12171 = CARTESIAN_POINT('',(11.,42.998001098633,3.));
#12172 = VECTOR('',#12173,1.);
#12173 = DIRECTION('',(-0.831623443252,0.555339939707,0.));
#12174 = PCURVE('',#12154,#12175);
#12175 = DEFINITIONAL_REPRESENTATION('',(#12176),#12180);
#12176 = LINE('',#12177,#12178);
#12177 = CARTESIAN_POINT('',(1.632615669088,-1.250996202074));
#12178 = VECTOR('',#12179,1.);
#12179 = DIRECTION('',(-0.831623443252,0.555339939707));
#12180 = ( GEOMETRIC_REPRESENTATION_CONTEXT(2) 
PARAMETRIC_REPRESENTATION_CONTEXT() REPRESENTATION_CONTEXT('2D SPACE',''
  ) );
#12181 = ORIENTED_EDGE('',*,*,#12182,.T.);
#12182 = EDGE_CURVE('',#12167,#12146,#12183,.T.);
#12183 = SURFACE_CURVE('',#12184,(#12188),.PCURVE_S1.);
#12184 = LINE('',#12185,#12186);
#12185 = CARTESIAN_POINT('',(11.,42.998001098633,3.));
#12186 = VECTOR('',#12187,1.);
#12187 = DIRECTION('',(-0.760636300434,0.649178264009,0.));
#12188 = PCURVE('',#12154,#12189);
#12189 = DEFINITIONAL_REPRESENTATION('',(#12190),#12194);
#12190 = LINE('',#12191,#12192);
#12191 = CARTESIAN_POINT('',(1.632615669088,-1.250996202074));
#12192 = VECTOR('',#12193,1.);
#12193 = DIRECTION('',(-0.760636300434,0.649178264009));
#12194 = ( GEOMETRIC_REPRESENTATION_CONTEXT(2) 
PARAMETRIC_REPRESENTATION_CONTEXT() REPRESENTATION_CONTEXT('2D SPACE',''
  ) );
#12195 = SHELL_BASED_SURFACE_MODEL('',(#12196));
#12196 = OPEN_SHELL('',(#12197));
#12197 = ADVANCED_FACE('',(#12198),#12212,.T.);
#12198 = FACE_BOUND('',#12199,.T.);
#12199 = EDGE_LOOP('',(#12200,#12223,#12239));
#12200 = ORIENTED_EDGE('',*,*,#12201,.F.);
#12201 = EDGE_CURVE('',#12202,#12204,#12206,.T.);
#12202 = VERTEX_POINT('',#12203);
#12203 = CARTESIAN_POINT('',(11.,42.998001098633,3.));
#12204 = VERTEX_POINT('',#12205);
#12205 = CARTESIAN_POINT('',(7.928999900818,45.618999481201,3.));
#12206 = SURFACE_CURVE('',#12207,(#12211),.PCURVE_S1.);
#12207 = LINE('',#12208,#12209);
#12208 = CARTESIAN_POINT('',(11.,42.998001098633,3.));
#12209 = VECTOR('',#12210,1.);
#12210 = DIRECTION('',(-0.760636300434,0.649178264009,0.));
#12211 = PCURVE('',#12212,#12217);
#12212 = PLANE('',#12213);
#12213 = AXIS2_PLACEMENT_3D('',#12214,#12215,#12216);
#12214 = CARTESIAN_POINT('',(10.151474022183,47.320032689842,3.));
#12215 = DIRECTION('',(0.,0.,1.));
#12216 = DIRECTION('',(1.,0.,-0.));
#12217 = DEFINITIONAL_REPRESENTATION('',(#12218),#12222);
#12218 = LINE('',#12219,#12220);
#12219 = CARTESIAN_POINT('',(0.848525977817,-4.322031591209));
#12220 = VECTOR('',#12221,1.);
#12221 = DIRECTION('',(-0.760636300434,0.649178264009));
#12222 = ( GEOMETRIC_REPRESENTATION_CONTEXT(2) 
PARAMETRIC_REPRESENTATION_CONTEXT() REPRESENTATION_CONTEXT('2D SPACE',''
  ) );
#12223 = ORIENTED_EDGE('',*,*,#12224,.T.);
#12224 = EDGE_CURVE('',#12202,#12225,#12227,.T.);
#12225 = VERTEX_POINT('',#12226);
#12226 = CARTESIAN_POINT('',(11.,52.,3.));
#12227 = SURFACE_CURVE('',#12228,(#12232),.PCURVE_S1.);
#12228 = LINE('',#12229,#12230);
#12229 = CARTESIAN_POINT('',(11.,42.998001098633,3.));
#12230 = VECTOR('',#12231,1.);
#12231 = DIRECTION('',(0.,1.,0.));
#12232 = PCURVE('',#12212,#12233);
#12233 = DEFINITIONAL_REPRESENTATION('',(#12234),#12238);
#12234 = LINE('',#12235,#12236);
#12235 = CARTESIAN_POINT('',(0.848525977817,-4.322031591209));
#12236 = VECTOR('',#12237,1.);
#12237 = DIRECTION('',(0.,1.));
#12238 = ( GEOMETRIC_REPRESENTATION_CONTEXT(2) 
PARAMETRIC_REPRESENTATION_CONTEXT() REPRESENTATION_CONTEXT('2D SPACE',''
  ) );
#12239 = ORIENTED_EDGE('',*,*,#12240,.F.);
#12240 = EDGE_CURVE('',#12204,#12225,#12241,.T.);
#12241 = SURFACE_CURVE('',#12242,(#12246),.PCURVE_S1.);
#12242 = LINE('',#12243,#12244);
#12243 = CARTESIAN_POINT('',(7.928999900818,45.618999481201,3.));
#12244 = VECTOR('',#12245,1.);
#12245 = DIRECTION('',(0.4336627464,0.901075259001,0.));
#12246 = PCURVE('',#12212,#12247);
#12247 = DEFINITIONAL_REPRESENTATION('',(#12248),#12252);
#12248 = LINE('',#12249,#12250);
#12249 = CARTESIAN_POINT('',(-2.222474121365,-1.70103320864));
#12250 = VECTOR('',#12251,1.);
#12251 = DIRECTION('',(0.4336627464,0.901075259001));
#12252 = ( GEOMETRIC_REPRESENTATION_CONTEXT(2) 
PARAMETRIC_REPRESENTATION_CONTEXT() REPRESENTATION_CONTEXT('2D SPACE',''
  ) );
#12253 = SHELL_BASED_SURFACE_MODEL('',(#12254));
#12254 = OPEN_SHELL('',(#12255));
#12255 = ADVANCED_FACE('',(#12256),#12270,.T.);
#12256 = FACE_BOUND('',#12257,.T.);
#12257 = EDGE_LOOP('',(#12258,#12281,#12297));
#12258 = ORIENTED_EDGE('',*,*,#12259,.F.);
#12259 = EDGE_CURVE('',#12260,#12262,#12264,.T.);
#12260 = VERTEX_POINT('',#12261);
#12261 = CARTESIAN_POINT('',(11.,52.,3.));
#12262 = VERTEX_POINT('',#12263);
#12263 = CARTESIAN_POINT('',(7.716000080109,46.176998138428,3.));
#12264 = SURFACE_CURVE('',#12265,(#12269),.PCURVE_S1.);
#12265 = LINE('',#12266,#12267);
#12266 = CARTESIAN_POINT('',(11.,52.,3.));
#12267 = VECTOR('',#12268,1.);
#12268 = DIRECTION('',(-0.4912337678,-0.871027775317,0.));
#12269 = PCURVE('',#12270,#12275);
#12270 = PLANE('',#12271);
#12271 = AXIS2_PLACEMENT_3D('',#12272,#12273,#12274);
#12272 = CARTESIAN_POINT('',(9.206299981701,49.084501801073,3.));
#12273 = DIRECTION('',(0.,0.,1.));
#12274 = DIRECTION('',(1.,0.,-0.));
#12275 = DEFINITIONAL_REPRESENTATION('',(#12276),#12280);
#12276 = LINE('',#12277,#12278);
#12277 = CARTESIAN_POINT('',(1.793700018299,2.915498198927));
#12278 = VECTOR('',#12279,1.);
#12279 = DIRECTION('',(-0.4912337678,-0.871027775317));
#12280 = ( GEOMETRIC_REPRESENTATION_CONTEXT(2) 
PARAMETRIC_REPRESENTATION_CONTEXT() REPRESENTATION_CONTEXT('2D SPACE',''
  ) );
#12281 = ORIENTED_EDGE('',*,*,#12282,.T.);
#12282 = EDGE_CURVE('',#12260,#12283,#12285,.T.);
#12283 = VERTEX_POINT('',#12284);
#12284 = CARTESIAN_POINT('',(7.382999897003,46.619998931885,3.));
#12285 = SURFACE_CURVE('',#12286,(#12290),.PCURVE_S1.);
#12286 = LINE('',#12287,#12288);
#12287 = CARTESIAN_POINT('',(11.,52.,3.));
#12288 = VECTOR('',#12289,1.);
#12289 = DIRECTION('',(-0.557935252972,-0.829884482016,0.));
#12290 = PCURVE('',#12270,#12291);
#12291 = DEFINITIONAL_REPRESENTATION('',(#12292),#12296);
#12292 = LINE('',#12293,#12294);
#12293 = CARTESIAN_POINT('',(1.793700018299,2.915498198927));
#12294 = VECTOR('',#12295,1.);
#12295 = DIRECTION('',(-0.557935252972,-0.829884482016));
#12296 = ( GEOMETRIC_REPRESENTATION_CONTEXT(2) 
PARAMETRIC_REPRESENTATION_CONTEXT() REPRESENTATION_CONTEXT('2D SPACE',''
  ) );
#12297 = ORIENTED_EDGE('',*,*,#12298,.F.);
#12298 = EDGE_CURVE('',#12262,#12283,#12299,.T.);
#12299 = SURFACE_CURVE('',#12300,(#12304),.PCURVE_S1.);
#12300 = LINE('',#12301,#12302);
#12301 = CARTESIAN_POINT('',(7.716000080109,46.176998138428,3.));
#12302 = VECTOR('',#12303,1.);
#12303 = DIRECTION('',(-0.60086528463,0.799350304764,0.));
#12304 = PCURVE('',#12270,#12305);
#12305 = DEFINITIONAL_REPRESENTATION('',(#12306),#12310);
#12306 = LINE('',#12307,#12308);
#12307 = CARTESIAN_POINT('',(-1.490299901593,-2.907503662645));
#12308 = VECTOR('',#12309,1.);
#12309 = DIRECTION('',(-0.60086528463,0.799350304764));
#12310 = ( GEOMETRIC_REPRESENTATION_CONTEXT(2) 
PARAMETRIC_REPRESENTATION_CONTEXT() REPRESENTATION_CONTEXT('2D SPACE',''
  ) );
#12311 = SHELL_BASED_SURFACE_MODEL('',(#12312));
#12312 = OPEN_SHELL('',(#12313));
#12313 = ADVANCED_FACE('',(#12314),#12328,.T.);
#12314 = FACE_BOUND('',#12315,.T.);
#12315 = EDGE_LOOP('',(#12316,#12339,#12355));
#12316 = ORIENTED_EDGE('',*,*,#12317,.F.);
#12317 = EDGE_CURVE('',#12318,#12320,#12322,.T.);
#12318 = VERTEX_POINT('',#12319);
#12319 = CARTESIAN_POINT('',(6.964000225067,46.903999328613,3.));
#12320 = VERTEX_POINT('',#12321);
#12321 = CARTESIAN_POINT('',(6.5,47.002998352051,3.));
#12322 = SURFACE_CURVE('',#12323,(#12327),.PCURVE_S1.);
#12323 = LINE('',#12324,#12325);
#12324 = CARTESIAN_POINT('',(6.964000225067,46.903999328613,3.));
#12325 = VECTOR('',#12326,1.);
#12326 = DIRECTION('',(-0.977987542409,0.208663285925,0.));
#12327 = PCURVE('',#12328,#12333);
#12328 = PLANE('',#12329);
#12329 = AXIS2_PLACEMENT_3D('',#12330,#12331,#12332);
#12330 = CARTESIAN_POINT('',(8.790199834773,49.389769400308,3.));
#12331 = DIRECTION('',(0.,0.,1.));
#12332 = DIRECTION('',(1.,0.,-0.));
#12333 = DEFINITIONAL_REPRESENTATION('',(#12334),#12338);
#12334 = LINE('',#12335,#12336);
#12335 = CARTESIAN_POINT('',(-1.826199609706,-2.485770071695));
#12336 = VECTOR('',#12337,1.);
#12337 = DIRECTION('',(-0.977987542409,0.208663285925));
#12338 = ( GEOMETRIC_REPRESENTATION_CONTEXT(2) 
PARAMETRIC_REPRESENTATION_CONTEXT() REPRESENTATION_CONTEXT('2D SPACE',''
  ) );
#12339 = ORIENTED_EDGE('',*,*,#12340,.T.);
#12340 = EDGE_CURVE('',#12318,#12341,#12343,.T.);
#12341 = VERTEX_POINT('',#12342);
#12342 = CARTESIAN_POINT('',(11.,52.,3.));
#12343 = SURFACE_CURVE('',#12344,(#12348),.PCURVE_S1.);
#12344 = LINE('',#12345,#12346);
#12345 = CARTESIAN_POINT('',(6.964000225067,46.903999328613,3.));
#12346 = VECTOR('',#12347,1.);
#12347 = DIRECTION('',(0.620860466933,0.78392109335,0.));
#12348 = PCURVE('',#12328,#12349);
#12349 = DEFINITIONAL_REPRESENTATION('',(#12350),#12354);
#12350 = LINE('',#12351,#12352);
#12351 = CARTESIAN_POINT('',(-1.826199609706,-2.485770071695));
#12352 = VECTOR('',#12353,1.);
#12353 = DIRECTION('',(0.620860466933,0.78392109335));
#12354 = ( GEOMETRIC_REPRESENTATION_CONTEXT(2) 
PARAMETRIC_REPRESENTATION_CONTEXT() REPRESENTATION_CONTEXT('2D SPACE',''
  ) );
#12355 = ORIENTED_EDGE('',*,*,#12356,.T.);
#12356 = EDGE_CURVE('',#12341,#12320,#12357,.T.);
#12357 = SURFACE_CURVE('',#12358,(#12362),.PCURVE_S1.);
#12358 = LINE('',#12359,#12360);
#12359 = CARTESIAN_POINT('',(11.,52.,3.));
#12360 = VECTOR('',#12361,1.);
#12361 = DIRECTION('',(-0.669186409758,-0.743094576077,0.));
#12362 = PCURVE('',#12328,#12363);
#12363 = DEFINITIONAL_REPRESENTATION('',(#12364),#12368);
#12364 = LINE('',#12365,#12366);
#12365 = CARTESIAN_POINT('',(2.209800165227,2.610230599692));
#12366 = VECTOR('',#12367,1.);
#12367 = DIRECTION('',(-0.669186409758,-0.743094576077));
#12368 = ( GEOMETRIC_REPRESENTATION_CONTEXT(2) 
PARAMETRIC_REPRESENTATION_CONTEXT() REPRESENTATION_CONTEXT('2D SPACE',''
  ) );
#12369 = SHELL_BASED_SURFACE_MODEL('',(#12370));
#12370 = OPEN_SHELL('',(#12371));
#12371 = ADVANCED_FACE('',(#12372),#12386,.T.);
#12372 = FACE_BOUND('',#12373,.T.);
#12373 = EDGE_LOOP('',(#12374,#12397,#12413));
#12374 = ORIENTED_EDGE('',*,*,#12375,.F.);
#12375 = EDGE_CURVE('',#12376,#12378,#12380,.T.);
#12376 = VERTEX_POINT('',#12377);
#12377 = CARTESIAN_POINT('',(7.382999897003,46.619998931885,3.));
#12378 = VERTEX_POINT('',#12379);
#12379 = CARTESIAN_POINT('',(6.964000225067,46.903999328613,3.));
#12380 = SURFACE_CURVE('',#12381,(#12385),.PCURVE_S1.);
#12381 = LINE('',#12382,#12383);
#12382 = CARTESIAN_POINT('',(7.382999897003,46.619998931885,3.));
#12383 = VECTOR('',#12384,1.);
#12384 = DIRECTION('',(-0.82777013603,0.561067377324,0.));
#12385 = PCURVE('',#12386,#12391);
#12386 = PLANE('',#12387);
#12387 = AXIS2_PLACEMENT_3D('',#12388,#12389,#12390);
#12388 = CARTESIAN_POINT('',(9.014819885622,49.282819446081,3.));
#12389 = DIRECTION('',(0.,0.,1.));
#12390 = DIRECTION('',(1.,0.,-0.));
#12391 = DEFINITIONAL_REPRESENTATION('',(#12392),#12396);
#12392 = LINE('',#12393,#12394);
#12393 = CARTESIAN_POINT('',(-1.631819988619,-2.662820514196));
#12394 = VECTOR('',#12395,1.);
#12395 = DIRECTION('',(-0.82777013603,0.561067377324));
#12396 = ( GEOMETRIC_REPRESENTATION_CONTEXT(2) 
PARAMETRIC_REPRESENTATION_CONTEXT() REPRESENTATION_CONTEXT('2D SPACE',''
  ) );
#12397 = ORIENTED_EDGE('',*,*,#12398,.F.);
#12398 = EDGE_CURVE('',#12399,#12376,#12401,.T.);
#12399 = VERTEX_POINT('',#12400);
#12400 = CARTESIAN_POINT('',(11.,52.,3.));
#12401 = SURFACE_CURVE('',#12402,(#12406),.PCURVE_S1.);
#12402 = LINE('',#12403,#12404);
#12403 = CARTESIAN_POINT('',(11.,52.,3.));
#12404 = VECTOR('',#12405,1.);
#12405 = DIRECTION('',(-0.557935252972,-0.829884482016,0.));
#12406 = PCURVE('',#12386,#12407);
#12407 = DEFINITIONAL_REPRESENTATION('',(#12408),#12412);
#12408 = LINE('',#12409,#12410);
#12409 = CARTESIAN_POINT('',(1.985180114378,2.717180553919));
#12410 = VECTOR('',#12411,1.);
#12411 = DIRECTION('',(-0.557935252972,-0.829884482016));
#12412 = ( GEOMETRIC_REPRESENTATION_CONTEXT(2) 
PARAMETRIC_REPRESENTATION_CONTEXT() REPRESENTATION_CONTEXT('2D SPACE',''
  ) );
#12413 = ORIENTED_EDGE('',*,*,#12414,.F.);
#12414 = EDGE_CURVE('',#12378,#12399,#12415,.T.);
#12415 = SURFACE_CURVE('',#12416,(#12420),.PCURVE_S1.);
#12416 = LINE('',#12417,#12418);
#12417 = CARTESIAN_POINT('',(6.964000225067,46.903999328613,3.));
#12418 = VECTOR('',#12419,1.);
#12419 = DIRECTION('',(0.620860466933,0.78392109335,0.));
#12420 = PCURVE('',#12386,#12421);
#12421 = DEFINITIONAL_REPRESENTATION('',(#12422),#12426);
#12422 = LINE('',#12423,#12424);
#12423 = CARTESIAN_POINT('',(-2.050819660555,-2.378820117468));
#12424 = VECTOR('',#12425,1.);
#12425 = DIRECTION('',(0.620860466933,0.78392109335));
#12426 = ( GEOMETRIC_REPRESENTATION_CONTEXT(2) 
PARAMETRIC_REPRESENTATION_CONTEXT() REPRESENTATION_CONTEXT('2D SPACE',''
  ) );
#12427 = SHELL_BASED_SURFACE_MODEL('',(#12428));
#12428 = OPEN_SHELL('',(#12429));
#12429 = ADVANCED_FACE('',(#12430),#12444,.T.);
#12430 = FACE_BOUND('',#12431,.T.);
#12431 = EDGE_LOOP('',(#12432,#12455,#12471));
#12432 = ORIENTED_EDGE('',*,*,#12433,.F.);
#12433 = EDGE_CURVE('',#12434,#12436,#12438,.T.);
#12434 = VERTEX_POINT('',#12435);
#12435 = CARTESIAN_POINT('',(6.5,47.002998352051,3.));
#12436 = VERTEX_POINT('',#12437);
#12437 = CARTESIAN_POINT('',(6.035999774933,46.903999328613,3.));
#12438 = SURFACE_CURVE('',#12439,(#12443),.PCURVE_S1.);
#12439 = LINE('',#12440,#12441);
#12440 = CARTESIAN_POINT('',(6.5,47.002998352051,3.));
#12441 = VECTOR('',#12442,1.);
#12442 = DIRECTION('',(-0.977987542409,-0.208663285925,0.));
#12443 = PCURVE('',#12444,#12449);
#12444 = PLANE('',#12445);
#12445 = AXIS2_PLACEMENT_3D('',#12446,#12447,#12448);
#12446 = CARTESIAN_POINT('',(8.552416204894,49.392436550768,3.));
#12447 = DIRECTION('',(0.,0.,1.));
#12448 = DIRECTION('',(1.,0.,-0.));
#12449 = DEFINITIONAL_REPRESENTATION('',(#12450),#12454);
#12450 = LINE('',#12451,#12452);
#12451 = CARTESIAN_POINT('',(-2.052416204894,-2.389438198717));
#12452 = VECTOR('',#12453,1.);
#12453 = DIRECTION('',(-0.977987542409,-0.208663285925));
#12454 = ( GEOMETRIC_REPRESENTATION_CONTEXT(2) 
PARAMETRIC_REPRESENTATION_CONTEXT() REPRESENTATION_CONTEXT('2D SPACE',''
  ) );
#12455 = ORIENTED_EDGE('',*,*,#12456,.F.);
#12456 = EDGE_CURVE('',#12457,#12434,#12459,.T.);
#12457 = VERTEX_POINT('',#12458);
#12458 = CARTESIAN_POINT('',(11.,52.,3.));
#12459 = SURFACE_CURVE('',#12460,(#12464),.PCURVE_S1.);
#12460 = LINE('',#12461,#12462);
#12461 = CARTESIAN_POINT('',(11.,52.,3.));
#12462 = VECTOR('',#12463,1.);
#12463 = DIRECTION('',(-0.669186409758,-0.743094576077,0.));
#12464 = PCURVE('',#12444,#12465);
#12465 = DEFINITIONAL_REPRESENTATION('',(#12466),#12470);
#12466 = LINE('',#12467,#12468);
#12467 = CARTESIAN_POINT('',(2.447583795106,2.607563449232));
#12468 = VECTOR('',#12469,1.);
#12469 = DIRECTION('',(-0.669186409758,-0.743094576077));
#12470 = ( GEOMETRIC_REPRESENTATION_CONTEXT(2) 
PARAMETRIC_REPRESENTATION_CONTEXT() REPRESENTATION_CONTEXT('2D SPACE',''
  ) );
#12471 = ORIENTED_EDGE('',*,*,#12472,.F.);
#12472 = EDGE_CURVE('',#12436,#12457,#12473,.T.);
#12473 = SURFACE_CURVE('',#12474,(#12478),.PCURVE_S1.);
#12474 = LINE('',#12475,#12476);
#12475 = CARTESIAN_POINT('',(6.035999774933,46.903999328613,3.));
#12476 = VECTOR('',#12477,1.);
#12477 = DIRECTION('',(0.69776854553,0.716323290748,0.));
#12478 = PCURVE('',#12444,#12479);
#12479 = DEFINITIONAL_REPRESENTATION('',(#12480),#12484);
#12480 = LINE('',#12481,#12482);
#12481 = CARTESIAN_POINT('',(-2.516416429961,-2.488437222155));
#12482 = VECTOR('',#12483,1.);
#12483 = DIRECTION('',(0.69776854553,0.716323290748));
#12484 = ( GEOMETRIC_REPRESENTATION_CONTEXT(2) 
PARAMETRIC_REPRESENTATION_CONTEXT() REPRESENTATION_CONTEXT('2D SPACE',''
  ) );
#12485 = SHELL_BASED_SURFACE_MODEL('',(#12486));
#12486 = OPEN_SHELL('',(#12487));
#12487 = ADVANCED_FACE('',(#12488),#12502,.T.);
#12488 = FACE_BOUND('',#12489,.T.);
#12489 = EDGE_LOOP('',(#12490,#12513,#12529));
#12490 = ORIENTED_EDGE('',*,*,#12491,.T.);
#12491 = EDGE_CURVE('',#12492,#12494,#12496,.T.);
#12492 = VERTEX_POINT('',#12493);
#12493 = CARTESIAN_POINT('',(15.,3.,0.));
#12494 = VERTEX_POINT('',#12495);
#12495 = CARTESIAN_POINT('',(15.,-47.,3.));
#12496 = SURFACE_CURVE('',#12497,(#12501),.PCURVE_S1.);
#12497 = LINE('',#12498,#12499);
#12498 = CARTESIAN_POINT('',(15.,3.,0.));
#12499 = VECTOR('',#12500,1.);
#12500 = DIRECTION('',(0.,-0.998204845466,5.989229072795E-02));
#12501 = PCURVE('',#12502,#12507);
#12502 = PLANE('',#12503);
#12503 = AXIS2_PLACEMENT_3D('',#12504,#12505,#12506);
#12504 = CARTESIAN_POINT('',(15.,-22.72752021363,0.772479786368));
#12505 = DIRECTION('',(1.,0.,0.));
#12506 = DIRECTION('',(-0.,0.,1.));
#12507 = DEFINITIONAL_REPRESENTATION('',(#12508),#12512);
#12508 = LINE('',#12509,#12510);
#12509 = CARTESIAN_POINT('',(-0.772479786368,-25.72752021363));
#12510 = VECTOR('',#12511,1.);
#12511 = DIRECTION('',(5.989229072795E-02,0.998204845466));
#12512 = ( GEOMETRIC_REPRESENTATION_CONTEXT(2) 
PARAMETRIC_REPRESENTATION_CONTEXT() REPRESENTATION_CONTEXT('2D SPACE',''
  ) );
#12513 = ORIENTED_EDGE('',*,*,#12514,.T.);
#12514 = EDGE_CURVE('',#12494,#12515,#12517,.T.);
#12515 = VERTEX_POINT('',#12516);
#12516 = CARTESIAN_POINT('',(15.,-47.,0.));
#12517 = SURFACE_CURVE('',#12518,(#12522),.PCURVE_S1.);
#12518 = LINE('',#12519,#12520);
#12519 = CARTESIAN_POINT('',(15.,-47.,3.));
#12520 = VECTOR('',#12521,1.);
#12521 = DIRECTION('',(0.,0.,-1.));
#12522 = PCURVE('',#12502,#12523);
#12523 = DEFINITIONAL_REPRESENTATION('',(#12524),#12528);
#12524 = LINE('',#12525,#12526);
#12525 = CARTESIAN_POINT('',(2.227520213632,24.272479786368));
#12526 = VECTOR('',#12527,1.);
#12527 = DIRECTION('',(-1.,0.));
#12528 = ( GEOMETRIC_REPRESENTATION_CONTEXT(2) 
PARAMETRIC_REPRESENTATION_CONTEXT() REPRESENTATION_CONTEXT('2D SPACE',''
  ) );
#12529 = ORIENTED_EDGE('',*,*,#12530,.T.);
#12530 = EDGE_CURVE('',#12515,#12492,#12531,.T.);
#12531 = SURFACE_CURVE('',#12532,(#12536),.PCURVE_S1.);
#12532 = LINE('',#12533,#12534);
#12533 = CARTESIAN_POINT('',(15.,-47.,0.));
#12534 = VECTOR('',#12535,1.);
#12535 = DIRECTION('',(0.,1.,0.));
#12536 = PCURVE('',#12502,#12537);
#12537 = DEFINITIONAL_REPRESENTATION('',(#12538),#12542);
#12538 = LINE('',#12539,#12540);
#12539 = CARTESIAN_POINT('',(-0.772479786368,24.272479786368));
#12540 = VECTOR('',#12541,1.);
#12541 = DIRECTION('',(0.,-1.));
#12542 = ( GEOMETRIC_REPRESENTATION_CONTEXT(2) 
PARAMETRIC_REPRESENTATION_CONTEXT() REPRESENTATION_CONTEXT('2D SPACE',''
  ) );
#12543 = SHELL_BASED_SURFACE_MODEL('',(#12544));
#12544 = OPEN_SHELL('',(#12545));
#12545 = ADVANCED_FACE('',(#12546),#12560,.T.);
#12546 = FACE_BOUND('',#12547,.T.);
#12547 = EDGE_LOOP('',(#12548,#12571,#12587));
#12548 = ORIENTED_EDGE('',*,*,#12549,.T.);
#12549 = EDGE_CURVE('',#12550,#12552,#12554,.T.);
#12550 = VERTEX_POINT('',#12551);
#12551 = CARTESIAN_POINT('',(15.,3.,3.));
#12552 = VERTEX_POINT('',#12553);
#12553 = CARTESIAN_POINT('',(15.,-47.,3.));
#12554 = SURFACE_CURVE('',#12555,(#12559),.PCURVE_S1.);
#12555 = LINE('',#12556,#12557);
#12556 = CARTESIAN_POINT('',(15.,3.,3.));
#12557 = VECTOR('',#12558,1.);
#12558 = DIRECTION('',(0.,-1.,0.));
#12559 = PCURVE('',#12560,#12565);
#12560 = PLANE('',#12561);
#12561 = AXIS2_PLACEMENT_3D('',#12562,#12563,#12564);
#12562 = CARTESIAN_POINT('',(15.,-21.27247978636,2.227520213632));
#12563 = DIRECTION('',(1.,0.,0.));
#12564 = DIRECTION('',(-0.,0.,1.));
#12565 = DEFINITIONAL_REPRESENTATION('',(#12566),#12570);
#12566 = LINE('',#12567,#12568);
#12567 = CARTESIAN_POINT('',(0.772479786368,-24.27247978636));
#12568 = VECTOR('',#12569,1.);
#12569 = DIRECTION('',(0.,1.));
#12570 = ( GEOMETRIC_REPRESENTATION_CONTEXT(2) 
PARAMETRIC_REPRESENTATION_CONTEXT() REPRESENTATION_CONTEXT('2D SPACE',''
  ) );
#12571 = ORIENTED_EDGE('',*,*,#12572,.F.);
#12572 = EDGE_CURVE('',#12573,#12552,#12575,.T.);
#12573 = VERTEX_POINT('',#12574);
#12574 = CARTESIAN_POINT('',(15.,3.,0.));
#12575 = SURFACE_CURVE('',#12576,(#12580),.PCURVE_S1.);
#12576 = LINE('',#12577,#12578);
#12577 = CARTESIAN_POINT('',(15.,3.,0.));
#12578 = VECTOR('',#12579,1.);
#12579 = DIRECTION('',(0.,-0.998204845466,5.989229072795E-02));
#12580 = PCURVE('',#12560,#12581);
#12581 = DEFINITIONAL_REPRESENTATION('',(#12582),#12586);
#12582 = LINE('',#12583,#12584);
#12583 = CARTESIAN_POINT('',(-2.227520213632,-24.27247978636));
#12584 = VECTOR('',#12585,1.);
#12585 = DIRECTION('',(5.989229072795E-02,0.998204845466));
#12586 = ( GEOMETRIC_REPRESENTATION_CONTEXT(2) 
PARAMETRIC_REPRESENTATION_CONTEXT() REPRESENTATION_CONTEXT('2D SPACE',''
  ) );
#12587 = ORIENTED_EDGE('',*,*,#12588,.T.);
#12588 = EDGE_CURVE('',#12573,#12550,#12589,.T.);
#12589 = SURFACE_CURVE('',#12590,(#12594),.PCURVE_S1.);
#12590 = LINE('',#12591,#12592);
#12591 = CARTESIAN_POINT('',(15.,3.,0.));
#12592 = VECTOR('',#12593,1.);
#12593 = DIRECTION('',(0.,0.,1.));
#12594 = PCURVE('',#12560,#12595);
#12595 = DEFINITIONAL_REPRESENTATION('',(#12596),#12600);
#12596 = LINE('',#12597,#12598);
#12597 = CARTESIAN_POINT('',(-2.227520213632,-24.27247978636));
#12598 = VECTOR('',#12599,1.);
#12599 = DIRECTION('',(1.,0.));
#12600 = ( GEOMETRIC_REPRESENTATION_CONTEXT(2) 
PARAMETRIC_REPRESENTATION_CONTEXT() REPRESENTATION_CONTEXT('2D SPACE',''
  ) );
#12601 = SHELL_BASED_SURFACE_MODEL('',(#12602));
#12602 = OPEN_SHELL('',(#12603));
#12603 = ADVANCED_FACE('',(#12604),#12618,.T.);
#12604 = FACE_BOUND('',#12605,.T.);
#12605 = EDGE_LOOP('',(#12606,#12629,#12645));
#12606 = ORIENTED_EDGE('',*,*,#12607,.T.);
#12607 = EDGE_CURVE('',#12608,#12610,#12612,.T.);
#12608 = VERTEX_POINT('',#12609);
#12609 = CARTESIAN_POINT('',(14.,3.,3.));
#12610 = VERTEX_POINT('',#12611);
#12611 = CARTESIAN_POINT('',(14.,-47.,3.));
#12612 = SURFACE_CURVE('',#12613,(#12617),.PCURVE_S1.);
#12613 = LINE('',#12614,#12615);
#12614 = CARTESIAN_POINT('',(14.,3.,3.));
#12615 = VECTOR('',#12616,1.);
#12616 = DIRECTION('',(0.,-1.,0.));
#12617 = PCURVE('',#12618,#12623);
#12618 = PLANE('',#12619);
#12619 = AXIS2_PLACEMENT_3D('',#12620,#12621,#12622);
#12620 = CARTESIAN_POINT('',(14.25249975005,-22.24750024995,3.));
#12621 = DIRECTION('',(0.,0.,1.));
#12622 = DIRECTION('',(1.,0.,-0.));
#12623 = DEFINITIONAL_REPRESENTATION('',(#12624),#12628);
#12624 = LINE('',#12625,#12626);
#12625 = CARTESIAN_POINT('',(-0.25249975005,25.24750024995));
#12626 = VECTOR('',#12627,1.);
#12627 = DIRECTION('',(0.,-1.));
#12628 = ( GEOMETRIC_REPRESENTATION_CONTEXT(2) 
PARAMETRIC_REPRESENTATION_CONTEXT() REPRESENTATION_CONTEXT('2D SPACE',''
  ) );
#12629 = ORIENTED_EDGE('',*,*,#12630,.T.);
#12630 = EDGE_CURVE('',#12610,#12631,#12633,.T.);
#12631 = VERTEX_POINT('',#12632);
#12632 = CARTESIAN_POINT('',(15.,-47.,3.));
#12633 = SURFACE_CURVE('',#12634,(#12638),.PCURVE_S1.);
#12634 = LINE('',#12635,#12636);
#12635 = CARTESIAN_POINT('',(14.,-47.,3.));
#12636 = VECTOR('',#12637,1.);
#12637 = DIRECTION('',(1.,0.,0.));
#12638 = PCURVE('',#12618,#12639);
#12639 = DEFINITIONAL_REPRESENTATION('',(#12640),#12644);
#12640 = LINE('',#12641,#12642);
#12641 = CARTESIAN_POINT('',(-0.25249975005,-24.75249975005));
#12642 = VECTOR('',#12643,1.);
#12643 = DIRECTION('',(1.,0.));
#12644 = ( GEOMETRIC_REPRESENTATION_CONTEXT(2) 
PARAMETRIC_REPRESENTATION_CONTEXT() REPRESENTATION_CONTEXT('2D SPACE',''
  ) );
#12645 = ORIENTED_EDGE('',*,*,#12646,.T.);
#12646 = EDGE_CURVE('',#12631,#12608,#12647,.T.);
#12647 = SURFACE_CURVE('',#12648,(#12652),.PCURVE_S1.);
#12648 = LINE('',#12649,#12650);
#12649 = CARTESIAN_POINT('',(15.,-47.,3.));
#12650 = VECTOR('',#12651,1.);
#12651 = DIRECTION('',(-1.99960011996E-02,0.99980005998,0.));
#12652 = PCURVE('',#12618,#12653);
#12653 = DEFINITIONAL_REPRESENTATION('',(#12654),#12658);
#12654 = LINE('',#12655,#12656);
#12655 = CARTESIAN_POINT('',(0.74750024995,-24.75249975005));
#12656 = VECTOR('',#12657,1.);
#12657 = DIRECTION('',(-1.99960011996E-02,0.99980005998));
#12658 = ( GEOMETRIC_REPRESENTATION_CONTEXT(2) 
PARAMETRIC_REPRESENTATION_CONTEXT() REPRESENTATION_CONTEXT('2D SPACE',''
  ) );
#12659 = SHELL_BASED_SURFACE_MODEL('',(#12660));
#12660 = OPEN_SHELL('',(#12661));
#12661 = ADVANCED_FACE('',(#12662),#12676,.T.);
#12662 = FACE_BOUND('',#12663,.T.);
#12663 = EDGE_LOOP('',(#12664,#12687,#12703));
#12664 = ORIENTED_EDGE('',*,*,#12665,.F.);
#12665 = EDGE_CURVE('',#12666,#12668,#12670,.T.);
#12666 = VERTEX_POINT('',#12667);
#12667 = CARTESIAN_POINT('',(15.,3.,3.));
#12668 = VERTEX_POINT('',#12669);
#12669 = CARTESIAN_POINT('',(15.,-47.,3.));
#12670 = SURFACE_CURVE('',#12671,(#12675),.PCURVE_S1.);
#12671 = LINE('',#12672,#12673);
#12672 = CARTESIAN_POINT('',(15.,3.,3.));
#12673 = VECTOR('',#12674,1.);
#12674 = DIRECTION('',(0.,-1.,0.));
#12675 = PCURVE('',#12676,#12681);
#12676 = PLANE('',#12677);
#12677 = AXIS2_PLACEMENT_3D('',#12678,#12679,#12680);
#12678 = CARTESIAN_POINT('',(14.74750024995,-21.75249975005,3.));
#12679 = DIRECTION('',(0.,0.,1.));
#12680 = DIRECTION('',(1.,0.,-0.));
#12681 = DEFINITIONAL_REPRESENTATION('',(#12682),#12686);
#12682 = LINE('',#12683,#12684);
#12683 = CARTESIAN_POINT('',(0.25249975005,24.75249975005));
#12684 = VECTOR('',#12685,1.);
#12685 = DIRECTION('',(0.,-1.));
#12686 = ( GEOMETRIC_REPRESENTATION_CONTEXT(2) 
PARAMETRIC_REPRESENTATION_CONTEXT() REPRESENTATION_CONTEXT('2D SPACE',''
  ) );
#12687 = ORIENTED_EDGE('',*,*,#12688,.T.);
#12688 = EDGE_CURVE('',#12666,#12689,#12691,.T.);
#12689 = VERTEX_POINT('',#12690);
#12690 = CARTESIAN_POINT('',(14.,3.,3.));
#12691 = SURFACE_CURVE('',#12692,(#12696),.PCURVE_S1.);
#12692 = LINE('',#12693,#12694);
#12693 = CARTESIAN_POINT('',(15.,3.,3.));
#12694 = VECTOR('',#12695,1.);
#12695 = DIRECTION('',(-1.,0.,0.));
#12696 = PCURVE('',#12676,#12697);
#12697 = DEFINITIONAL_REPRESENTATION('',(#12698),#12702);
#12698 = LINE('',#12699,#12700);
#12699 = CARTESIAN_POINT('',(0.25249975005,24.75249975005));
#12700 = VECTOR('',#12701,1.);
#12701 = DIRECTION('',(-1.,0.));
#12702 = ( GEOMETRIC_REPRESENTATION_CONTEXT(2) 
PARAMETRIC_REPRESENTATION_CONTEXT() REPRESENTATION_CONTEXT('2D SPACE',''
  ) );
#12703 = ORIENTED_EDGE('',*,*,#12704,.F.);
#12704 = EDGE_CURVE('',#12668,#12689,#12705,.T.);
#12705 = SURFACE_CURVE('',#12706,(#12710),.PCURVE_S1.);
#12706 = LINE('',#12707,#12708);
#12707 = CARTESIAN_POINT('',(15.,-47.,3.));
#12708 = VECTOR('',#12709,1.);
#12709 = DIRECTION('',(-1.99960011996E-02,0.99980005998,0.));
#12710 = PCURVE('',#12676,#12711);
#12711 = DEFINITIONAL_REPRESENTATION('',(#12712),#12716);
#12712 = LINE('',#12713,#12714);
#12713 = CARTESIAN_POINT('',(0.25249975005,-25.24750024995));
#12714 = VECTOR('',#12715,1.);
#12715 = DIRECTION('',(-1.99960011996E-02,0.99980005998));
#12716 = ( GEOMETRIC_REPRESENTATION_CONTEXT(2) 
PARAMETRIC_REPRESENTATION_CONTEXT() REPRESENTATION_CONTEXT('2D SPACE',''
  ) );
#12717 = SHELL_BASED_SURFACE_MODEL('',(#12718));
#12718 = OPEN_SHELL('',(#12719));
#12719 = ADVANCED_FACE('',(#12720),#12734,.T.);
#12720 = FACE_BOUND('',#12721,.T.);
#12721 = EDGE_LOOP('',(#12722,#12745,#12761));
#12722 = ORIENTED_EDGE('',*,*,#12723,.F.);
#12723 = EDGE_CURVE('',#12724,#12726,#12728,.T.);
#12724 = VERTEX_POINT('',#12725);
#12725 = CARTESIAN_POINT('',(14.,3.,0.));
#12726 = VERTEX_POINT('',#12727);
#12727 = CARTESIAN_POINT('',(15.,-47.,0.));
#12728 = SURFACE_CURVE('',#12729,(#12733),.PCURVE_S1.);
#12729 = LINE('',#12730,#12731);
#12730 = CARTESIAN_POINT('',(14.,3.,0.));
#12731 = VECTOR('',#12732,1.);
#12732 = DIRECTION('',(1.99960011996E-02,-0.99980005998,0.));
#12733 = PCURVE('',#12734,#12739);
#12734 = PLANE('',#12735);
#12735 = AXIS2_PLACEMENT_3D('',#12736,#12737,#12738);
#12736 = CARTESIAN_POINT('',(14.74750024995,-21.75249975005,0.));
#12737 = DIRECTION('',(-0.,-0.,-1.));
#12738 = DIRECTION('',(-1.,0.,0.));
#12739 = DEFINITIONAL_REPRESENTATION('',(#12740),#12744);
#12740 = LINE('',#12741,#12742);
#12741 = CARTESIAN_POINT('',(0.74750024995,24.75249975005));
#12742 = VECTOR('',#12743,1.);
#12743 = DIRECTION('',(-1.99960011996E-02,-0.99980005998));
#12744 = ( GEOMETRIC_REPRESENTATION_CONTEXT(2) 
PARAMETRIC_REPRESENTATION_CONTEXT() REPRESENTATION_CONTEXT('2D SPACE',''
  ) );
#12745 = ORIENTED_EDGE('',*,*,#12746,.T.);
#12746 = EDGE_CURVE('',#12724,#12747,#12749,.T.);
#12747 = VERTEX_POINT('',#12748);
#12748 = CARTESIAN_POINT('',(15.,3.,0.));
#12749 = SURFACE_CURVE('',#12750,(#12754),.PCURVE_S1.);
#12750 = LINE('',#12751,#12752);
#12751 = CARTESIAN_POINT('',(14.,3.,0.));
#12752 = VECTOR('',#12753,1.);
#12753 = DIRECTION('',(1.,0.,0.));
#12754 = PCURVE('',#12734,#12755);
#12755 = DEFINITIONAL_REPRESENTATION('',(#12756),#12760);
#12756 = LINE('',#12757,#12758);
#12757 = CARTESIAN_POINT('',(0.74750024995,24.75249975005));
#12758 = VECTOR('',#12759,1.);
#12759 = DIRECTION('',(-1.,0.));
#12760 = ( GEOMETRIC_REPRESENTATION_CONTEXT(2) 
PARAMETRIC_REPRESENTATION_CONTEXT() REPRESENTATION_CONTEXT('2D SPACE',''
  ) );
#12761 = ORIENTED_EDGE('',*,*,#12762,.F.);
#12762 = EDGE_CURVE('',#12726,#12747,#12763,.T.);
#12763 = SURFACE_CURVE('',#12764,(#12768),.PCURVE_S1.);
#12764 = LINE('',#12765,#12766);
#12765 = CARTESIAN_POINT('',(15.,-47.,0.));
#12766 = VECTOR('',#12767,1.);
#12767 = DIRECTION('',(0.,1.,0.));
#12768 = PCURVE('',#12734,#12769);
#12769 = DEFINITIONAL_REPRESENTATION('',(#12770),#12774);
#12770 = LINE('',#12771,#12772);
#12771 = CARTESIAN_POINT('',(-0.25249975005,-25.24750024995));
#12772 = VECTOR('',#12773,1.);
#12773 = DIRECTION('',(0.,1.));
#12774 = ( GEOMETRIC_REPRESENTATION_CONTEXT(2) 
PARAMETRIC_REPRESENTATION_CONTEXT() REPRESENTATION_CONTEXT('2D SPACE',''
  ) );
#12775 = SHELL_BASED_SURFACE_MODEL('',(#12776));
#12776 = OPEN_SHELL('',(#12777));
#12777 = ADVANCED_FACE('',(#12778),#12792,.T.);
#12778 = FACE_BOUND('',#12779,.T.);
#12779 = EDGE_LOOP('',(#12780,#12803,#12819));
#12780 = ORIENTED_EDGE('',*,*,#12781,.T.);
#12781 = EDGE_CURVE('',#12782,#12784,#12786,.T.);
#12782 = VERTEX_POINT('',#12783);
#12783 = CARTESIAN_POINT('',(15.,-47.,0.));
#12784 = VERTEX_POINT('',#12785);
#12785 = CARTESIAN_POINT('',(14.,-47.,3.));
#12786 = SURFACE_CURVE('',#12787,(#12791),.PCURVE_S1.);
#12787 = LINE('',#12788,#12789);
#12788 = CARTESIAN_POINT('',(15.,-47.,0.));
#12789 = VECTOR('',#12790,1.);
#12790 = DIRECTION('',(-0.316227766017,0.,0.948683298051));
#12791 = PCURVE('',#12792,#12797);
#12792 = PLANE('',#12793);
#12793 = AXIS2_PLACEMENT_3D('',#12794,#12795,#12796);
#12794 = CARTESIAN_POINT('',(14.290569415042,-47.,1.290569415042));
#12795 = DIRECTION('',(-0.,-1.,-0.));
#12796 = DIRECTION('',(0.,0.,-1.));
#12797 = DEFINITIONAL_REPRESENTATION('',(#12798),#12802);
#12798 = LINE('',#12799,#12800);
#12799 = CARTESIAN_POINT('',(1.290569415042,0.709430584958));
#12800 = VECTOR('',#12801,1.);
#12801 = DIRECTION('',(-0.948683298051,-0.316227766017));
#12802 = ( GEOMETRIC_REPRESENTATION_CONTEXT(2) 
PARAMETRIC_REPRESENTATION_CONTEXT() REPRESENTATION_CONTEXT('2D SPACE',''
  ) );
#12803 = ORIENTED_EDGE('',*,*,#12804,.T.);
#12804 = EDGE_CURVE('',#12784,#12805,#12807,.T.);
#12805 = VERTEX_POINT('',#12806);
#12806 = CARTESIAN_POINT('',(14.,-47.,0.));
#12807 = SURFACE_CURVE('',#12808,(#12812),.PCURVE_S1.);
#12808 = LINE('',#12809,#12810);
#12809 = CARTESIAN_POINT('',(14.,-47.,3.));
#12810 = VECTOR('',#12811,1.);
#12811 = DIRECTION('',(0.,0.,-1.));
#12812 = PCURVE('',#12792,#12813);
#12813 = DEFINITIONAL_REPRESENTATION('',(#12814),#12818);
#12814 = LINE('',#12815,#12816);
#12815 = CARTESIAN_POINT('',(-1.709430584958,-0.290569415042));
#12816 = VECTOR('',#12817,1.);
#12817 = DIRECTION('',(1.,0.));
#12818 = ( GEOMETRIC_REPRESENTATION_CONTEXT(2) 
PARAMETRIC_REPRESENTATION_CONTEXT() REPRESENTATION_CONTEXT('2D SPACE',''
  ) );
#12819 = ORIENTED_EDGE('',*,*,#12820,.F.);
#12820 = EDGE_CURVE('',#12782,#12805,#12821,.T.);
#12821 = SURFACE_CURVE('',#12822,(#12826),.PCURVE_S1.);
#12822 = LINE('',#12823,#12824);
#12823 = CARTESIAN_POINT('',(15.,-47.,0.));
#12824 = VECTOR('',#12825,1.);
#12825 = DIRECTION('',(-1.,0.,0.));
#12826 = PCURVE('',#12792,#12827);
#12827 = DEFINITIONAL_REPRESENTATION('',(#12828),#12832);
#12828 = LINE('',#12829,#12830);
#12829 = CARTESIAN_POINT('',(1.290569415042,0.709430584958));
#12830 = VECTOR('',#12831,1.);
#12831 = DIRECTION('',(0.,-1.));
#12832 = ( GEOMETRIC_REPRESENTATION_CONTEXT(2) 
PARAMETRIC_REPRESENTATION_CONTEXT() REPRESENTATION_CONTEXT('2D SPACE',''
  ) );
#12833 = SHELL_BASED_SURFACE_MODEL('',(#12834));
#12834 = OPEN_SHELL('',(#12835));
#12835 = ADVANCED_FACE('',(#12836),#12850,.T.);
#12836 = FACE_BOUND('',#12837,.T.);
#12837 = EDGE_LOOP('',(#12838,#12861,#12877));
#12838 = ORIENTED_EDGE('',*,*,#12839,.F.);
#12839 = EDGE_CURVE('',#12840,#12842,#12844,.T.);
#12840 = VERTEX_POINT('',#12841);
#12841 = CARTESIAN_POINT('',(14.,-47.,3.));
#12842 = VERTEX_POINT('',#12843);
#12843 = CARTESIAN_POINT('',(15.,-47.,3.));
#12844 = SURFACE_CURVE('',#12845,(#12849),.PCURVE_S1.);
#12845 = LINE('',#12846,#12847);
#12846 = CARTESIAN_POINT('',(14.,-47.,3.));
#12847 = VECTOR('',#12848,1.);
#12848 = DIRECTION('',(1.,0.,0.));
#12849 = PCURVE('',#12850,#12855);
#12850 = PLANE('',#12851);
#12851 = AXIS2_PLACEMENT_3D('',#12852,#12853,#12854);
#12852 = CARTESIAN_POINT('',(14.709430584958,-47.,1.709430584958));
#12853 = DIRECTION('',(-0.,-1.,-0.));
#12854 = DIRECTION('',(0.,0.,-1.));
#12855 = DEFINITIONAL_REPRESENTATION('',(#12856),#12860);
#12856 = LINE('',#12857,#12858);
#12857 = CARTESIAN_POINT('',(-1.290569415042,-0.709430584958));
#12858 = VECTOR('',#12859,1.);
#12859 = DIRECTION('',(0.,1.));
#12860 = ( GEOMETRIC_REPRESENTATION_CONTEXT(2) 
PARAMETRIC_REPRESENTATION_CONTEXT() REPRESENTATION_CONTEXT('2D SPACE',''
  ) );
#12861 = ORIENTED_EDGE('',*,*,#12862,.F.);
#12862 = EDGE_CURVE('',#12863,#12840,#12865,.T.);
#12863 = VERTEX_POINT('',#12864);
#12864 = CARTESIAN_POINT('',(15.,-47.,0.));
#12865 = SURFACE_CURVE('',#12866,(#12870),.PCURVE_S1.);
#12866 = LINE('',#12867,#12868);
#12867 = CARTESIAN_POINT('',(15.,-47.,0.));
#12868 = VECTOR('',#12869,1.);
#12869 = DIRECTION('',(-0.316227766017,0.,0.948683298051));
#12870 = PCURVE('',#12850,#12871);
#12871 = DEFINITIONAL_REPRESENTATION('',(#12872),#12876);
#12872 = LINE('',#12873,#12874);
#12873 = CARTESIAN_POINT('',(1.709430584958,0.290569415042));
#12874 = VECTOR('',#12875,1.);
#12875 = DIRECTION('',(-0.948683298051,-0.316227766017));
#12876 = ( GEOMETRIC_REPRESENTATION_CONTEXT(2) 
PARAMETRIC_REPRESENTATION_CONTEXT() REPRESENTATION_CONTEXT('2D SPACE',''
  ) );
#12877 = ORIENTED_EDGE('',*,*,#12878,.F.);
#12878 = EDGE_CURVE('',#12842,#12863,#12879,.T.);
#12879 = SURFACE_CURVE('',#12880,(#12884),.PCURVE_S1.);
#12880 = LINE('',#12881,#12882);
#12881 = CARTESIAN_POINT('',(15.,-47.,3.));
#12882 = VECTOR('',#12883,1.);
#12883 = DIRECTION('',(0.,0.,-1.));
#12884 = PCURVE('',#12850,#12885);
#12885 = DEFINITIONAL_REPRESENTATION('',(#12886),#12890);
#12886 = LINE('',#12887,#12888);
#12887 = CARTESIAN_POINT('',(-1.290569415042,0.290569415042));
#12888 = VECTOR('',#12889,1.);
#12889 = DIRECTION('',(1.,0.));
#12890 = ( GEOMETRIC_REPRESENTATION_CONTEXT(2) 
PARAMETRIC_REPRESENTATION_CONTEXT() REPRESENTATION_CONTEXT('2D SPACE',''
  ) );
#12891 = SHELL_BASED_SURFACE_MODEL('',(#12892));
#12892 = OPEN_SHELL('',(#12893));
#12893 = ADVANCED_FACE('',(#12894),#12908,.T.);
#12894 = FACE_BOUND('',#12895,.T.);
#12895 = EDGE_LOOP('',(#12896,#12919,#12935));
#12896 = ORIENTED_EDGE('',*,*,#12897,.T.);
#12897 = EDGE_CURVE('',#12898,#12900,#12902,.T.);
#12898 = VERTEX_POINT('',#12899);
#12899 = CARTESIAN_POINT('',(14.,3.,0.));
#12900 = VERTEX_POINT('',#12901);
#12901 = CARTESIAN_POINT('',(15.,3.,3.));
#12902 = SURFACE_CURVE('',#12903,(#12907),.PCURVE_S1.);
#12903 = LINE('',#12904,#12905);
#12904 = CARTESIAN_POINT('',(14.,3.,0.));
#12905 = VECTOR('',#12906,1.);
#12906 = DIRECTION('',(0.316227766017,0.,0.948683298051));
#12907 = PCURVE('',#12908,#12913);
#12908 = PLANE('',#12909);
#12909 = AXIS2_PLACEMENT_3D('',#12910,#12911,#12912);
#12910 = CARTESIAN_POINT('',(14.709430584958,3.,1.290569415042));
#12911 = DIRECTION('',(0.,1.,0.));
#12912 = DIRECTION('',(0.,-0.,1.));
#12913 = DEFINITIONAL_REPRESENTATION('',(#12914),#12918);
#12914 = LINE('',#12915,#12916);
#12915 = CARTESIAN_POINT('',(-1.290569415042,-0.709430584958));
#12916 = VECTOR('',#12917,1.);
#12917 = DIRECTION('',(0.948683298051,0.316227766017));
#12918 = ( GEOMETRIC_REPRESENTATION_CONTEXT(2) 
PARAMETRIC_REPRESENTATION_CONTEXT() REPRESENTATION_CONTEXT('2D SPACE',''
  ) );
#12919 = ORIENTED_EDGE('',*,*,#12920,.F.);
#12920 = EDGE_CURVE('',#12921,#12900,#12923,.T.);
#12921 = VERTEX_POINT('',#12922);
#12922 = CARTESIAN_POINT('',(15.,3.,0.));
#12923 = SURFACE_CURVE('',#12924,(#12928),.PCURVE_S1.);
#12924 = LINE('',#12925,#12926);
#12925 = CARTESIAN_POINT('',(15.,3.,0.));
#12926 = VECTOR('',#12927,1.);
#12927 = DIRECTION('',(0.,0.,1.));
#12928 = PCURVE('',#12908,#12929);
#12929 = DEFINITIONAL_REPRESENTATION('',(#12930),#12934);
#12930 = LINE('',#12931,#12932);
#12931 = CARTESIAN_POINT('',(-1.290569415042,0.290569415042));
#12932 = VECTOR('',#12933,1.);
#12933 = DIRECTION('',(1.,0.));
#12934 = ( GEOMETRIC_REPRESENTATION_CONTEXT(2) 
PARAMETRIC_REPRESENTATION_CONTEXT() REPRESENTATION_CONTEXT('2D SPACE',''
  ) );
#12935 = ORIENTED_EDGE('',*,*,#12936,.F.);
#12936 = EDGE_CURVE('',#12898,#12921,#12937,.T.);
#12937 = SURFACE_CURVE('',#12938,(#12942),.PCURVE_S1.);
#12938 = LINE('',#12939,#12940);
#12939 = CARTESIAN_POINT('',(14.,3.,0.));
#12940 = VECTOR('',#12941,1.);
#12941 = DIRECTION('',(1.,0.,0.));
#12942 = PCURVE('',#12908,#12943);
#12943 = DEFINITIONAL_REPRESENTATION('',(#12944),#12948);
#12944 = LINE('',#12945,#12946);
#12945 = CARTESIAN_POINT('',(-1.290569415042,-0.709430584958));
#12946 = VECTOR('',#12947,1.);
#12947 = DIRECTION('',(0.,1.));
#12948 = ( GEOMETRIC_REPRESENTATION_CONTEXT(2) 
PARAMETRIC_REPRESENTATION_CONTEXT() REPRESENTATION_CONTEXT('2D SPACE',''
  ) );
#12949 = SHELL_BASED_SURFACE_MODEL('',(#12950));
#12950 = OPEN_SHELL('',(#12951));
#12951 = ADVANCED_FACE('',(#12952),#12966,.T.);
#12952 = FACE_BOUND('',#12953,.T.);
#12953 = EDGE_LOOP('',(#12954,#12977,#12993));
#12954 = ORIENTED_EDGE('',*,*,#12955,.F.);
#12955 = EDGE_CURVE('',#12956,#12958,#12960,.T.);
#12956 = VERTEX_POINT('',#12957);
#12957 = CARTESIAN_POINT('',(15.,3.,3.));
#12958 = VERTEX_POINT('',#12959);
#12959 = CARTESIAN_POINT('',(14.,3.,3.));
#12960 = SURFACE_CURVE('',#12961,(#12965),.PCURVE_S1.);
#12961 = LINE('',#12962,#12963);
#12962 = CARTESIAN_POINT('',(15.,3.,3.));
#12963 = VECTOR('',#12964,1.);
#12964 = DIRECTION('',(-1.,0.,0.));
#12965 = PCURVE('',#12966,#12971);
#12966 = PLANE('',#12967);
#12967 = AXIS2_PLACEMENT_3D('',#12968,#12969,#12970);
#12968 = CARTESIAN_POINT('',(14.290569415042,3.,1.709430584958));
#12969 = DIRECTION('',(0.,1.,0.));
#12970 = DIRECTION('',(0.,-0.,1.));
#12971 = DEFINITIONAL_REPRESENTATION('',(#12972),#12976);
#12972 = LINE('',#12973,#12974);
#12973 = CARTESIAN_POINT('',(1.290569415042,0.709430584958));
#12974 = VECTOR('',#12975,1.);
#12975 = DIRECTION('',(0.,-1.));
#12976 = ( GEOMETRIC_REPRESENTATION_CONTEXT(2) 
PARAMETRIC_REPRESENTATION_CONTEXT() REPRESENTATION_CONTEXT('2D SPACE',''
  ) );
#12977 = ORIENTED_EDGE('',*,*,#12978,.F.);
#12978 = EDGE_CURVE('',#12979,#12956,#12981,.T.);
#12979 = VERTEX_POINT('',#12980);
#12980 = CARTESIAN_POINT('',(14.,3.,0.));
#12981 = SURFACE_CURVE('',#12982,(#12986),.PCURVE_S1.);
#12982 = LINE('',#12983,#12984);
#12983 = CARTESIAN_POINT('',(14.,3.,0.));
#12984 = VECTOR('',#12985,1.);
#12985 = DIRECTION('',(0.316227766017,0.,0.948683298051));
#12986 = PCURVE('',#12966,#12987);
#12987 = DEFINITIONAL_REPRESENTATION('',(#12988),#12992);
#12988 = LINE('',#12989,#12990);
#12989 = CARTESIAN_POINT('',(-1.709430584958,-0.290569415042));
#12990 = VECTOR('',#12991,1.);
#12991 = DIRECTION('',(0.948683298051,0.316227766017));
#12992 = ( GEOMETRIC_REPRESENTATION_CONTEXT(2) 
PARAMETRIC_REPRESENTATION_CONTEXT() REPRESENTATION_CONTEXT('2D SPACE',''
  ) );
#12993 = ORIENTED_EDGE('',*,*,#12994,.T.);
#12994 = EDGE_CURVE('',#12979,#12958,#12995,.T.);
#12995 = SURFACE_CURVE('',#12996,(#13000),.PCURVE_S1.);
#12996 = LINE('',#12997,#12998);
#12997 = CARTESIAN_POINT('',(14.,3.,0.));
#12998 = VECTOR('',#12999,1.);
#12999 = DIRECTION('',(0.,0.,1.));
#13000 = PCURVE('',#12966,#13001);
#13001 = DEFINITIONAL_REPRESENTATION('',(#13002),#13006);
#13002 = LINE('',#13003,#13004);
#13003 = CARTESIAN_POINT('',(-1.709430584958,-0.290569415042));
#13004 = VECTOR('',#13005,1.);
#13005 = DIRECTION('',(1.,0.));
#13006 = ( GEOMETRIC_REPRESENTATION_CONTEXT(2) 
PARAMETRIC_REPRESENTATION_CONTEXT() REPRESENTATION_CONTEXT('2D SPACE',''
  ) );
#13007 = SHELL_BASED_SURFACE_MODEL('',(#13008));
#13008 = OPEN_SHELL('',(#13009));
#13009 = ADVANCED_FACE('',(#13010),#13024,.T.);
#13010 = FACE_BOUND('',#13011,.T.);
#13011 = EDGE_LOOP('',(#13012,#13035,#13051));
#13012 = ORIENTED_EDGE('',*,*,#13013,.F.);
#13013 = EDGE_CURVE('',#13014,#13016,#13018,.T.);
#13014 = VERTEX_POINT('',#13015);
#13015 = CARTESIAN_POINT('',(14.,3.,3.));
#13016 = VERTEX_POINT('',#13017);
#13017 = CARTESIAN_POINT('',(14.,-47.,3.));
#13018 = SURFACE_CURVE('',#13019,(#13023),.PCURVE_S1.);
#13019 = LINE('',#13020,#13021);
#13020 = CARTESIAN_POINT('',(14.,3.,3.));
#13021 = VECTOR('',#13022,1.);
#13022 = DIRECTION('',(0.,-1.,0.));
#13023 = PCURVE('',#13024,#13029);
#13024 = PLANE('',#13025);
#13025 = AXIS2_PLACEMENT_3D('',#13026,#13027,#13028);
#13026 = CARTESIAN_POINT('',(14.,-25.46829023459,7.327234862118));
#13027 = DIRECTION('',(1.,0.,0.));
#13028 = DIRECTION('',(-0.,0.,1.));
#13029 = DEFINITIONAL_REPRESENTATION('',(#13030),#13034);
#13030 = LINE('',#13031,#13032);
#13031 = CARTESIAN_POINT('',(-4.327234862118,-28.46829023459));
#13032 = VECTOR('',#13033,1.);
#13033 = DIRECTION('',(0.,1.));
#13034 = ( GEOMETRIC_REPRESENTATION_CONTEXT(2) 
PARAMETRIC_REPRESENTATION_CONTEXT() REPRESENTATION_CONTEXT('2D SPACE',''
  ) );
#13035 = ORIENTED_EDGE('',*,*,#13036,.T.);
#13036 = EDGE_CURVE('',#13014,#13037,#13039,.T.);
#13037 = VERTEX_POINT('',#13038);
#13038 = CARTESIAN_POINT('',(14.,-48.,18.));
#13039 = SURFACE_CURVE('',#13040,(#13044),.PCURVE_S1.);
#13040 = LINE('',#13041,#13042);
#13041 = CARTESIAN_POINT('',(14.,3.,3.));
#13042 = VECTOR('',#13043,1.);
#13043 = DIRECTION('',(0.,-0.959365501571,0.282166323992));
#13044 = PCURVE('',#13024,#13045);
#13045 = DEFINITIONAL_REPRESENTATION('',(#13046),#13050);
#13046 = LINE('',#13047,#13048);
#13047 = CARTESIAN_POINT('',(-4.327234862118,-28.46829023459));
#13048 = VECTOR('',#13049,1.);
#13049 = DIRECTION('',(0.282166323992,0.959365501571));
#13050 = ( GEOMETRIC_REPRESENTATION_CONTEXT(2) 
PARAMETRIC_REPRESENTATION_CONTEXT() REPRESENTATION_CONTEXT('2D SPACE',''
  ) );
#13051 = ORIENTED_EDGE('',*,*,#13052,.T.);
#13052 = EDGE_CURVE('',#13037,#13016,#13053,.T.);
#13053 = SURFACE_CURVE('',#13054,(#13058),.PCURVE_S1.);
#13054 = LINE('',#13055,#13056);
#13055 = CARTESIAN_POINT('',(14.,-48.,18.));
#13056 = VECTOR('',#13057,1.);
#13057 = DIRECTION('',(0.,6.651901052377E-02,-0.997785157857));
#13058 = PCURVE('',#13024,#13059);
#13059 = DEFINITIONAL_REPRESENTATION('',(#13060),#13064);
#13060 = LINE('',#13061,#13062);
#13061 = CARTESIAN_POINT('',(10.672765137882,22.531709765409));
#13062 = VECTOR('',#13063,1.);
#13063 = DIRECTION('',(-0.997785157857,-6.651901052377E-02));
#13064 = ( GEOMETRIC_REPRESENTATION_CONTEXT(2) 
PARAMETRIC_REPRESENTATION_CONTEXT() REPRESENTATION_CONTEXT('2D SPACE',''
  ) );
#13065 = SHELL_BASED_SURFACE_MODEL('',(#13066));
#13066 = OPEN_SHELL('',(#13067));
#13067 = ADVANCED_FACE('',(#13068),#13082,.T.);
#13068 = FACE_BOUND('',#13069,.T.);
#13069 = EDGE_LOOP('',(#13070,#13093,#13109));
#13070 = ORIENTED_EDGE('',*,*,#13071,.T.);
#13071 = EDGE_CURVE('',#13072,#13074,#13076,.T.);
#13072 = VERTEX_POINT('',#13073);
#13073 = CARTESIAN_POINT('',(14.,-48.,0.));
#13074 = VERTEX_POINT('',#13075);
#13075 = CARTESIAN_POINT('',(14.,-47.,0.));
#13076 = SURFACE_CURVE('',#13077,(#13081),.PCURVE_S1.);
#13077 = LINE('',#13078,#13079);
#13078 = CARTESIAN_POINT('',(14.,-48.,0.));
#13079 = VECTOR('',#13080,1.);
#13080 = DIRECTION('',(0.,1.,0.));
#13081 = PCURVE('',#13082,#13087);
#13082 = PLANE('',#13083);
#13083 = AXIS2_PLACEMENT_3D('',#13084,#13085,#13086);
#13084 = CARTESIAN_POINT('',(14.,-47.29056941504,1.290569415042));
#13085 = DIRECTION('',(1.,0.,0.));
#13086 = DIRECTION('',(-0.,0.,1.));
#13087 = DEFINITIONAL_REPRESENTATION('',(#13088),#13092);
#13088 = LINE('',#13089,#13090);
#13089 = CARTESIAN_POINT('',(-1.290569415042,0.709430584958));
#13090 = VECTOR('',#13091,1.);
#13091 = DIRECTION('',(0.,-1.));
#13092 = ( GEOMETRIC_REPRESENTATION_CONTEXT(2) 
PARAMETRIC_REPRESENTATION_CONTEXT() REPRESENTATION_CONTEXT('2D SPACE',''
  ) );
#13093 = ORIENTED_EDGE('',*,*,#13094,.F.);
#13094 = EDGE_CURVE('',#13095,#13074,#13097,.T.);
#13095 = VERTEX_POINT('',#13096);
#13096 = CARTESIAN_POINT('',(14.,-47.,3.));
#13097 = SURFACE_CURVE('',#13098,(#13102),.PCURVE_S1.);
#13098 = LINE('',#13099,#13100);
#13099 = CARTESIAN_POINT('',(14.,-47.,3.));
#13100 = VECTOR('',#13101,1.);
#13101 = DIRECTION('',(0.,0.,-1.));
#13102 = PCURVE('',#13082,#13103);
#13103 = DEFINITIONAL_REPRESENTATION('',(#13104),#13108);
#13104 = LINE('',#13105,#13106);
#13105 = CARTESIAN_POINT('',(1.709430584958,-0.290569415042));
#13106 = VECTOR('',#13107,1.);
#13107 = DIRECTION('',(-1.,0.));
#13108 = ( GEOMETRIC_REPRESENTATION_CONTEXT(2) 
PARAMETRIC_REPRESENTATION_CONTEXT() REPRESENTATION_CONTEXT('2D SPACE',''
  ) );
#13109 = ORIENTED_EDGE('',*,*,#13110,.T.);
#13110 = EDGE_CURVE('',#13095,#13072,#13111,.T.);
#13111 = SURFACE_CURVE('',#13112,(#13116),.PCURVE_S1.);
#13112 = LINE('',#13113,#13114);
#13113 = CARTESIAN_POINT('',(14.,-47.,3.));
#13114 = VECTOR('',#13115,1.);
#13115 = DIRECTION('',(0.,-0.316227766017,-0.948683298051));
#13116 = PCURVE('',#13082,#13117);
#13117 = DEFINITIONAL_REPRESENTATION('',(#13118),#13122);
#13118 = LINE('',#13119,#13120);
#13119 = CARTESIAN_POINT('',(1.709430584958,-0.290569415042));
#13120 = VECTOR('',#13121,1.);
#13121 = DIRECTION('',(-0.948683298051,0.316227766017));
#13122 = ( GEOMETRIC_REPRESENTATION_CONTEXT(2) 
PARAMETRIC_REPRESENTATION_CONTEXT() REPRESENTATION_CONTEXT('2D SPACE',''
  ) );
#13123 = SHELL_BASED_SURFACE_MODEL('',(#13124));
#13124 = OPEN_SHELL('',(#13125));
#13125 = ADVANCED_FACE('',(#13126),#13140,.T.);
#13126 = FACE_BOUND('',#13127,.T.);
#13127 = EDGE_LOOP('',(#13128,#13151,#13167));
#13128 = ORIENTED_EDGE('',*,*,#13129,.F.);
#13129 = EDGE_CURVE('',#13130,#13132,#13134,.T.);
#13130 = VERTEX_POINT('',#13131);
#13131 = CARTESIAN_POINT('',(14.,-48.,18.));
#13132 = VERTEX_POINT('',#13133);
#13133 = CARTESIAN_POINT('',(14.,-47.,3.));
#13134 = SURFACE_CURVE('',#13135,(#13139),.PCURVE_S1.);
#13135 = LINE('',#13136,#13137);
#13136 = CARTESIAN_POINT('',(14.,-48.,18.));
#13137 = VECTOR('',#13138,1.);
#13138 = DIRECTION('',(0.,6.651901052377E-02,-0.997785157857));
#13139 = PCURVE('',#13140,#13145);
#13140 = PLANE('',#13141);
#13141 = AXIS2_PLACEMENT_3D('',#13142,#13143,#13144);
#13142 = CARTESIAN_POINT('',(14.,-47.7486491854,8.967754679551));
#13143 = DIRECTION('',(1.,0.,0.));
#13144 = DIRECTION('',(-0.,0.,1.));
#13145 = DEFINITIONAL_REPRESENTATION('',(#13146),#13150);
#13146 = LINE('',#13147,#13148);
#13147 = CARTESIAN_POINT('',(9.032245320449,0.251350814594));
#13148 = VECTOR('',#13149,1.);
#13149 = DIRECTION('',(-0.997785157857,-6.651901052377E-02));
#13150 = ( GEOMETRIC_REPRESENTATION_CONTEXT(2) 
PARAMETRIC_REPRESENTATION_CONTEXT() REPRESENTATION_CONTEXT('2D SPACE',''
  ) );
#13151 = ORIENTED_EDGE('',*,*,#13152,.T.);
#13152 = EDGE_CURVE('',#13130,#13153,#13155,.T.);
#13153 = VERTEX_POINT('',#13154);
#13154 = CARTESIAN_POINT('',(14.,-48.,0.));
#13155 = SURFACE_CURVE('',#13156,(#13160),.PCURVE_S1.);
#13156 = LINE('',#13157,#13158);
#13157 = CARTESIAN_POINT('',(14.,-48.,18.));
#13158 = VECTOR('',#13159,1.);
#13159 = DIRECTION('',(0.,0.,-1.));
#13160 = PCURVE('',#13140,#13161);
#13161 = DEFINITIONAL_REPRESENTATION('',(#13162),#13166);
#13162 = LINE('',#13163,#13164);
#13163 = CARTESIAN_POINT('',(9.032245320449,0.251350814594));
#13164 = VECTOR('',#13165,1.);
#13165 = DIRECTION('',(-1.,0.));
#13166 = ( GEOMETRIC_REPRESENTATION_CONTEXT(2) 
PARAMETRIC_REPRESENTATION_CONTEXT() REPRESENTATION_CONTEXT('2D SPACE',''
  ) );
#13167 = ORIENTED_EDGE('',*,*,#13168,.F.);
#13168 = EDGE_CURVE('',#13132,#13153,#13169,.T.);
#13169 = SURFACE_CURVE('',#13170,(#13174),.PCURVE_S1.);
#13170 = LINE('',#13171,#13172);
#13171 = CARTESIAN_POINT('',(14.,-47.,3.));
#13172 = VECTOR('',#13173,1.);
#13173 = DIRECTION('',(0.,-0.316227766017,-0.948683298051));
#13174 = PCURVE('',#13140,#13175);
#13175 = DEFINITIONAL_REPRESENTATION('',(#13176),#13180);
#13176 = LINE('',#13177,#13178);
#13177 = CARTESIAN_POINT('',(-5.967754679551,-0.748649185406));
#13178 = VECTOR('',#13179,1.);
#13179 = DIRECTION('',(-0.948683298051,0.316227766017));
#13180 = ( GEOMETRIC_REPRESENTATION_CONTEXT(2) 
PARAMETRIC_REPRESENTATION_CONTEXT() REPRESENTATION_CONTEXT('2D SPACE',''
  ) );
#13181 = SHELL_BASED_SURFACE_MODEL('',(#13182));
#13182 = OPEN_SHELL('',(#13183));
#13183 = ADVANCED_FACE('',(#13184),#13198,.T.);
#13184 = FACE_BOUND('',#13185,.T.);
#13185 = EDGE_LOOP('',(#13186,#13209,#13225));
#13186 = ORIENTED_EDGE('',*,*,#13187,.T.);
#13187 = EDGE_CURVE('',#13188,#13190,#13192,.T.);
#13188 = VERTEX_POINT('',#13189);
#13189 = CARTESIAN_POINT('',(14.,52.,18.));
#13190 = VERTEX_POINT('',#13191);
#13191 = CARTESIAN_POINT('',(14.,-48.,18.));
#13192 = SURFACE_CURVE('',#13193,(#13197),.PCURVE_S1.);
#13193 = LINE('',#13194,#13195);
#13194 = CARTESIAN_POINT('',(14.,52.,18.));
#13195 = VECTOR('',#13196,1.);
#13196 = DIRECTION('',(0.,-1.,0.));
#13197 = PCURVE('',#13198,#13203);
#13198 = PLANE('',#13199);
#13199 = AXIS2_PLACEMENT_3D('',#13200,#13201,#13202);
#13200 = CARTESIAN_POINT('',(14.,2.021094115317,14.169192504942));
#13201 = DIRECTION('',(1.,0.,0.));
#13202 = DIRECTION('',(-0.,0.,1.));
#13203 = DEFINITIONAL_REPRESENTATION('',(#13204),#13208);
#13204 = LINE('',#13205,#13206);
#13205 = CARTESIAN_POINT('',(3.830807495058,-49.97890588468));
#13206 = VECTOR('',#13207,1.);
#13207 = DIRECTION('',(0.,1.));
#13208 = ( GEOMETRIC_REPRESENTATION_CONTEXT(2) 
PARAMETRIC_REPRESENTATION_CONTEXT() REPRESENTATION_CONTEXT('2D SPACE',''
  ) );
#13209 = ORIENTED_EDGE('',*,*,#13210,.F.);
#13210 = EDGE_CURVE('',#13211,#13190,#13213,.T.);
#13211 = VERTEX_POINT('',#13212);
#13212 = CARTESIAN_POINT('',(14.,3.,3.));
#13213 = SURFACE_CURVE('',#13214,(#13218),.PCURVE_S1.);
#13214 = LINE('',#13215,#13216);
#13215 = CARTESIAN_POINT('',(14.,3.,3.));
#13216 = VECTOR('',#13217,1.);
#13217 = DIRECTION('',(0.,-0.959365501571,0.282166323992));
#13218 = PCURVE('',#13198,#13219);
#13219 = DEFINITIONAL_REPRESENTATION('',(#13220),#13224);
#13220 = LINE('',#13221,#13222);
#13221 = CARTESIAN_POINT('',(-11.16919250494,-0.978905884683));
#13222 = VECTOR('',#13223,1.);
#13223 = DIRECTION('',(0.282166323992,0.959365501571));
#13224 = ( GEOMETRIC_REPRESENTATION_CONTEXT(2) 
PARAMETRIC_REPRESENTATION_CONTEXT() REPRESENTATION_CONTEXT('2D SPACE',''
  ) );
#13225 = ORIENTED_EDGE('',*,*,#13226,.T.);
#13226 = EDGE_CURVE('',#13211,#13188,#13227,.T.);
#13227 = SURFACE_CURVE('',#13228,(#13232),.PCURVE_S1.);
#13228 = LINE('',#13229,#13230);
#13229 = CARTESIAN_POINT('',(14.,3.,3.));
#13230 = VECTOR('',#13231,1.);
#13231 = DIRECTION('',(0.,0.956199955507,0.292714272094));
#13232 = PCURVE('',#13198,#13233);
#13233 = DEFINITIONAL_REPRESENTATION('',(#13234),#13238);
#13234 = LINE('',#13235,#13236);
#13235 = CARTESIAN_POINT('',(-11.16919250494,-0.978905884683));
#13236 = VECTOR('',#13237,1.);
#13237 = DIRECTION('',(0.292714272094,-0.956199955507));
#13238 = ( GEOMETRIC_REPRESENTATION_CONTEXT(2) 
PARAMETRIC_REPRESENTATION_CONTEXT() REPRESENTATION_CONTEXT('2D SPACE',''
  ) );
#13239 = SHELL_BASED_SURFACE_MODEL('',(#13240));
#13240 = OPEN_SHELL('',(#13241));
#13241 = ADVANCED_FACE('',(#13242),#13256,.T.);
#13242 = FACE_BOUND('',#13243,.T.);
#13243 = EDGE_LOOP('',(#13244,#13267,#13283));
#13244 = ORIENTED_EDGE('',*,*,#13245,.T.);
#13245 = EDGE_CURVE('',#13246,#13248,#13250,.T.);
#13246 = VERTEX_POINT('',#13247);
#13247 = CARTESIAN_POINT('',(14.,52.,0.));
#13248 = VERTEX_POINT('',#13249);
#13249 = CARTESIAN_POINT('',(14.,3.,3.));
#13250 = SURFACE_CURVE('',#13251,(#13255),.PCURVE_S1.);
#13251 = LINE('',#13252,#13253);
#13252 = CARTESIAN_POINT('',(14.,52.,0.));
#13253 = VECTOR('',#13254,1.);
#13254 = DIRECTION('',(0.,-0.998131033565,6.11100632795E-02));
#13255 = PCURVE('',#13256,#13261);
#13256 = PLANE('',#13257);
#13257 = AXIS2_PLACEMENT_3D('',#13258,#13259,#13260);
#13258 = CARTESIAN_POINT('',(14.,26.772937708634,0.772937708634));
#13259 = DIRECTION('',(1.,0.,0.));
#13260 = DIRECTION('',(-0.,0.,1.));
#13261 = DEFINITIONAL_REPRESENTATION('',(#13262),#13266);
#13262 = LINE('',#13263,#13264);
#13263 = CARTESIAN_POINT('',(-0.772937708634,-25.22706229136));
#13264 = VECTOR('',#13265,1.);
#13265 = DIRECTION('',(6.11100632795E-02,0.998131033565));
#13266 = ( GEOMETRIC_REPRESENTATION_CONTEXT(2) 
PARAMETRIC_REPRESENTATION_CONTEXT() REPRESENTATION_CONTEXT('2D SPACE',''
  ) );
#13267 = ORIENTED_EDGE('',*,*,#13268,.F.);
#13268 = EDGE_CURVE('',#13269,#13248,#13271,.T.);
#13269 = VERTEX_POINT('',#13270);
#13270 = CARTESIAN_POINT('',(14.,3.,0.));
#13271 = SURFACE_CURVE('',#13272,(#13276),.PCURVE_S1.);
#13272 = LINE('',#13273,#13274);
#13273 = CARTESIAN_POINT('',(14.,3.,0.));
#13274 = VECTOR('',#13275,1.);
#13275 = DIRECTION('',(0.,0.,1.));
#13276 = PCURVE('',#13256,#13277);
#13277 = DEFINITIONAL_REPRESENTATION('',(#13278),#13282);
#13278 = LINE('',#13279,#13280);
#13279 = CARTESIAN_POINT('',(-0.772937708634,23.772937708634));
#13280 = VECTOR('',#13281,1.);
#13281 = DIRECTION('',(1.,0.));
#13282 = ( GEOMETRIC_REPRESENTATION_CONTEXT(2) 
PARAMETRIC_REPRESENTATION_CONTEXT() REPRESENTATION_CONTEXT('2D SPACE',''
  ) );
#13283 = ORIENTED_EDGE('',*,*,#13284,.T.);
#13284 = EDGE_CURVE('',#13269,#13246,#13285,.T.);
#13285 = SURFACE_CURVE('',#13286,(#13290),.PCURVE_S1.);
#13286 = LINE('',#13287,#13288);
#13287 = CARTESIAN_POINT('',(14.,3.,0.));
#13288 = VECTOR('',#13289,1.);
#13289 = DIRECTION('',(0.,1.,0.));
#13290 = PCURVE('',#13256,#13291);
#13291 = DEFINITIONAL_REPRESENTATION('',(#13292),#13296);
#13292 = LINE('',#13293,#13294);
#13293 = CARTESIAN_POINT('',(-0.772937708634,23.772937708634));
#13294 = VECTOR('',#13295,1.);
#13295 = DIRECTION('',(0.,-1.));
#13296 = ( GEOMETRIC_REPRESENTATION_CONTEXT(2) 
PARAMETRIC_REPRESENTATION_CONTEXT() REPRESENTATION_CONTEXT('2D SPACE',''
  ) );
#13297 = SHELL_BASED_SURFACE_MODEL('',(#13298));
#13298 = OPEN_SHELL('',(#13299));
#13299 = ADVANCED_FACE('',(#13300),#13314,.T.);
#13300 = FACE_BOUND('',#13301,.T.);
#13301 = EDGE_LOOP('',(#13302,#13325,#13341));
#13302 = ORIENTED_EDGE('',*,*,#13303,.F.);
#13303 = EDGE_CURVE('',#13304,#13306,#13308,.T.);
#13304 = VERTEX_POINT('',#13305);
#13305 = CARTESIAN_POINT('',(14.,3.,3.));
#13306 = VERTEX_POINT('',#13307);
#13307 = CARTESIAN_POINT('',(14.,52.,18.));
#13308 = SURFACE_CURVE('',#13309,(#13313),.PCURVE_S1.);
#13309 = LINE('',#13310,#13311);
#13310 = CARTESIAN_POINT('',(14.,3.,3.));
#13311 = VECTOR('',#13312,1.);
#13312 = DIRECTION('',(0.,0.956199955507,0.292714272094));
#13313 = PCURVE('',#13314,#13319);
#13314 = PLANE('',#13315);
#13315 = AXIS2_PLACEMENT_3D('',#13316,#13317,#13318);
#13316 = CARTESIAN_POINT('',(14.,31.226668307791,6.538190266685));
#13317 = DIRECTION('',(1.,0.,0.));
#13318 = DIRECTION('',(-0.,0.,1.));
#13319 = DEFINITIONAL_REPRESENTATION('',(#13320),#13324);
#13320 = LINE('',#13321,#13322);
#13321 = CARTESIAN_POINT('',(-3.538190266685,28.226668307791));
#13322 = VECTOR('',#13323,1.);
#13323 = DIRECTION('',(0.292714272094,-0.956199955507));
#13324 = ( GEOMETRIC_REPRESENTATION_CONTEXT(2) 
PARAMETRIC_REPRESENTATION_CONTEXT() REPRESENTATION_CONTEXT('2D SPACE',''
  ) );
#13325 = ORIENTED_EDGE('',*,*,#13326,.F.);
#13326 = EDGE_CURVE('',#13327,#13304,#13329,.T.);
#13327 = VERTEX_POINT('',#13328);
#13328 = CARTESIAN_POINT('',(14.,52.,0.));
#13329 = SURFACE_CURVE('',#13330,(#13334),.PCURVE_S1.);
#13330 = LINE('',#13331,#13332);
#13331 = CARTESIAN_POINT('',(14.,52.,0.));
#13332 = VECTOR('',#13333,1.);
#13333 = DIRECTION('',(0.,-0.998131033565,6.11100632795E-02));
#13334 = PCURVE('',#13314,#13335);
#13335 = DEFINITIONAL_REPRESENTATION('',(#13336),#13340);
#13336 = LINE('',#13337,#13338);
#13337 = CARTESIAN_POINT('',(-6.538190266685,-20.7733316922));
#13338 = VECTOR('',#13339,1.);
#13339 = DIRECTION('',(6.11100632795E-02,0.998131033565));
#13340 = ( GEOMETRIC_REPRESENTATION_CONTEXT(2) 
PARAMETRIC_REPRESENTATION_CONTEXT() REPRESENTATION_CONTEXT('2D SPACE',''
  ) );
#13341 = ORIENTED_EDGE('',*,*,#13342,.T.);
#13342 = EDGE_CURVE('',#13327,#13306,#13343,.T.);
#13343 = SURFACE_CURVE('',#13344,(#13348),.PCURVE_S1.);
#13344 = LINE('',#13345,#13346);
#13345 = CARTESIAN_POINT('',(14.,52.,0.));
#13346 = VECTOR('',#13347,1.);
#13347 = DIRECTION('',(0.,0.,1.));
#13348 = PCURVE('',#13314,#13349);
#13349 = DEFINITIONAL_REPRESENTATION('',(#13350),#13354);
#13350 = LINE('',#13351,#13352);
#13351 = CARTESIAN_POINT('',(-6.538190266685,-20.7733316922));
#13352 = VECTOR('',#13353,1.);
#13353 = DIRECTION('',(1.,0.));
#13354 = ( GEOMETRIC_REPRESENTATION_CONTEXT(2) 
PARAMETRIC_REPRESENTATION_CONTEXT() REPRESENTATION_CONTEXT('2D SPACE',''
  ) );
#13355 = SHELL_BASED_SURFACE_MODEL('',(#13356));
#13356 = OPEN_SHELL('',(#13357));
#13357 = ADVANCED_FACE('',(#13358),#13372,.T.);
#13358 = FACE_BOUND('',#13359,.T.);
#13359 = EDGE_LOOP('',(#13360,#13383,#13399));
#13360 = ORIENTED_EDGE('',*,*,#13361,.T.);
#13361 = EDGE_CURVE('',#13362,#13364,#13366,.T.);
#13362 = VERTEX_POINT('',#13363);
#13363 = CARTESIAN_POINT('',(11.,52.,18.));
#13364 = VERTEX_POINT('',#13365);
#13365 = CARTESIAN_POINT('',(12.,55.,18.));
#13366 = SURFACE_CURVE('',#13367,(#13371),.PCURVE_S1.);
#13367 = LINE('',#13368,#13369);
#13368 = CARTESIAN_POINT('',(11.,52.,18.));
#13369 = VECTOR('',#13370,1.);
#13370 = DIRECTION('',(0.316227766017,0.948683298051,0.));
#13371 = PCURVE('',#13372,#13377);
#13372 = PLANE('',#13373);
#13373 = AXIS2_PLACEMENT_3D('',#13374,#13375,#13376);
#13374 = CARTESIAN_POINT('',(-2.498120453515,54.222113920515,18.));
#13375 = DIRECTION('',(0.,0.,1.));
#13376 = DIRECTION('',(1.,0.,-0.));
#13377 = DEFINITIONAL_REPRESENTATION('',(#13378),#13382);
#13378 = LINE('',#13379,#13380);
#13379 = CARTESIAN_POINT('',(13.498120453515,-2.222113920515));
#13380 = VECTOR('',#13381,1.);
#13381 = DIRECTION('',(0.316227766017,0.948683298051));
#13382 = ( GEOMETRIC_REPRESENTATION_CONTEXT(2) 
PARAMETRIC_REPRESENTATION_CONTEXT() REPRESENTATION_CONTEXT('2D SPACE',''
  ) );
#13383 = ORIENTED_EDGE('',*,*,#13384,.F.);
#13384 = EDGE_CURVE('',#13385,#13364,#13387,.T.);
#13385 = VERTEX_POINT('',#13386);
#13386 = CARTESIAN_POINT('',(-18.,55.,18.));
#13387 = SURFACE_CURVE('',#13388,(#13392),.PCURVE_S1.);
#13388 = LINE('',#13389,#13390);
#13389 = CARTESIAN_POINT('',(-18.,55.,18.));
#13390 = VECTOR('',#13391,1.);
#13391 = DIRECTION('',(1.,0.,0.));
#13392 = PCURVE('',#13372,#13393);
#13393 = DEFINITIONAL_REPRESENTATION('',(#13394),#13398);
#13394 = LINE('',#13395,#13396);
#13395 = CARTESIAN_POINT('',(-15.50187954648,0.777886079485));
#13396 = VECTOR('',#13397,1.);
#13397 = DIRECTION('',(1.,0.));
#13398 = ( GEOMETRIC_REPRESENTATION_CONTEXT(2) 
PARAMETRIC_REPRESENTATION_CONTEXT() REPRESENTATION_CONTEXT('2D SPACE',''
  ) );
#13399 = ORIENTED_EDGE('',*,*,#13400,.F.);
#13400 = EDGE_CURVE('',#13362,#13385,#13401,.T.);
#13401 = SURFACE_CURVE('',#13402,(#13406),.PCURVE_S1.);
#13402 = LINE('',#13403,#13404);
#13403 = CARTESIAN_POINT('',(11.,52.,18.));
#13404 = VECTOR('',#13405,1.);
#13405 = DIRECTION('',(-0.994691793827,0.102899151086,0.));
#13406 = PCURVE('',#13372,#13407);
#13407 = DEFINITIONAL_REPRESENTATION('',(#13408),#13412);
#13408 = LINE('',#13409,#13410);
#13409 = CARTESIAN_POINT('',(13.498120453515,-2.222113920515));
#13410 = VECTOR('',#13411,1.);
#13411 = DIRECTION('',(-0.994691793827,0.102899151086));
#13412 = ( GEOMETRIC_REPRESENTATION_CONTEXT(2) 
PARAMETRIC_REPRESENTATION_CONTEXT() REPRESENTATION_CONTEXT('2D SPACE',''
  ) );
#13413 = SHELL_BASED_SURFACE_MODEL('',(#13414));
#13414 = OPEN_SHELL('',(#13415));
#13415 = ADVANCED_FACE('',(#13416),#13430,.T.);
#13416 = FACE_BOUND('',#13417,.T.);
#13417 = EDGE_LOOP('',(#13418,#13441,#13457));
#13418 = ORIENTED_EDGE('',*,*,#13419,.T.);
#13419 = EDGE_CURVE('',#13420,#13422,#13424,.T.);
#13420 = VERTEX_POINT('',#13421);
#13421 = CARTESIAN_POINT('',(12.,52.,18.));
#13422 = VERTEX_POINT('',#13423);
#13423 = CARTESIAN_POINT('',(12.,55.,18.));
#13424 = SURFACE_CURVE('',#13425,(#13429),.PCURVE_S1.);
#13425 = LINE('',#13426,#13427);
#13426 = CARTESIAN_POINT('',(12.,52.,18.));
#13427 = VECTOR('',#13428,1.);
#13428 = DIRECTION('',(0.,1.,0.));
#13429 = PCURVE('',#13430,#13435);
#13430 = PLANE('',#13431);
#13431 = AXIS2_PLACEMENT_3D('',#13432,#13433,#13434);
#13432 = CARTESIAN_POINT('',(11.709430584958,53.290569415042,18.));
#13433 = DIRECTION('',(0.,0.,1.));
#13434 = DIRECTION('',(1.,0.,-0.));
#13435 = DEFINITIONAL_REPRESENTATION('',(#13436),#13440);
#13436 = LINE('',#13437,#13438);
#13437 = CARTESIAN_POINT('',(0.290569415042,-1.290569415042));
#13438 = VECTOR('',#13439,1.);
#13439 = DIRECTION('',(0.,1.));
#13440 = ( GEOMETRIC_REPRESENTATION_CONTEXT(2) 
PARAMETRIC_REPRESENTATION_CONTEXT() REPRESENTATION_CONTEXT('2D SPACE',''
  ) );
#13441 = ORIENTED_EDGE('',*,*,#13442,.F.);
#13442 = EDGE_CURVE('',#13443,#13422,#13445,.T.);
#13443 = VERTEX_POINT('',#13444);
#13444 = CARTESIAN_POINT('',(11.,52.,18.));
#13445 = SURFACE_CURVE('',#13446,(#13450),.PCURVE_S1.);
#13446 = LINE('',#13447,#13448);
#13447 = CARTESIAN_POINT('',(11.,52.,18.));
#13448 = VECTOR('',#13449,1.);
#13449 = DIRECTION('',(0.316227766017,0.948683298051,0.));
#13450 = PCURVE('',#13430,#13451);
#13451 = DEFINITIONAL_REPRESENTATION('',(#13452),#13456);
#13452 = LINE('',#13453,#13454);
#13453 = CARTESIAN_POINT('',(-0.709430584958,-1.290569415042));
#13454 = VECTOR('',#13455,1.);
#13455 = DIRECTION('',(0.316227766017,0.948683298051));
#13456 = ( GEOMETRIC_REPRESENTATION_CONTEXT(2) 
PARAMETRIC_REPRESENTATION_CONTEXT() REPRESENTATION_CONTEXT('2D SPACE',''
  ) );
#13457 = ORIENTED_EDGE('',*,*,#13458,.T.);
#13458 = EDGE_CURVE('',#13443,#13420,#13459,.T.);
#13459 = SURFACE_CURVE('',#13460,(#13464),.PCURVE_S1.);
#13460 = LINE('',#13461,#13462);
#13461 = CARTESIAN_POINT('',(11.,52.,18.));
#13462 = VECTOR('',#13463,1.);
#13463 = DIRECTION('',(1.,0.,0.));
#13464 = PCURVE('',#13430,#13465);
#13465 = DEFINITIONAL_REPRESENTATION('',(#13466),#13470);
#13466 = LINE('',#13467,#13468);
#13467 = CARTESIAN_POINT('',(-0.709430584958,-1.290569415042));
#13468 = VECTOR('',#13469,1.);
#13469 = DIRECTION('',(1.,0.));
#13470 = ( GEOMETRIC_REPRESENTATION_CONTEXT(2) 
PARAMETRIC_REPRESENTATION_CONTEXT() REPRESENTATION_CONTEXT('2D SPACE',''
  ) );
#13471 = SHELL_BASED_SURFACE_MODEL('',(#13472));
#13472 = OPEN_SHELL('',(#13473));
#13473 = ADVANCED_FACE('',(#13474),#13488,.T.);
#13474 = FACE_BOUND('',#13475,.T.);
#13475 = EDGE_LOOP('',(#13476,#13499,#13515));
#13476 = ORIENTED_EDGE('',*,*,#13477,.F.);
#13477 = EDGE_CURVE('',#13478,#13480,#13482,.T.);
#13478 = VERTEX_POINT('',#13479);
#13479 = CARTESIAN_POINT('',(11.,52.,18.));
#13480 = VERTEX_POINT('',#13481);
#13481 = CARTESIAN_POINT('',(12.,52.,18.));
#13482 = SURFACE_CURVE('',#13483,(#13487),.PCURVE_S1.);
#13483 = LINE('',#13484,#13485);
#13484 = CARTESIAN_POINT('',(11.,52.,18.));
#13485 = VECTOR('',#13486,1.);
#13486 = DIRECTION('',(1.,0.,0.));
#13487 = PCURVE('',#13488,#13493);
#13488 = PLANE('',#13489);
#13489 = AXIS2_PLACEMENT_3D('',#13490,#13491,#13492);
#13490 = CARTESIAN_POINT('',(11.251249968752,2.248750031248,18.));
#13491 = DIRECTION('',(0.,0.,1.));
#13492 = DIRECTION('',(1.,0.,-0.));
#13493 = DEFINITIONAL_REPRESENTATION('',(#13494),#13498);
#13494 = LINE('',#13495,#13496);
#13495 = CARTESIAN_POINT('',(-0.251249968752,49.751249968752));
#13496 = VECTOR('',#13497,1.);
#13497 = DIRECTION('',(1.,0.));
#13498 = ( GEOMETRIC_REPRESENTATION_CONTEXT(2) 
PARAMETRIC_REPRESENTATION_CONTEXT() REPRESENTATION_CONTEXT('2D SPACE',''
  ) );
#13499 = ORIENTED_EDGE('',*,*,#13500,.T.);
#13500 = EDGE_CURVE('',#13478,#13501,#13503,.T.);
#13501 = VERTEX_POINT('',#13502);
#13502 = CARTESIAN_POINT('',(11.,-48.,18.));
#13503 = SURFACE_CURVE('',#13504,(#13508),.PCURVE_S1.);
#13504 = LINE('',#13505,#13506);
#13505 = CARTESIAN_POINT('',(11.,52.,18.));
#13506 = VECTOR('',#13507,1.);
#13507 = DIRECTION('',(0.,-1.,0.));
#13508 = PCURVE('',#13488,#13509);
#13509 = DEFINITIONAL_REPRESENTATION('',(#13510),#13514);
#13510 = LINE('',#13511,#13512);
#13511 = CARTESIAN_POINT('',(-0.251249968752,49.751249968752));
#13512 = VECTOR('',#13513,1.);
#13513 = DIRECTION('',(0.,-1.));
#13514 = ( GEOMETRIC_REPRESENTATION_CONTEXT(2) 
PARAMETRIC_REPRESENTATION_CONTEXT() REPRESENTATION_CONTEXT('2D SPACE',''
  ) );
#13515 = ORIENTED_EDGE('',*,*,#13516,.T.);
#13516 = EDGE_CURVE('',#13501,#13480,#13517,.T.);
#13517 = SURFACE_CURVE('',#13518,(#13522),.PCURVE_S1.);
#13518 = LINE('',#13519,#13520);
#13519 = CARTESIAN_POINT('',(11.,-48.,18.));
#13520 = VECTOR('',#13521,1.);
#13521 = DIRECTION('',(9.999500037497E-03,0.99995000375,0.));
#13522 = PCURVE('',#13488,#13523);
#13523 = DEFINITIONAL_REPRESENTATION('',(#13524),#13528);
#13524 = LINE('',#13525,#13526);
#13525 = CARTESIAN_POINT('',(-0.251249968752,-50.24875003124));
#13526 = VECTOR('',#13527,1.);
#13527 = DIRECTION('',(9.999500037497E-03,0.99995000375));
#13528 = ( GEOMETRIC_REPRESENTATION_CONTEXT(2) 
PARAMETRIC_REPRESENTATION_CONTEXT() REPRESENTATION_CONTEXT('2D SPACE',''
  ) );
#13529 = SHELL_BASED_SURFACE_MODEL('',(#13530));
#13530 = OPEN_SHELL('',(#13531));
#13531 = ADVANCED_FACE('',(#13532),#13546,.T.);
#13532 = FACE_BOUND('',#13533,.T.);
#13533 = EDGE_LOOP('',(#13534,#13557,#13573));
#13534 = ORIENTED_EDGE('',*,*,#13535,.F.);
#13535 = EDGE_CURVE('',#13536,#13538,#13540,.T.);
#13536 = VERTEX_POINT('',#13537);
#13537 = CARTESIAN_POINT('',(14.,52.,18.));
#13538 = VERTEX_POINT('',#13539);
#13539 = CARTESIAN_POINT('',(14.,-48.,18.));
#13540 = SURFACE_CURVE('',#13541,(#13545),.PCURVE_S1.);
#13541 = LINE('',#13542,#13543);
#13542 = CARTESIAN_POINT('',(14.,52.,18.));
#13543 = VECTOR('',#13544,1.);
#13544 = DIRECTION('',(0.,-1.,0.));
#13545 = PCURVE('',#13546,#13551);
#13546 = PLANE('',#13547);
#13547 = AXIS2_PLACEMENT_3D('',#13548,#13549,#13550);
#13548 = CARTESIAN_POINT('',(13.4950004999,2.4950004999,18.));
#13549 = DIRECTION('',(0.,0.,1.));
#13550 = DIRECTION('',(1.,0.,-0.));
#13551 = DEFINITIONAL_REPRESENTATION('',(#13552),#13556);
#13552 = LINE('',#13553,#13554);
#13553 = CARTESIAN_POINT('',(0.5049995001,49.5049995001));
#13554 = VECTOR('',#13555,1.);
#13555 = DIRECTION('',(0.,-1.));
#13556 = ( GEOMETRIC_REPRESENTATION_CONTEXT(2) 
PARAMETRIC_REPRESENTATION_CONTEXT() REPRESENTATION_CONTEXT('2D SPACE',''
  ) );
#13557 = ORIENTED_EDGE('',*,*,#13558,.T.);
#13558 = EDGE_CURVE('',#13536,#13559,#13561,.T.);
#13559 = VERTEX_POINT('',#13560);
#13560 = CARTESIAN_POINT('',(12.,52.,18.));
#13561 = SURFACE_CURVE('',#13562,(#13566),.PCURVE_S1.);
#13562 = LINE('',#13563,#13564);
#13563 = CARTESIAN_POINT('',(14.,52.,18.));
#13564 = VECTOR('',#13565,1.);
#13565 = DIRECTION('',(-1.,0.,0.));
#13566 = PCURVE('',#13546,#13567);
#13567 = DEFINITIONAL_REPRESENTATION('',(#13568),#13572);
#13568 = LINE('',#13569,#13570);
#13569 = CARTESIAN_POINT('',(0.5049995001,49.5049995001));
#13570 = VECTOR('',#13571,1.);
#13571 = DIRECTION('',(-1.,0.));
#13572 = ( GEOMETRIC_REPRESENTATION_CONTEXT(2) 
PARAMETRIC_REPRESENTATION_CONTEXT() REPRESENTATION_CONTEXT('2D SPACE',''
  ) );
#13573 = ORIENTED_EDGE('',*,*,#13574,.T.);
#13574 = EDGE_CURVE('',#13559,#13538,#13575,.T.);
#13575 = SURFACE_CURVE('',#13576,(#13580),.PCURVE_S1.);
#13576 = LINE('',#13577,#13578);
#13577 = CARTESIAN_POINT('',(12.,52.,18.));
#13578 = VECTOR('',#13579,1.);
#13579 = DIRECTION('',(1.99960011996E-02,-0.99980005998,0.));
#13580 = PCURVE('',#13546,#13581);
#13581 = DEFINITIONAL_REPRESENTATION('',(#13582),#13586);
#13582 = LINE('',#13583,#13584);
#13583 = CARTESIAN_POINT('',(-1.4950004999,49.5049995001));
#13584 = VECTOR('',#13585,1.);
#13585 = DIRECTION('',(1.99960011996E-02,-0.99980005998));
#13586 = ( GEOMETRIC_REPRESENTATION_CONTEXT(2) 
PARAMETRIC_REPRESENTATION_CONTEXT() REPRESENTATION_CONTEXT('2D SPACE',''
  ) );
#13587 = SHELL_BASED_SURFACE_MODEL('',(#13588));
#13588 = OPEN_SHELL('',(#13589));
#13589 = ADVANCED_FACE('',(#13590),#13604,.T.);
#13590 = FACE_BOUND('',#13591,.T.);
#13591 = EDGE_LOOP('',(#13592,#13615,#13631));
#13592 = ORIENTED_EDGE('',*,*,#13593,.F.);
#13593 = EDGE_CURVE('',#13594,#13596,#13598,.T.);
#13594 = VERTEX_POINT('',#13595);
#13595 = CARTESIAN_POINT('',(11.,-48.,18.));
#13596 = VERTEX_POINT('',#13597);
#13597 = CARTESIAN_POINT('',(12.,52.,18.));
#13598 = SURFACE_CURVE('',#13599,(#13603),.PCURVE_S1.);
#13599 = LINE('',#13600,#13601);
#13600 = CARTESIAN_POINT('',(11.,-48.,18.));
#13601 = VECTOR('',#13602,1.);
#13602 = DIRECTION('',(9.999500037497E-03,0.99995000375,0.));
#13603 = PCURVE('',#13604,#13609);
#13604 = PLANE('',#13605);
#13605 = AXIS2_PLACEMENT_3D('',#13606,#13607,#13608);
#13606 = CARTESIAN_POINT('',(12.253749531348,1.261174724444,18.));
#13607 = DIRECTION('',(0.,0.,1.));
#13608 = DIRECTION('',(1.,0.,-0.));
#13609 = DEFINITIONAL_REPRESENTATION('',(#13610),#13614);
#13610 = LINE('',#13611,#13612);
#13611 = CARTESIAN_POINT('',(-1.253749531348,-49.26117472444));
#13612 = VECTOR('',#13613,1.);
#13613 = DIRECTION('',(9.999500037497E-03,0.99995000375));
#13614 = ( GEOMETRIC_REPRESENTATION_CONTEXT(2) 
PARAMETRIC_REPRESENTATION_CONTEXT() REPRESENTATION_CONTEXT('2D SPACE',''
  ) );
#13615 = ORIENTED_EDGE('',*,*,#13616,.T.);
#13616 = EDGE_CURVE('',#13594,#13617,#13619,.T.);
#13617 = VERTEX_POINT('',#13618);
#13618 = CARTESIAN_POINT('',(14.,-48.,18.));
#13619 = SURFACE_CURVE('',#13620,(#13624),.PCURVE_S1.);
#13620 = LINE('',#13621,#13622);
#13621 = CARTESIAN_POINT('',(11.,-48.,18.));
#13622 = VECTOR('',#13623,1.);
#13623 = DIRECTION('',(1.,0.,0.));
#13624 = PCURVE('',#13604,#13625);
#13625 = DEFINITIONAL_REPRESENTATION('',(#13626),#13630);
#13626 = LINE('',#13627,#13628);
#13627 = CARTESIAN_POINT('',(-1.253749531348,-49.26117472444));
#13628 = VECTOR('',#13629,1.);
#13629 = DIRECTION('',(1.,0.));
#13630 = ( GEOMETRIC_REPRESENTATION_CONTEXT(2) 
PARAMETRIC_REPRESENTATION_CONTEXT() REPRESENTATION_CONTEXT('2D SPACE',''
  ) );
#13631 = ORIENTED_EDGE('',*,*,#13632,.F.);
#13632 = EDGE_CURVE('',#13596,#13617,#13633,.T.);
#13633 = SURFACE_CURVE('',#13634,(#13638),.PCURVE_S1.);
#13634 = LINE('',#13635,#13636);
#13635 = CARTESIAN_POINT('',(12.,52.,18.));
#13636 = VECTOR('',#13637,1.);
#13637 = DIRECTION('',(1.99960011996E-02,-0.99980005998,0.));
#13638 = PCURVE('',#13604,#13639);
#13639 = DEFINITIONAL_REPRESENTATION('',(#13640),#13644);
#13640 = LINE('',#13641,#13642);
#13641 = CARTESIAN_POINT('',(-0.253749531348,50.738825275556));
#13642 = VECTOR('',#13643,1.);
#13643 = DIRECTION('',(1.99960011996E-02,-0.99980005998));
#13644 = ( GEOMETRIC_REPRESENTATION_CONTEXT(2) 
PARAMETRIC_REPRESENTATION_CONTEXT() REPRESENTATION_CONTEXT('2D SPACE',''
  ) );
#13645 = SHELL_BASED_SURFACE_MODEL('',(#13646));
#13646 = OPEN_SHELL('',(#13647));
#13647 = ADVANCED_FACE('',(#13648),#13662,.T.);
#13648 = FACE_BOUND('',#13649,.T.);
#13649 = EDGE_LOOP('',(#13650,#13673,#13689));
#13650 = ORIENTED_EDGE('',*,*,#13651,.T.);
#13651 = EDGE_CURVE('',#13652,#13654,#13656,.T.);
#13652 = VERTEX_POINT('',#13653);
#13653 = CARTESIAN_POINT('',(11.,-47.,0.));
#13654 = VERTEX_POINT('',#13655);
#13655 = CARTESIAN_POINT('',(14.,-48.,0.));
#13656 = SURFACE_CURVE('',#13657,(#13661),.PCURVE_S1.);
#13657 = LINE('',#13658,#13659);
#13658 = CARTESIAN_POINT('',(11.,-47.,0.));
#13659 = VECTOR('',#13660,1.);
#13660 = DIRECTION('',(0.948683298051,-0.316227766017,0.));
#13661 = PCURVE('',#13662,#13667);
#13662 = PLANE('',#13663);
#13663 = AXIS2_PLACEMENT_3D('',#13664,#13665,#13666);
#13664 = CARTESIAN_POINT('',(12.290569415042,-47.70943058495,0.));
#13665 = DIRECTION('',(-0.,-0.,-1.));
#13666 = DIRECTION('',(-1.,0.,0.));
#13667 = DEFINITIONAL_REPRESENTATION('',(#13668),#13672);
#13668 = LINE('',#13669,#13670);
#13669 = CARTESIAN_POINT('',(1.290569415042,0.709430584958));
#13670 = VECTOR('',#13671,1.);
#13671 = DIRECTION('',(-0.948683298051,-0.316227766017));
#13672 = ( GEOMETRIC_REPRESENTATION_CONTEXT(2) 
PARAMETRIC_REPRESENTATION_CONTEXT() REPRESENTATION_CONTEXT('2D SPACE',''
  ) );
#13673 = ORIENTED_EDGE('',*,*,#13674,.T.);
#13674 = EDGE_CURVE('',#13654,#13675,#13677,.T.);
#13675 = VERTEX_POINT('',#13676);
#13676 = CARTESIAN_POINT('',(11.,-48.,0.));
#13677 = SURFACE_CURVE('',#13678,(#13682),.PCURVE_S1.);
#13678 = LINE('',#13679,#13680);
#13679 = CARTESIAN_POINT('',(14.,-48.,0.));
#13680 = VECTOR('',#13681,1.);
#13681 = DIRECTION('',(-1.,0.,0.));
#13682 = PCURVE('',#13662,#13683);
#13683 = DEFINITIONAL_REPRESENTATION('',(#13684),#13688);
#13684 = LINE('',#13685,#13686);
#13685 = CARTESIAN_POINT('',(-1.709430584958,-0.290569415042));
#13686 = VECTOR('',#13687,1.);
#13687 = DIRECTION('',(1.,0.));
#13688 = ( GEOMETRIC_REPRESENTATION_CONTEXT(2) 
PARAMETRIC_REPRESENTATION_CONTEXT() REPRESENTATION_CONTEXT('2D SPACE',''
  ) );
#13689 = ORIENTED_EDGE('',*,*,#13690,.T.);
#13690 = EDGE_CURVE('',#13675,#13652,#13691,.T.);
#13691 = SURFACE_CURVE('',#13692,(#13696),.PCURVE_S1.);
#13692 = LINE('',#13693,#13694);
#13693 = CARTESIAN_POINT('',(11.,-48.,0.));
#13694 = VECTOR('',#13695,1.);
#13695 = DIRECTION('',(0.,1.,0.));
#13696 = PCURVE('',#13662,#13697);
#13697 = DEFINITIONAL_REPRESENTATION('',(#13698),#13702);
#13698 = LINE('',#13699,#13700);
#13699 = CARTESIAN_POINT('',(1.290569415042,-0.290569415042));
#13700 = VECTOR('',#13701,1.);
#13701 = DIRECTION('',(0.,1.));
#13702 = ( GEOMETRIC_REPRESENTATION_CONTEXT(2) 
PARAMETRIC_REPRESENTATION_CONTEXT() REPRESENTATION_CONTEXT('2D SPACE',''
  ) );
#13703 = SHELL_BASED_SURFACE_MODEL('',(#13704));
#13704 = OPEN_SHELL('',(#13705));
#13705 = ADVANCED_FACE('',(#13706),#13720,.T.);
#13706 = FACE_BOUND('',#13707,.T.);
#13707 = EDGE_LOOP('',(#13708,#13731,#13747));
#13708 = ORIENTED_EDGE('',*,*,#13709,.F.);
#13709 = EDGE_CURVE('',#13710,#13712,#13714,.T.);
#13710 = VERTEX_POINT('',#13711);
#13711 = CARTESIAN_POINT('',(14.,-48.,0.));
#13712 = VERTEX_POINT('',#13713);
#13713 = CARTESIAN_POINT('',(14.,-47.,0.));
#13714 = SURFACE_CURVE('',#13715,(#13719),.PCURVE_S1.);
#13715 = LINE('',#13716,#13717);
#13716 = CARTESIAN_POINT('',(14.,-48.,0.));
#13717 = VECTOR('',#13718,1.);
#13718 = DIRECTION('',(0.,1.,0.));
#13719 = PCURVE('',#13720,#13725);
#13720 = PLANE('',#13721);
#13721 = AXIS2_PLACEMENT_3D('',#13722,#13723,#13724);
#13722 = CARTESIAN_POINT('',(12.709430584958,-47.29056941504,0.));
#13723 = DIRECTION('',(-0.,-0.,-1.));
#13724 = DIRECTION('',(-1.,0.,0.));
#13725 = DEFINITIONAL_REPRESENTATION('',(#13726),#13730);
#13726 = LINE('',#13727,#13728);
#13727 = CARTESIAN_POINT('',(-1.290569415042,-0.709430584958));
#13728 = VECTOR('',#13729,1.);
#13729 = DIRECTION('',(0.,1.));
#13730 = ( GEOMETRIC_REPRESENTATION_CONTEXT(2) 
PARAMETRIC_REPRESENTATION_CONTEXT() REPRESENTATION_CONTEXT('2D SPACE',''
  ) );
#13731 = ORIENTED_EDGE('',*,*,#13732,.F.);
#13732 = EDGE_CURVE('',#13733,#13710,#13735,.T.);
#13733 = VERTEX_POINT('',#13734);
#13734 = CARTESIAN_POINT('',(11.,-47.,0.));
#13735 = SURFACE_CURVE('',#13736,(#13740),.PCURVE_S1.);
#13736 = LINE('',#13737,#13738);
#13737 = CARTESIAN_POINT('',(11.,-47.,0.));
#13738 = VECTOR('',#13739,1.);
#13739 = DIRECTION('',(0.948683298051,-0.316227766017,0.));
#13740 = PCURVE('',#13720,#13741);
#13741 = DEFINITIONAL_REPRESENTATION('',(#13742),#13746);
#13742 = LINE('',#13743,#13744);
#13743 = CARTESIAN_POINT('',(1.709430584958,0.290569415042));
#13744 = VECTOR('',#13745,1.);
#13745 = DIRECTION('',(-0.948683298051,-0.316227766017));
#13746 = ( GEOMETRIC_REPRESENTATION_CONTEXT(2) 
PARAMETRIC_REPRESENTATION_CONTEXT() REPRESENTATION_CONTEXT('2D SPACE',''
  ) );
#13747 = ORIENTED_EDGE('',*,*,#13748,.F.);
#13748 = EDGE_CURVE('',#13712,#13733,#13749,.T.);
#13749 = SURFACE_CURVE('',#13750,(#13754),.PCURVE_S1.);
#13750 = LINE('',#13751,#13752);
#13751 = CARTESIAN_POINT('',(14.,-47.,0.));
#13752 = VECTOR('',#13753,1.);
#13753 = DIRECTION('',(-1.,0.,0.));
#13754 = PCURVE('',#13720,#13755);
#13755 = DEFINITIONAL_REPRESENTATION('',(#13756),#13760);
#13756 = LINE('',#13757,#13758);
#13757 = CARTESIAN_POINT('',(-1.290569415042,0.290569415042));
#13758 = VECTOR('',#13759,1.);
#13759 = DIRECTION('',(1.,0.));
#13760 = ( GEOMETRIC_REPRESENTATION_CONTEXT(2) 
PARAMETRIC_REPRESENTATION_CONTEXT() REPRESENTATION_CONTEXT('2D SPACE',''
  ) );
#13761 = SHELL_BASED_SURFACE_MODEL('',(#13762));
#13762 = OPEN_SHELL('',(#13763));
#13763 = ADVANCED_FACE('',(#13764),#13778,.T.);
#13764 = FACE_BOUND('',#13765,.T.);
#13765 = EDGE_LOOP('',(#13766,#13789,#13805));
#13766 = ORIENTED_EDGE('',*,*,#13767,.F.);
#13767 = EDGE_CURVE('',#13768,#13770,#13772,.T.);
#13768 = VERTEX_POINT('',#13769);
#13769 = CARTESIAN_POINT('',(-0.998000025749,-3.003000020981,0.));
#13770 = VERTEX_POINT('',#13771);
#13771 = CARTESIAN_POINT('',(11.,-47.,0.));
#13772 = SURFACE_CURVE('',#13773,(#13777),.PCURVE_S1.);
#13773 = LINE('',#13774,#13775);
#13774 = CARTESIAN_POINT('',(-0.998000025749,-3.003000020981,0.));
#13775 = VECTOR('',#13776,1.);
#13776 = DIRECTION('',(0.263093285448,-0.96477039919,0.));
#13777 = PCURVE('',#13778,#13783);
#13778 = PLANE('',#13779);
#13779 = AXIS2_PLACEMENT_3D('',#13780,#13781,#13782);
#13780 = CARTESIAN_POINT('',(8.575989932815,-20.04645058722,0.));
#13781 = DIRECTION('',(-0.,-0.,-1.));
#13782 = DIRECTION('',(-1.,0.,0.));
#13783 = DEFINITIONAL_REPRESENTATION('',(#13784),#13788);
#13784 = LINE('',#13785,#13786);
#13785 = CARTESIAN_POINT('',(9.573989958564,17.043450566239));
#13786 = VECTOR('',#13787,1.);
#13787 = DIRECTION('',(-0.263093285448,-0.96477039919));
#13788 = ( GEOMETRIC_REPRESENTATION_CONTEXT(2) 
PARAMETRIC_REPRESENTATION_CONTEXT() REPRESENTATION_CONTEXT('2D SPACE',''
  ) );
#13789 = ORIENTED_EDGE('',*,*,#13790,.F.);
#13790 = EDGE_CURVE('',#13791,#13768,#13793,.T.);
#13791 = VERTEX_POINT('',#13792);
#13792 = CARTESIAN_POINT('',(14.,3.,0.));
#13793 = SURFACE_CURVE('',#13794,(#13798),.PCURVE_S1.);
#13794 = LINE('',#13795,#13796);
#13795 = CARTESIAN_POINT('',(14.,3.,0.));
#13796 = VECTOR('',#13797,1.);
#13797 = DIRECTION('',(-0.928395556478,-0.371593448156,0.));
#13798 = PCURVE('',#13778,#13799);
#13799 = DEFINITIONAL_REPRESENTATION('',(#13800),#13804);
#13800 = LINE('',#13801,#13802);
#13801 = CARTESIAN_POINT('',(-5.424010067185,23.04645058722));
#13802 = VECTOR('',#13803,1.);
#13803 = DIRECTION('',(0.928395556478,-0.371593448156));
#13804 = ( GEOMETRIC_REPRESENTATION_CONTEXT(2) 
PARAMETRIC_REPRESENTATION_CONTEXT() REPRESENTATION_CONTEXT('2D SPACE',''
  ) );
#13805 = ORIENTED_EDGE('',*,*,#13806,.F.);
#13806 = EDGE_CURVE('',#13770,#13791,#13807,.T.);
#13807 = SURFACE_CURVE('',#13808,(#13812),.PCURVE_S1.);
#13808 = LINE('',#13809,#13810);
#13809 = CARTESIAN_POINT('',(11.,-47.,0.));
#13810 = VECTOR('',#13811,1.);
#13811 = DIRECTION('',(5.989229072795E-02,0.998204845466,0.));
#13812 = PCURVE('',#13778,#13813);
#13813 = DEFINITIONAL_REPRESENTATION('',(#13814),#13818);
#13814 = LINE('',#13815,#13816);
#13815 = CARTESIAN_POINT('',(-2.424010067185,-26.95354941278));
#13816 = VECTOR('',#13817,1.);
#13817 = DIRECTION('',(-5.989229072795E-02,0.998204845466));
#13818 = ( GEOMETRIC_REPRESENTATION_CONTEXT(2) 
PARAMETRIC_REPRESENTATION_CONTEXT() REPRESENTATION_CONTEXT('2D SPACE',''
  ) );
#13819 = SHELL_BASED_SURFACE_MODEL('',(#13820));
#13820 = OPEN_SHELL('',(#13821));
#13821 = ADVANCED_FACE('',(#13822),#13836,.T.);
#13822 = FACE_BOUND('',#13823,.T.);
#13823 = EDGE_LOOP('',(#13824,#13847,#13863));
#13824 = ORIENTED_EDGE('',*,*,#13825,.F.);
#13825 = EDGE_CURVE('',#13826,#13828,#13830,.T.);
#13826 = VERTEX_POINT('',#13827);
#13827 = CARTESIAN_POINT('',(12.,55.,0.));
#13828 = VERTEX_POINT('',#13829);
#13829 = CARTESIAN_POINT('',(-18.,52.,0.));
#13830 = SURFACE_CURVE('',#13831,(#13835),.PCURVE_S1.);
#13831 = LINE('',#13832,#13833);
#13832 = CARTESIAN_POINT('',(12.,55.,0.));
#13833 = VECTOR('',#13834,1.);
#13834 = DIRECTION('',(-0.99503719021,-9.9503719021E-02,0.));
#13835 = PCURVE('',#13836,#13841);
#13836 = PLANE('',#13837);
#13837 = AXIS2_PLACEMENT_3D('',#13838,#13839,#13840);
#13838 = CARTESIAN_POINT('',(-2.287406715841,52.787406715841,0.));
#13839 = DIRECTION('',(-0.,-0.,-1.));
#13840 = DIRECTION('',(-1.,0.,0.));
#13841 = DEFINITIONAL_REPRESENTATION('',(#13842),#13846);
#13842 = LINE('',#13843,#13844);
#13843 = CARTESIAN_POINT('',(-14.28740671584,2.212593284159));
#13844 = VECTOR('',#13845,1.);
#13845 = DIRECTION('',(0.99503719021,-9.9503719021E-02));
#13846 = ( GEOMETRIC_REPRESENTATION_CONTEXT(2) 
PARAMETRIC_REPRESENTATION_CONTEXT() REPRESENTATION_CONTEXT('2D SPACE',''
  ) );
#13847 = ORIENTED_EDGE('',*,*,#13848,.T.);
#13848 = EDGE_CURVE('',#13826,#13849,#13851,.T.);
#13849 = VERTEX_POINT('',#13850);
#13850 = CARTESIAN_POINT('',(12.,52.,0.));
#13851 = SURFACE_CURVE('',#13852,(#13856),.PCURVE_S1.);
#13852 = LINE('',#13853,#13854);
#13853 = CARTESIAN_POINT('',(12.,55.,0.));
#13854 = VECTOR('',#13855,1.);
#13855 = DIRECTION('',(0.,-1.,0.));
#13856 = PCURVE('',#13836,#13857);
#13857 = DEFINITIONAL_REPRESENTATION('',(#13858),#13862);
#13858 = LINE('',#13859,#13860);
#13859 = CARTESIAN_POINT('',(-14.28740671584,2.212593284159));
#13860 = VECTOR('',#13861,1.);
#13861 = DIRECTION('',(0.,-1.));
#13862 = ( GEOMETRIC_REPRESENTATION_CONTEXT(2) 
PARAMETRIC_REPRESENTATION_CONTEXT() REPRESENTATION_CONTEXT('2D SPACE',''
  ) );
#13863 = ORIENTED_EDGE('',*,*,#13864,.F.);
#13864 = EDGE_CURVE('',#13828,#13849,#13865,.T.);
#13865 = SURFACE_CURVE('',#13866,(#13870),.PCURVE_S1.);
#13866 = LINE('',#13867,#13868);
#13867 = CARTESIAN_POINT('',(-18.,52.,0.));
#13868 = VECTOR('',#13869,1.);
#13869 = DIRECTION('',(1.,0.,0.));
#13870 = PCURVE('',#13836,#13871);
#13871 = DEFINITIONAL_REPRESENTATION('',(#13872),#13876);
#13872 = LINE('',#13873,#13874);
#13873 = CARTESIAN_POINT('',(15.712593284159,-0.787406715841));
#13874 = VECTOR('',#13875,1.);
#13875 = DIRECTION('',(-1.,0.));
#13876 = ( GEOMETRIC_REPRESENTATION_CONTEXT(2) 
PARAMETRIC_REPRESENTATION_CONTEXT() REPRESENTATION_CONTEXT('2D SPACE',''
  ) );
#13877 = SHELL_BASED_SURFACE_MODEL('',(#13878));
#13878 = OPEN_SHELL('',(#13879));
#13879 = ADVANCED_FACE('',(#13880),#13894,.T.);
#13880 = FACE_BOUND('',#13881,.T.);
#13881 = EDGE_LOOP('',(#13882,#13905,#13921));
#13882 = ORIENTED_EDGE('',*,*,#13883,.F.);
#13883 = EDGE_CURVE('',#13884,#13886,#13888,.T.);
#13884 = VERTEX_POINT('',#13885);
#13885 = CARTESIAN_POINT('',(8.001999855042,45.,0.));
#13886 = VERTEX_POINT('',#13887);
#13887 = CARTESIAN_POINT('',(14.,52.,0.));
#13888 = SURFACE_CURVE('',#13889,(#13893),.PCURVE_S1.);
#13889 = LINE('',#13890,#13891);
#13890 = CARTESIAN_POINT('',(8.001999855042,45.,0.));
#13891 = VECTOR('',#13892,1.);
#13892 = DIRECTION('',(0.65066630201,0.759363788595,0.));
#13893 = PCURVE('',#13894,#13899);
#13894 = PLANE('',#13895);
#13895 = AXIS2_PLACEMENT_3D('',#13896,#13897,#13898);
#13896 = CARTESIAN_POINT('',(10.882309708889,48.539538127264,0.));
#13897 = DIRECTION('',(-0.,-0.,-1.));
#13898 = DIRECTION('',(-1.,0.,0.));
#13899 = DEFINITIONAL_REPRESENTATION('',(#13900),#13904);
#13900 = LINE('',#13901,#13902);
#13901 = CARTESIAN_POINT('',(2.880309853848,-3.539538127264));
#13902 = VECTOR('',#13903,1.);
#13903 = DIRECTION('',(-0.65066630201,0.759363788595));
#13904 = ( GEOMETRIC_REPRESENTATION_CONTEXT(2) 
PARAMETRIC_REPRESENTATION_CONTEXT() REPRESENTATION_CONTEXT('2D SPACE',''
  ) );
#13905 = ORIENTED_EDGE('',*,*,#13906,.F.);
#13906 = EDGE_CURVE('',#13907,#13884,#13909,.T.);
#13907 = VERTEX_POINT('',#13908);
#13908 = CARTESIAN_POINT('',(7.928999900818,45.618999481201,0.));
#13909 = SURFACE_CURVE('',#13910,(#13914),.PCURVE_S1.);
#13910 = LINE('',#13911,#13912);
#13911 = CARTESIAN_POINT('',(7.928999900818,45.618999481201,0.));
#13912 = VECTOR('',#13913,1.);
#13913 = DIRECTION('',(0.117120529835,-0.993117707772,0.));
#13914 = PCURVE('',#13894,#13915);
#13915 = DEFINITIONAL_REPRESENTATION('',(#13916),#13920);
#13916 = LINE('',#13917,#13918);
#13917 = CARTESIAN_POINT('',(2.953309808072,-2.920538646063));
#13918 = VECTOR('',#13919,1.);
#13919 = DIRECTION('',(-0.117120529835,-0.993117707772));
#13920 = ( GEOMETRIC_REPRESENTATION_CONTEXT(2) 
PARAMETRIC_REPRESENTATION_CONTEXT() REPRESENTATION_CONTEXT('2D SPACE',''
  ) );
#13921 = ORIENTED_EDGE('',*,*,#13922,.T.);
#13922 = EDGE_CURVE('',#13907,#13886,#13923,.T.);
#13923 = SURFACE_CURVE('',#13924,(#13928),.PCURVE_S1.);
#13924 = LINE('',#13925,#13926);
#13925 = CARTESIAN_POINT('',(7.928999900818,45.618999481201,0.));
#13926 = VECTOR('',#13927,1.);
#13927 = DIRECTION('',(0.689289336203,0.724486170328,0.));
#13928 = PCURVE('',#13894,#13929);
#13929 = DEFINITIONAL_REPRESENTATION('',(#13930),#13934);
#13930 = LINE('',#13931,#13932);
#13931 = CARTESIAN_POINT('',(2.953309808072,-2.920538646063));
#13932 = VECTOR('',#13933,1.);
#13933 = DIRECTION('',(-0.689289336203,0.724486170328));
#13934 = ( GEOMETRIC_REPRESENTATION_CONTEXT(2) 
PARAMETRIC_REPRESENTATION_CONTEXT() REPRESENTATION_CONTEXT('2D SPACE',''
  ) );
#13935 = SHELL_BASED_SURFACE_MODEL('',(#13936));
#13936 = OPEN_SHELL('',(#13937));
#13937 = ADVANCED_FACE('',(#13938),#13952,.T.);
#13938 = FACE_BOUND('',#13939,.T.);
#13939 = EDGE_LOOP('',(#13940,#13963,#13979));
#13940 = ORIENTED_EDGE('',*,*,#13941,.F.);
#13941 = EDGE_CURVE('',#13942,#13944,#13946,.T.);
#13942 = VERTEX_POINT('',#13943);
#13943 = CARTESIAN_POINT('',(12.,52.,0.));
#13944 = VERTEX_POINT('',#13945);
#13945 = CARTESIAN_POINT('',(7.928999900818,45.618999481201,0.));
#13946 = SURFACE_CURVE('',#13947,(#13951),.PCURVE_S1.);
#13947 = LINE('',#13948,#13949);
#13948 = CARTESIAN_POINT('',(12.,52.,0.));
#13949 = VECTOR('',#13950,1.);
#13950 = DIRECTION('',(-0.537849671906,-0.843040764395,0.));
#13951 = PCURVE('',#13952,#13957);
#13952 = PLANE('',#13953);
#13953 = AXIS2_PLACEMENT_3D('',#13954,#13955,#13956);
#13954 = CARTESIAN_POINT('',(10.774148109043,49.156733859227,0.));
#13955 = DIRECTION('',(-0.,-0.,-1.));
#13956 = DIRECTION('',(-1.,0.,0.));
#13957 = DEFINITIONAL_REPRESENTATION('',(#13958),#13962);
#13958 = LINE('',#13959,#13960);
#13959 = CARTESIAN_POINT('',(-1.225851890957,2.843266140773));
#13960 = VECTOR('',#13961,1.);
#13961 = DIRECTION('',(0.537849671906,-0.843040764395));
#13962 = ( GEOMETRIC_REPRESENTATION_CONTEXT(2) 
PARAMETRIC_REPRESENTATION_CONTEXT() REPRESENTATION_CONTEXT('2D SPACE',''
  ) );
#13963 = ORIENTED_EDGE('',*,*,#13964,.T.);
#13964 = EDGE_CURVE('',#13942,#13965,#13967,.T.);
#13965 = VERTEX_POINT('',#13966);
#13966 = CARTESIAN_POINT('',(14.,52.,0.));
#13967 = SURFACE_CURVE('',#13968,(#13972),.PCURVE_S1.);
#13968 = LINE('',#13969,#13970);
#13969 = CARTESIAN_POINT('',(12.,52.,0.));
#13970 = VECTOR('',#13971,1.);
#13971 = DIRECTION('',(1.,0.,0.));
#13972 = PCURVE('',#13952,#13973);
#13973 = DEFINITIONAL_REPRESENTATION('',(#13974),#13978);
#13974 = LINE('',#13975,#13976);
#13975 = CARTESIAN_POINT('',(-1.225851890957,2.843266140773));
#13976 = VECTOR('',#13977,1.);
#13977 = DIRECTION('',(-1.,0.));
#13978 = ( GEOMETRIC_REPRESENTATION_CONTEXT(2) 
PARAMETRIC_REPRESENTATION_CONTEXT() REPRESENTATION_CONTEXT('2D SPACE',''
  ) );
#13979 = ORIENTED_EDGE('',*,*,#13980,.F.);
#13980 = EDGE_CURVE('',#13944,#13965,#13981,.T.);
#13981 = SURFACE_CURVE('',#13982,(#13986),.PCURVE_S1.);
#13982 = LINE('',#13983,#13984);
#13983 = CARTESIAN_POINT('',(7.928999900818,45.618999481201,0.));
#13984 = VECTOR('',#13985,1.);
#13985 = DIRECTION('',(0.689289336203,0.724486170328,0.));
#13986 = PCURVE('',#13952,#13987);
#13987 = DEFINITIONAL_REPRESENTATION('',(#13988),#13992);
#13988 = LINE('',#13989,#13990);
#13989 = CARTESIAN_POINT('',(2.845148208225,-3.537734378026));
#13990 = VECTOR('',#13991,1.);
#13991 = DIRECTION('',(-0.689289336203,0.724486170328));
#13992 = ( GEOMETRIC_REPRESENTATION_CONTEXT(2) 
PARAMETRIC_REPRESENTATION_CONTEXT() REPRESENTATION_CONTEXT('2D SPACE',''
  ) );
#13993 = SHELL_BASED_SURFACE_MODEL('',(#13994));
#13994 = OPEN_SHELL('',(#13995));
#13995 = ADVANCED_FACE('',(#13996),#14010,.T.);
#13996 = FACE_BOUND('',#13997,.T.);
#13997 = EDGE_LOOP('',(#13998,#14021,#14037));
#13998 = ORIENTED_EDGE('',*,*,#13999,.F.);
#13999 = EDGE_CURVE('',#14000,#14002,#14004,.T.);
#14000 = VERTEX_POINT('',#14001);
#14001 = CARTESIAN_POINT('',(14.,3.,0.));
#14002 = VERTEX_POINT('',#14003);
#14003 = CARTESIAN_POINT('',(14.,52.,0.));
#14004 = SURFACE_CURVE('',#14005,(#14009),.PCURVE_S1.);
#14005 = LINE('',#14006,#14007);
#14006 = CARTESIAN_POINT('',(14.,3.,0.));
#14007 = VECTOR('',#14008,1.);
#14008 = DIRECTION('',(0.,1.,0.));
#14009 = PCURVE('',#14010,#14015);
#14010 = PLANE('',#14011);
#14011 = AXIS2_PLACEMENT_3D('',#14012,#14013,#14014);
#14012 = CARTESIAN_POINT('',(12.443524458554,27.920003687347,0.));
#14013 = DIRECTION('',(-0.,-0.,-1.));
#14014 = DIRECTION('',(-1.,0.,0.));
#14015 = DEFINITIONAL_REPRESENTATION('',(#14016),#14020);
#14016 = LINE('',#14017,#14018);
#14017 = CARTESIAN_POINT('',(-1.556475541446,-24.92000368734));
#14018 = VECTOR('',#14019,1.);
#14019 = DIRECTION('',(0.,1.));
#14020 = ( GEOMETRIC_REPRESENTATION_CONTEXT(2) 
PARAMETRIC_REPRESENTATION_CONTEXT() REPRESENTATION_CONTEXT('2D SPACE',''
  ) );
#14021 = ORIENTED_EDGE('',*,*,#14022,.F.);
#14022 = EDGE_CURVE('',#14023,#14000,#14025,.T.);
#14023 = VERTEX_POINT('',#14024);
#14024 = CARTESIAN_POINT('',(7.928999900818,44.381000518799,0.));
#14025 = SURFACE_CURVE('',#14026,(#14030),.PCURVE_S1.);
#14026 = LINE('',#14027,#14028);
#14027 = CARTESIAN_POINT('',(7.928999900818,44.381000518799,0.));
#14028 = VECTOR('',#14029,1.);
#14029 = DIRECTION('',(0.14515600699,-0.989408779845,0.));
#14030 = PCURVE('',#14010,#14031);
#14031 = DEFINITIONAL_REPRESENTATION('',(#14032),#14036);
#14032 = LINE('',#14033,#14034);
#14033 = CARTESIAN_POINT('',(4.514524557736,16.460996831452));
#14034 = VECTOR('',#14035,1.);
#14035 = DIRECTION('',(-0.14515600699,-0.989408779845));
#14036 = ( GEOMETRIC_REPRESENTATION_CONTEXT(2) 
PARAMETRIC_REPRESENTATION_CONTEXT() REPRESENTATION_CONTEXT('2D SPACE',''
  ) );
#14037 = ORIENTED_EDGE('',*,*,#14038,.F.);
#14038 = EDGE_CURVE('',#14002,#14023,#14039,.T.);
#14039 = SURFACE_CURVE('',#14040,(#14044),.PCURVE_S1.);
#14040 = LINE('',#14041,#14042);
#14041 = CARTESIAN_POINT('',(14.,52.,0.));
#14042 = VECTOR('',#14043,1.);
#14043 = DIRECTION('',(-0.623179212871,-0.782079068027,0.));
#14044 = PCURVE('',#14010,#14045);
#14045 = DEFINITIONAL_REPRESENTATION('',(#14046),#14050);
#14046 = LINE('',#14047,#14048);
#14047 = CARTESIAN_POINT('',(-1.556475541446,24.079996312653));
#14048 = VECTOR('',#14049,1.);
#14049 = DIRECTION('',(0.623179212871,-0.782079068027));
#14050 = ( GEOMETRIC_REPRESENTATION_CONTEXT(2) 
PARAMETRIC_REPRESENTATION_CONTEXT() REPRESENTATION_CONTEXT('2D SPACE',''
  ) );
#14051 = SHELL_BASED_SURFACE_MODEL('',(#14052));
#14052 = OPEN_SHELL('',(#14053));
#14053 = ADVANCED_FACE('',(#14054),#14068,.T.);
#14054 = FACE_BOUND('',#14055,.T.);
#14055 = EDGE_LOOP('',(#14056,#14079,#14095));
#14056 = ORIENTED_EDGE('',*,*,#14057,.F.);
#14057 = EDGE_CURVE('',#14058,#14060,#14062,.T.);
#14058 = VERTEX_POINT('',#14059);
#14059 = CARTESIAN_POINT('',(11.,-48.,18.));
#14060 = VERTEX_POINT('',#14061);
#14061 = CARTESIAN_POINT('',(14.,-48.,18.));
#14062 = SURFACE_CURVE('',#14063,(#14067),.PCURVE_S1.);
#14063 = LINE('',#14064,#14065);
#14064 = CARTESIAN_POINT('',(11.,-48.,18.));
#14065 = VECTOR('',#14066,1.);
#14066 = DIRECTION('',(1.,0.,0.));
#14067 = PCURVE('',#14068,#14073);
#14068 = PLANE('',#14069);
#14069 = AXIS2_PLACEMENT_3D('',#14070,#14071,#14072);
#14070 = CARTESIAN_POINT('',(11.812071897724,-48.,9.687928102276));
#14071 = DIRECTION('',(-0.,-1.,-0.));
#14072 = DIRECTION('',(0.,0.,-1.));
#14073 = DEFINITIONAL_REPRESENTATION('',(#14074),#14078);
#14074 = LINE('',#14075,#14076);
#14075 = CARTESIAN_POINT('',(-8.312071897724,-0.812071897724));
#14076 = VECTOR('',#14077,1.);
#14077 = DIRECTION('',(0.,1.));
#14078 = ( GEOMETRIC_REPRESENTATION_CONTEXT(2) 
PARAMETRIC_REPRESENTATION_CONTEXT() REPRESENTATION_CONTEXT('2D SPACE',''
  ) );
#14079 = ORIENTED_EDGE('',*,*,#14080,.T.);
#14080 = EDGE_CURVE('',#14058,#14081,#14083,.T.);
#14081 = VERTEX_POINT('',#14082);
#14082 = CARTESIAN_POINT('',(11.,-48.,0.));
#14083 = SURFACE_CURVE('',#14084,(#14088),.PCURVE_S1.);
#14084 = LINE('',#14085,#14086);
#14085 = CARTESIAN_POINT('',(11.,-48.,18.));
#14086 = VECTOR('',#14087,1.);
#14087 = DIRECTION('',(0.,0.,-1.));
#14088 = PCURVE('',#14068,#14089);
#14089 = DEFINITIONAL_REPRESENTATION('',(#14090),#14094);
#14090 = LINE('',#14091,#14092);
#14091 = CARTESIAN_POINT('',(-8.312071897724,-0.812071897724));
#14092 = VECTOR('',#14093,1.);
#14093 = DIRECTION('',(1.,0.));
#14094 = ( GEOMETRIC_REPRESENTATION_CONTEXT(2) 
PARAMETRIC_REPRESENTATION_CONTEXT() REPRESENTATION_CONTEXT('2D SPACE',''
  ) );
#14095 = ORIENTED_EDGE('',*,*,#14096,.T.);
#14096 = EDGE_CURVE('',#14081,#14060,#14097,.T.);
#14097 = SURFACE_CURVE('',#14098,(#14102),.PCURVE_S1.);
#14098 = LINE('',#14099,#14100);
#14099 = CARTESIAN_POINT('',(11.,-48.,0.));
#14100 = VECTOR('',#14101,1.);
#14101 = DIRECTION('',(0.164398987305,0.,0.986393923832));
#14102 = PCURVE('',#14068,#14103);
#14103 = DEFINITIONAL_REPRESENTATION('',(#14104),#14108);
#14104 = LINE('',#14105,#14106);
#14105 = CARTESIAN_POINT('',(9.687928102276,-0.812071897724));
#14106 = VECTOR('',#14107,1.);
#14107 = DIRECTION('',(-0.986393923832,0.164398987305));
#14108 = ( GEOMETRIC_REPRESENTATION_CONTEXT(2) 
PARAMETRIC_REPRESENTATION_CONTEXT() REPRESENTATION_CONTEXT('2D SPACE',''
  ) );
#14109 = SHELL_BASED_SURFACE_MODEL('',(#14110));
#14110 = OPEN_SHELL('',(#14111));
#14111 = ADVANCED_FACE('',(#14112),#14126,.T.);
#14112 = FACE_BOUND('',#14113,.T.);
#14113 = EDGE_LOOP('',(#14114,#14137,#14153));
#14114 = ORIENTED_EDGE('',*,*,#14115,.F.);
#14115 = EDGE_CURVE('',#14116,#14118,#14120,.T.);
#14116 = VERTEX_POINT('',#14117);
#14117 = CARTESIAN_POINT('',(14.,-48.,18.));
#14118 = VERTEX_POINT('',#14119);
#14119 = CARTESIAN_POINT('',(14.,-48.,0.));
#14120 = SURFACE_CURVE('',#14121,(#14125),.PCURVE_S1.);
#14121 = LINE('',#14122,#14123);
#14122 = CARTESIAN_POINT('',(14.,-48.,18.));
#14123 = VECTOR('',#14124,1.);
#14124 = DIRECTION('',(0.,0.,-1.));
#14125 = PCURVE('',#14126,#14131);
#14126 = PLANE('',#14127);
#14127 = AXIS2_PLACEMENT_3D('',#14128,#14129,#14130);
#14128 = CARTESIAN_POINT('',(13.187928102276,-48.,8.312071897724));
#14129 = DIRECTION('',(-0.,-1.,-0.));
#14130 = DIRECTION('',(0.,0.,-1.));
#14131 = DEFINITIONAL_REPRESENTATION('',(#14132),#14136);
#14132 = LINE('',#14133,#14134);
#14133 = CARTESIAN_POINT('',(-9.687928102276,0.812071897724));
#14134 = VECTOR('',#14135,1.);
#14135 = DIRECTION('',(1.,0.));
#14136 = ( GEOMETRIC_REPRESENTATION_CONTEXT(2) 
PARAMETRIC_REPRESENTATION_CONTEXT() REPRESENTATION_CONTEXT('2D SPACE',''
  ) );
#14137 = ORIENTED_EDGE('',*,*,#14138,.F.);
#14138 = EDGE_CURVE('',#14139,#14116,#14141,.T.);
#14139 = VERTEX_POINT('',#14140);
#14140 = CARTESIAN_POINT('',(11.,-48.,0.));
#14141 = SURFACE_CURVE('',#14142,(#14146),.PCURVE_S1.);
#14142 = LINE('',#14143,#14144);
#14143 = CARTESIAN_POINT('',(11.,-48.,0.));
#14144 = VECTOR('',#14145,1.);
#14145 = DIRECTION('',(0.164398987305,0.,0.986393923832));
#14146 = PCURVE('',#14126,#14147);
#14147 = DEFINITIONAL_REPRESENTATION('',(#14148),#14152);
#14148 = LINE('',#14149,#14150);
#14149 = CARTESIAN_POINT('',(8.312071897724,-2.187928102276));
#14150 = VECTOR('',#14151,1.);
#14151 = DIRECTION('',(-0.986393923832,0.164398987305));
#14152 = ( GEOMETRIC_REPRESENTATION_CONTEXT(2) 
PARAMETRIC_REPRESENTATION_CONTEXT() REPRESENTATION_CONTEXT('2D SPACE',''
  ) );
#14153 = ORIENTED_EDGE('',*,*,#14154,.F.);
#14154 = EDGE_CURVE('',#14118,#14139,#14155,.T.);
#14155 = SURFACE_CURVE('',#14156,(#14160),.PCURVE_S1.);
#14156 = LINE('',#14157,#14158);
#14157 = CARTESIAN_POINT('',(14.,-48.,0.));
#14158 = VECTOR('',#14159,1.);
#14159 = DIRECTION('',(-1.,0.,0.));
#14160 = PCURVE('',#14126,#14161);
#14161 = DEFINITIONAL_REPRESENTATION('',(#14162),#14166);
#14162 = LINE('',#14163,#14164);
#14163 = CARTESIAN_POINT('',(8.312071897724,0.812071897724));
#14164 = VECTOR('',#14165,1.);
#14165 = DIRECTION('',(0.,-1.));
#14166 = ( GEOMETRIC_REPRESENTATION_CONTEXT(2) 
PARAMETRIC_REPRESENTATION_CONTEXT() REPRESENTATION_CONTEXT('2D SPACE',''
  ) );
#14167 = SHELL_BASED_SURFACE_MODEL('',(#14168));
#14168 = OPEN_SHELL('',(#14169));
#14169 = ADVANCED_FACE('',(#14170),#14184,.T.);
#14170 = FACE_BOUND('',#14171,.T.);
#14171 = EDGE_LOOP('',(#14172,#14195,#14211));
#14172 = ORIENTED_EDGE('',*,*,#14173,.T.);
#14173 = EDGE_CURVE('',#14174,#14176,#14178,.T.);
#14174 = VERTEX_POINT('',#14175);
#14175 = CARTESIAN_POINT('',(12.,55.,0.));
#14176 = VERTEX_POINT('',#14177);
#14177 = CARTESIAN_POINT('',(12.,52.,18.));
#14178 = SURFACE_CURVE('',#14179,(#14183),.PCURVE_S1.);
#14179 = LINE('',#14180,#14181);
#14180 = CARTESIAN_POINT('',(12.,55.,0.));
#14181 = VECTOR('',#14182,1.);
#14182 = DIRECTION('',(0.,-0.164398987305,0.986393923832));
#14183 = PCURVE('',#14184,#14189);
#14184 = PLANE('',#14185);
#14185 = AXIS2_PLACEMENT_3D('',#14186,#14187,#14188);
#14186 = CARTESIAN_POINT('',(12.,52.812071897724,8.312071897724));
#14187 = DIRECTION('',(1.,0.,0.));
#14188 = DIRECTION('',(-0.,0.,1.));
#14189 = DEFINITIONAL_REPRESENTATION('',(#14190),#14194);
#14190 = LINE('',#14191,#14192);
#14191 = CARTESIAN_POINT('',(-8.312071897724,-2.187928102276));
#14192 = VECTOR('',#14193,1.);
#14193 = DIRECTION('',(0.986393923832,0.164398987305));
#14194 = ( GEOMETRIC_REPRESENTATION_CONTEXT(2) 
PARAMETRIC_REPRESENTATION_CONTEXT() REPRESENTATION_CONTEXT('2D SPACE',''
  ) );
#14195 = ORIENTED_EDGE('',*,*,#14196,.T.);
#14196 = EDGE_CURVE('',#14176,#14197,#14199,.T.);
#14197 = VERTEX_POINT('',#14198);
#14198 = CARTESIAN_POINT('',(12.,52.,0.));
#14199 = SURFACE_CURVE('',#14200,(#14204),.PCURVE_S1.);
#14200 = LINE('',#14201,#14202);
#14201 = CARTESIAN_POINT('',(12.,52.,18.));
#14202 = VECTOR('',#14203,1.);
#14203 = DIRECTION('',(0.,0.,-1.));
#14204 = PCURVE('',#14184,#14205);
#14205 = DEFINITIONAL_REPRESENTATION('',(#14206),#14210);
#14206 = LINE('',#14207,#14208);
#14207 = CARTESIAN_POINT('',(9.687928102276,0.812071897724));
#14208 = VECTOR('',#14209,1.);
#14209 = DIRECTION('',(-1.,0.));
#14210 = ( GEOMETRIC_REPRESENTATION_CONTEXT(2) 
PARAMETRIC_REPRESENTATION_CONTEXT() REPRESENTATION_CONTEXT('2D SPACE',''
  ) );
#14211 = ORIENTED_EDGE('',*,*,#14212,.F.);
#14212 = EDGE_CURVE('',#14174,#14197,#14213,.T.);
#14213 = SURFACE_CURVE('',#14214,(#14218),.PCURVE_S1.);
#14214 = LINE('',#14215,#14216);
#14215 = CARTESIAN_POINT('',(12.,55.,0.));
#14216 = VECTOR('',#14217,1.);
#14217 = DIRECTION('',(0.,-1.,0.));
#14218 = PCURVE('',#14184,#14219);
#14219 = DEFINITIONAL_REPRESENTATION('',(#14220),#14224);
#14220 = LINE('',#14221,#14222);
#14221 = CARTESIAN_POINT('',(-8.312071897724,-2.187928102276));
#14222 = VECTOR('',#14223,1.);
#14223 = DIRECTION('',(0.,1.));
#14224 = ( GEOMETRIC_REPRESENTATION_CONTEXT(2) 
PARAMETRIC_REPRESENTATION_CONTEXT() REPRESENTATION_CONTEXT('2D SPACE',''
  ) );
#14225 = SHELL_BASED_SURFACE_MODEL('',(#14226));
#14226 = OPEN_SHELL('',(#14227));
#14227 = ADVANCED_FACE('',(#14228),#14242,.T.);
#14228 = FACE_BOUND('',#14229,.T.);
#14229 = EDGE_LOOP('',(#14230,#14253,#14269));
#14230 = ORIENTED_EDGE('',*,*,#14231,.F.);
#14231 = EDGE_CURVE('',#14232,#14234,#14236,.T.);
#14232 = VERTEX_POINT('',#14233);
#14233 = CARTESIAN_POINT('',(12.,52.,18.));
#14234 = VERTEX_POINT('',#14235);
#14235 = CARTESIAN_POINT('',(12.,55.,18.));
#14236 = SURFACE_CURVE('',#14237,(#14241),.PCURVE_S1.);
#14237 = LINE('',#14238,#14239);
#14238 = CARTESIAN_POINT('',(12.,52.,18.));
#14239 = VECTOR('',#14240,1.);
#14240 = DIRECTION('',(0.,1.,0.));
#14241 = PCURVE('',#14242,#14247);
#14242 = PLANE('',#14243);
#14243 = AXIS2_PLACEMENT_3D('',#14244,#14245,#14246);
#14244 = CARTESIAN_POINT('',(12.,54.187928102276,9.687928102276));
#14245 = DIRECTION('',(1.,0.,0.));
#14246 = DIRECTION('',(-0.,0.,1.));
#14247 = DEFINITIONAL_REPRESENTATION('',(#14248),#14252);
#14248 = LINE('',#14249,#14250);
#14249 = CARTESIAN_POINT('',(8.312071897724,2.187928102276));
#14250 = VECTOR('',#14251,1.);
#14251 = DIRECTION('',(0.,-1.));
#14252 = ( GEOMETRIC_REPRESENTATION_CONTEXT(2) 
PARAMETRIC_REPRESENTATION_CONTEXT() REPRESENTATION_CONTEXT('2D SPACE',''
  ) );
#14253 = ORIENTED_EDGE('',*,*,#14254,.F.);
#14254 = EDGE_CURVE('',#14255,#14232,#14257,.T.);
#14255 = VERTEX_POINT('',#14256);
#14256 = CARTESIAN_POINT('',(12.,55.,0.));
#14257 = SURFACE_CURVE('',#14258,(#14262),.PCURVE_S1.);
#14258 = LINE('',#14259,#14260);
#14259 = CARTESIAN_POINT('',(12.,55.,0.));
#14260 = VECTOR('',#14261,1.);
#14261 = DIRECTION('',(0.,-0.164398987305,0.986393923832));
#14262 = PCURVE('',#14242,#14263);
#14263 = DEFINITIONAL_REPRESENTATION('',(#14264),#14268);
#14264 = LINE('',#14265,#14266);
#14265 = CARTESIAN_POINT('',(-9.687928102276,-0.812071897724));
#14266 = VECTOR('',#14267,1.);
#14267 = DIRECTION('',(0.986393923832,0.164398987305));
#14268 = ( GEOMETRIC_REPRESENTATION_CONTEXT(2) 
PARAMETRIC_REPRESENTATION_CONTEXT() REPRESENTATION_CONTEXT('2D SPACE',''
  ) );
#14269 = ORIENTED_EDGE('',*,*,#14270,.F.);
#14270 = EDGE_CURVE('',#14234,#14255,#14271,.T.);
#14271 = SURFACE_CURVE('',#14272,(#14276),.PCURVE_S1.);
#14272 = LINE('',#14273,#14274);
#14273 = CARTESIAN_POINT('',(12.,55.,18.));
#14274 = VECTOR('',#14275,1.);
#14275 = DIRECTION('',(0.,0.,-1.));
#14276 = PCURVE('',#14242,#14277);
#14277 = DEFINITIONAL_REPRESENTATION('',(#14278),#14282);
#14278 = LINE('',#14279,#14280);
#14279 = CARTESIAN_POINT('',(8.312071897724,-0.812071897724));
#14280 = VECTOR('',#14281,1.);
#14281 = DIRECTION('',(-1.,0.));
#14282 = ( GEOMETRIC_REPRESENTATION_CONTEXT(2) 
PARAMETRIC_REPRESENTATION_CONTEXT() REPRESENTATION_CONTEXT('2D SPACE',''
  ) );
#14283 = SHELL_BASED_SURFACE_MODEL('',(#14284));
#14284 = OPEN_SHELL('',(#14285));
#14285 = ADVANCED_FACE('',(#14286),#14300,.T.);
#14286 = FACE_BOUND('',#14287,.T.);
#14287 = EDGE_LOOP('',(#14288,#14311,#14327));
#14288 = ORIENTED_EDGE('',*,*,#14289,.F.);
#14289 = EDGE_CURVE('',#14290,#14292,#14294,.T.);
#14290 = VERTEX_POINT('',#14291);
#14291 = CARTESIAN_POINT('',(14.,52.,0.));
#14292 = VERTEX_POINT('',#14293);
#14293 = CARTESIAN_POINT('',(14.,52.,18.));
#14294 = SURFACE_CURVE('',#14295,(#14299),.PCURVE_S1.);
#14295 = LINE('',#14296,#14297);
#14296 = CARTESIAN_POINT('',(14.,52.,0.));
#14297 = VECTOR('',#14298,1.);
#14298 = DIRECTION('',(0.,0.,1.));
#14299 = PCURVE('',#14300,#14305);
#14300 = PLANE('',#14301);
#14301 = AXIS2_PLACEMENT_3D('',#14302,#14303,#14304);
#14302 = CARTESIAN_POINT('',(13.472307430931,52.,8.527692569069));
#14303 = DIRECTION('',(0.,1.,0.));
#14304 = DIRECTION('',(0.,-0.,1.));
#14305 = DEFINITIONAL_REPRESENTATION('',(#14306),#14310);
#14306 = LINE('',#14307,#14308);
#14307 = CARTESIAN_POINT('',(-8.527692569069,0.527692569069));
#14308 = VECTOR('',#14309,1.);
#14309 = DIRECTION('',(1.,0.));
#14310 = ( GEOMETRIC_REPRESENTATION_CONTEXT(2) 
PARAMETRIC_REPRESENTATION_CONTEXT() REPRESENTATION_CONTEXT('2D SPACE',''
  ) );
#14311 = ORIENTED_EDGE('',*,*,#14312,.F.);
#14312 = EDGE_CURVE('',#14313,#14290,#14315,.T.);
#14313 = VERTEX_POINT('',#14314);
#14314 = CARTESIAN_POINT('',(12.,52.,0.));
#14315 = SURFACE_CURVE('',#14316,(#14320),.PCURVE_S1.);
#14316 = LINE('',#14317,#14318);
#14317 = CARTESIAN_POINT('',(12.,52.,0.));
#14318 = VECTOR('',#14319,1.);
#14319 = DIRECTION('',(1.,0.,0.));
#14320 = PCURVE('',#14300,#14321);
#14321 = DEFINITIONAL_REPRESENTATION('',(#14322),#14326);
#14322 = LINE('',#14323,#14324);
#14323 = CARTESIAN_POINT('',(-8.527692569069,-1.472307430931));
#14324 = VECTOR('',#14325,1.);
#14325 = DIRECTION('',(0.,1.));
#14326 = ( GEOMETRIC_REPRESENTATION_CONTEXT(2) 
PARAMETRIC_REPRESENTATION_CONTEXT() REPRESENTATION_CONTEXT('2D SPACE',''
  ) );
#14327 = ORIENTED_EDGE('',*,*,#14328,.T.);
#14328 = EDGE_CURVE('',#14313,#14292,#14329,.T.);
#14329 = SURFACE_CURVE('',#14330,(#14334),.PCURVE_S1.);
#14330 = LINE('',#14331,#14332);
#14331 = CARTESIAN_POINT('',(12.,52.,0.));
#14332 = VECTOR('',#14333,1.);
#14333 = DIRECTION('',(0.110431526075,0.,0.993883734674));
#14334 = PCURVE('',#14300,#14335);
#14335 = DEFINITIONAL_REPRESENTATION('',(#14336),#14340);
#14336 = LINE('',#14337,#14338);
#14337 = CARTESIAN_POINT('',(-8.527692569069,-1.472307430931));
#14338 = VECTOR('',#14339,1.);
#14339 = DIRECTION('',(0.993883734674,0.110431526075));
#14340 = ( GEOMETRIC_REPRESENTATION_CONTEXT(2) 
PARAMETRIC_REPRESENTATION_CONTEXT() REPRESENTATION_CONTEXT('2D SPACE',''
  ) );
#14341 = SHELL_BASED_SURFACE_MODEL('',(#14342));
#14342 = OPEN_SHELL('',(#14343));
#14343 = ADVANCED_FACE('',(#14344),#14358,.T.);
#14344 = FACE_BOUND('',#14345,.T.);
#14345 = EDGE_LOOP('',(#14346,#14369,#14385));
#14346 = ORIENTED_EDGE('',*,*,#14347,.F.);
#14347 = EDGE_CURVE('',#14348,#14350,#14352,.T.);
#14348 = VERTEX_POINT('',#14349);
#14349 = CARTESIAN_POINT('',(12.,52.,0.));
#14350 = VERTEX_POINT('',#14351);
#14351 = CARTESIAN_POINT('',(14.,52.,18.));
#14352 = SURFACE_CURVE('',#14353,(#14357),.PCURVE_S1.);
#14353 = LINE('',#14354,#14355);
#14354 = CARTESIAN_POINT('',(12.,52.,0.));
#14355 = VECTOR('',#14356,1.);
#14356 = DIRECTION('',(0.110431526075,0.,0.993883734674));
#14357 = PCURVE('',#14358,#14363);
#14358 = PLANE('',#14359);
#14359 = AXIS2_PLACEMENT_3D('',#14360,#14361,#14362);
#14360 = CARTESIAN_POINT('',(12.527692569069,52.,9.472307430931));
#14361 = DIRECTION('',(0.,1.,0.));
#14362 = DIRECTION('',(0.,-0.,1.));
#14363 = DEFINITIONAL_REPRESENTATION('',(#14364),#14368);
#14364 = LINE('',#14365,#14366);
#14365 = CARTESIAN_POINT('',(-9.472307430931,-0.527692569069));
#14366 = VECTOR('',#14367,1.);
#14367 = DIRECTION('',(0.993883734674,0.110431526075));
#14368 = ( GEOMETRIC_REPRESENTATION_CONTEXT(2) 
PARAMETRIC_REPRESENTATION_CONTEXT() REPRESENTATION_CONTEXT('2D SPACE',''
  ) );
#14369 = ORIENTED_EDGE('',*,*,#14370,.F.);
#14370 = EDGE_CURVE('',#14371,#14348,#14373,.T.);
#14371 = VERTEX_POINT('',#14372);
#14372 = CARTESIAN_POINT('',(12.,52.,18.));
#14373 = SURFACE_CURVE('',#14374,(#14378),.PCURVE_S1.);
#14374 = LINE('',#14375,#14376);
#14375 = CARTESIAN_POINT('',(12.,52.,18.));
#14376 = VECTOR('',#14377,1.);
#14377 = DIRECTION('',(0.,0.,-1.));
#14378 = PCURVE('',#14358,#14379);
#14379 = DEFINITIONAL_REPRESENTATION('',(#14380),#14384);
#14380 = LINE('',#14381,#14382);
#14381 = CARTESIAN_POINT('',(8.527692569069,-0.527692569069));
#14382 = VECTOR('',#14383,1.);
#14383 = DIRECTION('',(-1.,0.));
#14384 = ( GEOMETRIC_REPRESENTATION_CONTEXT(2) 
PARAMETRIC_REPRESENTATION_CONTEXT() REPRESENTATION_CONTEXT('2D SPACE',''
  ) );
#14385 = ORIENTED_EDGE('',*,*,#14386,.F.);
#14386 = EDGE_CURVE('',#14350,#14371,#14387,.T.);
#14387 = SURFACE_CURVE('',#14388,(#14392),.PCURVE_S1.);
#14388 = LINE('',#14389,#14390);
#14389 = CARTESIAN_POINT('',(14.,52.,18.));
#14390 = VECTOR('',#14391,1.);
#14391 = DIRECTION('',(-1.,0.,0.));
#14392 = PCURVE('',#14358,#14393);
#14393 = DEFINITIONAL_REPRESENTATION('',(#14394),#14398);
#14394 = LINE('',#14395,#14396);
#14395 = CARTESIAN_POINT('',(8.527692569069,1.472307430931));
#14396 = VECTOR('',#14397,1.);
#14397 = DIRECTION('',(0.,-1.));
#14398 = ( GEOMETRIC_REPRESENTATION_CONTEXT(2) 
PARAMETRIC_REPRESENTATION_CONTEXT() REPRESENTATION_CONTEXT('2D SPACE',''
  ) );
#14399 = SHELL_BASED_SURFACE_MODEL('',(#14400));
#14400 = OPEN_SHELL('',(#14401));
#14401 = ADVANCED_FACE('',(#14402),#14416,.T.);
#14402 = FACE_BOUND('',#14403,.T.);
#14403 = EDGE_LOOP('',(#14404,#14427,#14443));
#14404 = ORIENTED_EDGE('',*,*,#14405,.T.);
#14405 = EDGE_CURVE('',#14406,#14408,#14410,.T.);
#14406 = VERTEX_POINT('',#14407);
#14407 = CARTESIAN_POINT('',(11.,-47.,3.));
#14408 = VERTEX_POINT('',#14409);
#14409 = CARTESIAN_POINT('',(11.,-48.,0.));
#14410 = SURFACE_CURVE('',#14411,(#14415),.PCURVE_S1.);
#14411 = LINE('',#14412,#14413);
#14412 = CARTESIAN_POINT('',(11.,-47.,3.));
#14413 = VECTOR('',#14414,1.);
#14414 = DIRECTION('',(0.,-0.316227766017,-0.948683298051));
#14415 = PCURVE('',#14416,#14421);
#14416 = PLANE('',#14417);
#14417 = AXIS2_PLACEMENT_3D('',#14418,#14419,#14420);
#14418 = CARTESIAN_POINT('',(11.,-47.7486491854,8.967754679551));
#14419 = DIRECTION('',(-1.,-0.,-0.));
#14420 = DIRECTION('',(0.,0.,-1.));
#14421 = DEFINITIONAL_REPRESENTATION('',(#14422),#14426);
#14422 = LINE('',#14423,#14424);
#14423 = CARTESIAN_POINT('',(5.967754679551,-0.748649185406));
#14424 = VECTOR('',#14425,1.);
#14425 = DIRECTION('',(0.948683298051,0.316227766017));
#14426 = ( GEOMETRIC_REPRESENTATION_CONTEXT(2) 
PARAMETRIC_REPRESENTATION_CONTEXT() REPRESENTATION_CONTEXT('2D SPACE',''
  ) );
#14427 = ORIENTED_EDGE('',*,*,#14428,.F.);
#14428 = EDGE_CURVE('',#14429,#14408,#14431,.T.);
#14429 = VERTEX_POINT('',#14430);
#14430 = CARTESIAN_POINT('',(11.,-48.,18.));
#14431 = SURFACE_CURVE('',#14432,(#14436),.PCURVE_S1.);
#14432 = LINE('',#14433,#14434);
#14433 = CARTESIAN_POINT('',(11.,-48.,18.));
#14434 = VECTOR('',#14435,1.);
#14435 = DIRECTION('',(0.,0.,-1.));
#14436 = PCURVE('',#14416,#14437);
#14437 = DEFINITIONAL_REPRESENTATION('',(#14438),#14442);
#14438 = LINE('',#14439,#14440);
#14439 = CARTESIAN_POINT('',(-9.032245320449,0.251350814594));
#14440 = VECTOR('',#14441,1.);
#14441 = DIRECTION('',(1.,0.));
#14442 = ( GEOMETRIC_REPRESENTATION_CONTEXT(2) 
PARAMETRIC_REPRESENTATION_CONTEXT() REPRESENTATION_CONTEXT('2D SPACE',''
  ) );
#14443 = ORIENTED_EDGE('',*,*,#14444,.T.);
#14444 = EDGE_CURVE('',#14429,#14406,#14445,.T.);
#14445 = SURFACE_CURVE('',#14446,(#14450),.PCURVE_S1.);
#14446 = LINE('',#14447,#14448);
#14447 = CARTESIAN_POINT('',(11.,-48.,18.));
#14448 = VECTOR('',#14449,1.);
#14449 = DIRECTION('',(0.,6.651901052377E-02,-0.997785157857));
#14450 = PCURVE('',#14416,#14451);
#14451 = DEFINITIONAL_REPRESENTATION('',(#14452),#14456);
#14452 = LINE('',#14453,#14454);
#14453 = CARTESIAN_POINT('',(-9.032245320449,0.251350814594));
#14454 = VECTOR('',#14455,1.);
#14455 = DIRECTION('',(0.997785157857,-6.651901052377E-02));
#14456 = ( GEOMETRIC_REPRESENTATION_CONTEXT(2) 
PARAMETRIC_REPRESENTATION_CONTEXT() REPRESENTATION_CONTEXT('2D SPACE',''
  ) );
#14457 = SHELL_BASED_SURFACE_MODEL('',(#14458));
#14458 = OPEN_SHELL('',(#14459));
#14459 = ADVANCED_FACE('',(#14460),#14474,.T.);
#14460 = FACE_BOUND('',#14461,.T.);
#14461 = EDGE_LOOP('',(#14462,#14485,#14501));
#14462 = ORIENTED_EDGE('',*,*,#14463,.F.);
#14463 = EDGE_CURVE('',#14464,#14466,#14468,.T.);
#14464 = VERTEX_POINT('',#14465);
#14465 = CARTESIAN_POINT('',(11.,52.,18.));
#14466 = VERTEX_POINT('',#14467);
#14467 = CARTESIAN_POINT('',(11.,-48.,18.));
#14468 = SURFACE_CURVE('',#14469,(#14473),.PCURVE_S1.);
#14469 = LINE('',#14470,#14471);
#14470 = CARTESIAN_POINT('',(11.,52.,18.));
#14471 = VECTOR('',#14472,1.);
#14472 = DIRECTION('',(0.,-1.,0.));
#14473 = PCURVE('',#14474,#14479);
#14474 = PLANE('',#14475);
#14475 = AXIS2_PLACEMENT_3D('',#14476,#14477,#14478);
#14476 = CARTESIAN_POINT('',(11.,3.815970069229,14.076198704337));
#14477 = DIRECTION('',(-1.,-0.,-0.));
#14478 = DIRECTION('',(0.,0.,-1.));
#14479 = DEFINITIONAL_REPRESENTATION('',(#14480),#14484);
#14480 = LINE('',#14481,#14482);
#14481 = CARTESIAN_POINT('',(-3.923801295663,-48.18402993077));
#14482 = VECTOR('',#14483,1.);
#14483 = DIRECTION('',(0.,1.));
#14484 = ( GEOMETRIC_REPRESENTATION_CONTEXT(2) 
PARAMETRIC_REPRESENTATION_CONTEXT() REPRESENTATION_CONTEXT('2D SPACE',''
  ) );
#14485 = ORIENTED_EDGE('',*,*,#14486,.T.);
#14486 = EDGE_CURVE('',#14464,#14487,#14489,.T.);
#14487 = VERTEX_POINT('',#14488);
#14488 = CARTESIAN_POINT('',(11.,42.998001098633,3.));
#14489 = SURFACE_CURVE('',#14490,(#14494),.PCURVE_S1.);
#14490 = LINE('',#14491,#14492);
#14491 = CARTESIAN_POINT('',(11.,52.,18.));
#14492 = VECTOR('',#14493,1.);
#14493 = DIRECTION('',(0.,-0.514579769772,-0.857442511508));
#14494 = PCURVE('',#14474,#14495);
#14495 = DEFINITIONAL_REPRESENTATION('',(#14496),#14500);
#14496 = LINE('',#14497,#14498);
#14497 = CARTESIAN_POINT('',(-3.923801295663,-48.18402993077));
#14498 = VECTOR('',#14499,1.);
#14499 = DIRECTION('',(0.857442511508,0.514579769772));
#14500 = ( GEOMETRIC_REPRESENTATION_CONTEXT(2) 
PARAMETRIC_REPRESENTATION_CONTEXT() REPRESENTATION_CONTEXT('2D SPACE',''
  ) );
#14501 = ORIENTED_EDGE('',*,*,#14502,.T.);
#14502 = EDGE_CURVE('',#14487,#14466,#14503,.T.);
#14503 = SURFACE_CURVE('',#14504,(#14508),.PCURVE_S1.);
#14504 = LINE('',#14505,#14506);
#14505 = CARTESIAN_POINT('',(11.,42.998001098633,3.));
#14506 = VECTOR('',#14507,1.);
#14507 = DIRECTION('',(0.,-0.986684829277,0.162643929103));
#14508 = PCURVE('',#14474,#14509);
#14509 = DEFINITIONAL_REPRESENTATION('',(#14510),#14514);
#14510 = LINE('',#14511,#14512);
#14511 = CARTESIAN_POINT('',(11.076198704337,-39.1820310294));
#14512 = VECTOR('',#14513,1.);
#14513 = DIRECTION('',(-0.162643929103,0.986684829277));
#14514 = ( GEOMETRIC_REPRESENTATION_CONTEXT(2) 
PARAMETRIC_REPRESENTATION_CONTEXT() REPRESENTATION_CONTEXT('2D SPACE',''
  ) );
#14515 = SHELL_BASED_SURFACE_MODEL('',(#14516));
#14516 = OPEN_SHELL('',(#14517));
#14517 = ADVANCED_FACE('',(#14518),#14532,.T.);
#14518 = FACE_BOUND('',#14519,.T.);
#14519 = EDGE_LOOP('',(#14520,#14543,#14559));
#14520 = ORIENTED_EDGE('',*,*,#14521,.F.);
#14521 = EDGE_CURVE('',#14522,#14524,#14526,.T.);
#14522 = VERTEX_POINT('',#14523);
#14523 = CARTESIAN_POINT('',(11.,-47.,3.));
#14524 = VERTEX_POINT('',#14525);
#14525 = CARTESIAN_POINT('',(11.,42.998001098633,3.));
#14526 = SURFACE_CURVE('',#14527,(#14531),.PCURVE_S1.);
#14527 = LINE('',#14528,#14529);
#14528 = CARTESIAN_POINT('',(11.,-47.,3.));
#14529 = VECTOR('',#14530,1.);
#14530 = DIRECTION('',(0.,1.,0.));
#14531 = PCURVE('',#14532,#14537);
#14532 = PLANE('',#14533);
#14533 = AXIS2_PLACEMENT_3D('',#14534,#14535,#14536);
#14534 = CARTESIAN_POINT('',(11.,-5.702322291154,7.078149473059));
#14535 = DIRECTION('',(-1.,-0.,-0.));
#14536 = DIRECTION('',(0.,0.,-1.));
#14537 = DEFINITIONAL_REPRESENTATION('',(#14538),#14542);
#14538 = LINE('',#14539,#14540);
#14539 = CARTESIAN_POINT('',(4.078149473059,41.297677708846));
#14540 = VECTOR('',#14541,1.);
#14541 = DIRECTION('',(0.,-1.));
#14542 = ( GEOMETRIC_REPRESENTATION_CONTEXT(2) 
PARAMETRIC_REPRESENTATION_CONTEXT() REPRESENTATION_CONTEXT('2D SPACE',''
  ) );
#14543 = ORIENTED_EDGE('',*,*,#14544,.F.);
#14544 = EDGE_CURVE('',#14545,#14522,#14547,.T.);
#14545 = VERTEX_POINT('',#14546);
#14546 = CARTESIAN_POINT('',(11.,-48.,18.));
#14547 = SURFACE_CURVE('',#14548,(#14552),.PCURVE_S1.);
#14548 = LINE('',#14549,#14550);
#14549 = CARTESIAN_POINT('',(11.,-48.,18.));
#14550 = VECTOR('',#14551,1.);
#14551 = DIRECTION('',(0.,6.651901052377E-02,-0.997785157857));
#14552 = PCURVE('',#14532,#14553);
#14553 = DEFINITIONAL_REPRESENTATION('',(#14554),#14558);
#14554 = LINE('',#14555,#14556);
#14555 = CARTESIAN_POINT('',(-10.92185052694,42.297677708846));
#14556 = VECTOR('',#14557,1.);
#14557 = DIRECTION('',(0.997785157857,-6.651901052377E-02));
#14558 = ( GEOMETRIC_REPRESENTATION_CONTEXT(2) 
PARAMETRIC_REPRESENTATION_CONTEXT() REPRESENTATION_CONTEXT('2D SPACE',''
  ) );
#14559 = ORIENTED_EDGE('',*,*,#14560,.F.);
#14560 = EDGE_CURVE('',#14524,#14545,#14561,.T.);
#14561 = SURFACE_CURVE('',#14562,(#14566),.PCURVE_S1.);
#14562 = LINE('',#14563,#14564);
#14563 = CARTESIAN_POINT('',(11.,42.998001098633,3.));
#14564 = VECTOR('',#14565,1.);
#14565 = DIRECTION('',(0.,-0.986684829277,0.162643929103));
#14566 = PCURVE('',#14532,#14567);
#14567 = DEFINITIONAL_REPRESENTATION('',(#14568),#14572);
#14568 = LINE('',#14569,#14570);
#14569 = CARTESIAN_POINT('',(4.078149473059,-48.70032338978));
#14570 = VECTOR('',#14571,1.);
#14571 = DIRECTION('',(-0.162643929103,0.986684829277));
#14572 = ( GEOMETRIC_REPRESENTATION_CONTEXT(2) 
PARAMETRIC_REPRESENTATION_CONTEXT() REPRESENTATION_CONTEXT('2D SPACE',''
  ) );
#14573 = SHELL_BASED_SURFACE_MODEL('',(#14574));
#14574 = OPEN_SHELL('',(#14575));
#14575 = ADVANCED_FACE('',(#14576),#14590,.T.);
#14576 = FACE_BOUND('',#14577,.T.);
#14577 = EDGE_LOOP('',(#14578,#14601,#14617));
#14578 = ORIENTED_EDGE('',*,*,#14579,.F.);
#14579 = EDGE_CURVE('',#14580,#14582,#14584,.T.);
#14580 = VERTEX_POINT('',#14581);
#14581 = CARTESIAN_POINT('',(11.,52.,3.));
#14582 = VERTEX_POINT('',#14583);
#14583 = CARTESIAN_POINT('',(11.,52.,18.));
#14584 = SURFACE_CURVE('',#14585,(#14589),.PCURVE_S1.);
#14585 = LINE('',#14586,#14587);
#14586 = CARTESIAN_POINT('',(11.,52.,3.));
#14587 = VECTOR('',#14588,1.);
#14588 = DIRECTION('',(0.,0.,1.));
#14589 = PCURVE('',#14590,#14595);
#14590 = PLANE('',#14591);
#14591 = AXIS2_PLACEMENT_3D('',#14592,#14593,#14594);
#14592 = CARTESIAN_POINT('',(11.,49.126029225964,8.872971323352));
#14593 = DIRECTION('',(-1.,-0.,-0.));
#14594 = DIRECTION('',(0.,0.,-1.));
#14595 = DEFINITIONAL_REPRESENTATION('',(#14596),#14600);
#14596 = LINE('',#14597,#14598);
#14597 = CARTESIAN_POINT('',(5.872971323352,-2.873970774036));
#14598 = VECTOR('',#14599,1.);
#14599 = DIRECTION('',(-1.,0.));
#14600 = ( GEOMETRIC_REPRESENTATION_CONTEXT(2) 
PARAMETRIC_REPRESENTATION_CONTEXT() REPRESENTATION_CONTEXT('2D SPACE',''
  ) );
#14601 = ORIENTED_EDGE('',*,*,#14602,.F.);
#14602 = EDGE_CURVE('',#14603,#14580,#14605,.T.);
#14603 = VERTEX_POINT('',#14604);
#14604 = CARTESIAN_POINT('',(11.,42.998001098633,3.));
#14605 = SURFACE_CURVE('',#14606,(#14610),.PCURVE_S1.);
#14606 = LINE('',#14607,#14608);
#14607 = CARTESIAN_POINT('',(11.,42.998001098633,3.));
#14608 = VECTOR('',#14609,1.);
#14609 = DIRECTION('',(0.,1.,0.));
#14610 = PCURVE('',#14590,#14611);
#14611 = DEFINITIONAL_REPRESENTATION('',(#14612),#14616);
#14612 = LINE('',#14613,#14614);
#14613 = CARTESIAN_POINT('',(5.872971323352,6.128028127332));
#14614 = VECTOR('',#14615,1.);
#14615 = DIRECTION('',(0.,-1.));
#14616 = ( GEOMETRIC_REPRESENTATION_CONTEXT(2) 
PARAMETRIC_REPRESENTATION_CONTEXT() REPRESENTATION_CONTEXT('2D SPACE',''
  ) );
#14617 = ORIENTED_EDGE('',*,*,#14618,.F.);
#14618 = EDGE_CURVE('',#14582,#14603,#14619,.T.);
#14619 = SURFACE_CURVE('',#14620,(#14624),.PCURVE_S1.);
#14620 = LINE('',#14621,#14622);
#14621 = CARTESIAN_POINT('',(11.,52.,18.));
#14622 = VECTOR('',#14623,1.);
#14623 = DIRECTION('',(0.,-0.514579769772,-0.857442511508));
#14624 = PCURVE('',#14590,#14625);
#14625 = DEFINITIONAL_REPRESENTATION('',(#14626),#14630);
#14626 = LINE('',#14627,#14628);
#14627 = CARTESIAN_POINT('',(-9.127028676648,-2.873970774036));
#14628 = VECTOR('',#14629,1.);
#14629 = DIRECTION('',(0.857442511508,0.514579769772));
#14630 = ( GEOMETRIC_REPRESENTATION_CONTEXT(2) 
PARAMETRIC_REPRESENTATION_CONTEXT() REPRESENTATION_CONTEXT('2D SPACE',''
  ) );
#14631 = SHELL_BASED_SURFACE_MODEL('',(#14632));
#14632 = OPEN_SHELL('',(#14633));
#14633 = ADVANCED_FACE('',(#14634),#14648,.T.);
#14634 = FACE_BOUND('',#14635,.T.);
#14635 = EDGE_LOOP('',(#14636,#14659,#14675));
#14636 = ORIENTED_EDGE('',*,*,#14637,.F.);
#14637 = EDGE_CURVE('',#14638,#14640,#14642,.T.);
#14638 = VERTEX_POINT('',#14639);
#14639 = CARTESIAN_POINT('',(11.,-47.,0.));
#14640 = VERTEX_POINT('',#14641);
#14641 = CARTESIAN_POINT('',(11.,-47.,3.));
#14642 = SURFACE_CURVE('',#14643,(#14647),.PCURVE_S1.);
#14643 = LINE('',#14644,#14645);
#14644 = CARTESIAN_POINT('',(11.,-47.,0.));
#14645 = VECTOR('',#14646,1.);
#14646 = DIRECTION('',(0.,0.,1.));
#14647 = PCURVE('',#14648,#14653);
#14648 = PLANE('',#14649);
#14649 = AXIS2_PLACEMENT_3D('',#14650,#14651,#14652);
#14650 = CARTESIAN_POINT('',(11.,-47.29056941504,1.290569415042));
#14651 = DIRECTION('',(-1.,-0.,-0.));
#14652 = DIRECTION('',(0.,0.,-1.));
#14653 = DEFINITIONAL_REPRESENTATION('',(#14654),#14658);
#14654 = LINE('',#14655,#14656);
#14655 = CARTESIAN_POINT('',(1.290569415042,-0.290569415042));
#14656 = VECTOR('',#14657,1.);
#14657 = DIRECTION('',(-1.,0.));
#14658 = ( GEOMETRIC_REPRESENTATION_CONTEXT(2) 
PARAMETRIC_REPRESENTATION_CONTEXT() REPRESENTATION_CONTEXT('2D SPACE',''
  ) );
#14659 = ORIENTED_EDGE('',*,*,#14660,.F.);
#14660 = EDGE_CURVE('',#14661,#14638,#14663,.T.);
#14661 = VERTEX_POINT('',#14662);
#14662 = CARTESIAN_POINT('',(11.,-48.,0.));
#14663 = SURFACE_CURVE('',#14664,(#14668),.PCURVE_S1.);
#14664 = LINE('',#14665,#14666);
#14665 = CARTESIAN_POINT('',(11.,-48.,0.));
#14666 = VECTOR('',#14667,1.);
#14667 = DIRECTION('',(0.,1.,0.));
#14668 = PCURVE('',#14648,#14669);
#14669 = DEFINITIONAL_REPRESENTATION('',(#14670),#14674);
#14670 = LINE('',#14671,#14672);
#14671 = CARTESIAN_POINT('',(1.290569415042,0.709430584958));
#14672 = VECTOR('',#14673,1.);
#14673 = DIRECTION('',(0.,-1.));
#14674 = ( GEOMETRIC_REPRESENTATION_CONTEXT(2) 
PARAMETRIC_REPRESENTATION_CONTEXT() REPRESENTATION_CONTEXT('2D SPACE',''
  ) );
#14675 = ORIENTED_EDGE('',*,*,#14676,.F.);
#14676 = EDGE_CURVE('',#14640,#14661,#14677,.T.);
#14677 = SURFACE_CURVE('',#14678,(#14682),.PCURVE_S1.);
#14678 = LINE('',#14679,#14680);
#14679 = CARTESIAN_POINT('',(11.,-47.,3.));
#14680 = VECTOR('',#14681,1.);
#14681 = DIRECTION('',(0.,-0.316227766017,-0.948683298051));
#14682 = PCURVE('',#14648,#14683);
#14683 = DEFINITIONAL_REPRESENTATION('',(#14684),#14688);
#14684 = LINE('',#14685,#14686);
#14685 = CARTESIAN_POINT('',(-1.709430584958,-0.290569415042));
#14686 = VECTOR('',#14687,1.);
#14687 = DIRECTION('',(0.948683298051,0.316227766017));
#14688 = ( GEOMETRIC_REPRESENTATION_CONTEXT(2) 
PARAMETRIC_REPRESENTATION_CONTEXT() REPRESENTATION_CONTEXT('2D SPACE',''
  ) );
#14689 = SHELL_BASED_SURFACE_MODEL('',(#14690));
#14690 = OPEN_SHELL('',(#14691));
#14691 = ADVANCED_FACE('',(#14692),#14706,.T.);
#14692 = FACE_BOUND('',#14693,.T.);
#14693 = EDGE_LOOP('',(#14694,#14717,#14733));
#14694 = ORIENTED_EDGE('',*,*,#14695,.T.);
#14695 = EDGE_CURVE('',#14696,#14698,#14700,.T.);
#14696 = VERTEX_POINT('',#14697);
#14697 = CARTESIAN_POINT('',(-20.,-48.,18.));
#14698 = VERTEX_POINT('',#14699);
#14699 = CARTESIAN_POINT('',(-20.,52.,18.));
#14700 = SURFACE_CURVE('',#14701,(#14705),.PCURVE_S1.);
#14701 = LINE('',#14702,#14703);
#14702 = CARTESIAN_POINT('',(-20.,-48.,18.));
#14703 = VECTOR('',#14704,1.);
#14704 = DIRECTION('',(0.,1.,0.));
#14705 = PCURVE('',#14706,#14711);
#14706 = PLANE('',#14707);
#14707 = AXIS2_PLACEMENT_3D('',#14708,#14709,#14710);
#14708 = CARTESIAN_POINT('',(-20.,-2.098228408239,13.098228408239));
#14709 = DIRECTION('',(-1.,-0.,-0.));
#14710 = DIRECTION('',(0.,0.,-1.));
#14711 = DEFINITIONAL_REPRESENTATION('',(#14712),#14716);
#14712 = LINE('',#14713,#14714);
#14713 = CARTESIAN_POINT('',(-4.901771591761,45.901771591761));
#14714 = VECTOR('',#14715,1.);
#14715 = DIRECTION('',(0.,-1.));
#14716 = ( GEOMETRIC_REPRESENTATION_CONTEXT(2) 
PARAMETRIC_REPRESENTATION_CONTEXT() REPRESENTATION_CONTEXT('2D SPACE',''
  ) );
#14717 = ORIENTED_EDGE('',*,*,#14718,.T.);
#14718 = EDGE_CURVE('',#14698,#14719,#14721,.T.);
#14719 = VERTEX_POINT('',#14720);
#14720 = CARTESIAN_POINT('',(-20.,-48.,0.));
#14721 = SURFACE_CURVE('',#14722,(#14726),.PCURVE_S1.);
#14722 = LINE('',#14723,#14724);
#14723 = CARTESIAN_POINT('',(-20.,52.,18.));
#14724 = VECTOR('',#14725,1.);
#14725 = DIRECTION('',(0.,-0.984183323974,-0.177152998315));
#14726 = PCURVE('',#14706,#14727);
#14727 = DEFINITIONAL_REPRESENTATION('',(#14728),#14732);
#14728 = LINE('',#14729,#14730);
#14729 = CARTESIAN_POINT('',(-4.901771591761,-54.09822840823));
#14730 = VECTOR('',#14731,1.);
#14731 = DIRECTION('',(0.177152998315,0.984183323974));
#14732 = ( GEOMETRIC_REPRESENTATION_CONTEXT(2) 
PARAMETRIC_REPRESENTATION_CONTEXT() REPRESENTATION_CONTEXT('2D SPACE',''
  ) );
#14733 = ORIENTED_EDGE('',*,*,#14734,.F.);
#14734 = EDGE_CURVE('',#14696,#14719,#14735,.T.);
#14735 = SURFACE_CURVE('',#14736,(#14740),.PCURVE_S1.);
#14736 = LINE('',#14737,#14738);
#14737 = CARTESIAN_POINT('',(-20.,-48.,18.));
#14738 = VECTOR('',#14739,1.);
#14739 = DIRECTION('',(0.,0.,-1.));
#14740 = PCURVE('',#14706,#14741);
#14741 = DEFINITIONAL_REPRESENTATION('',(#14742),#14746);
#14742 = LINE('',#14743,#14744);
#14743 = CARTESIAN_POINT('',(-4.901771591761,45.901771591761));
#14744 = VECTOR('',#14745,1.);
#14745 = DIRECTION('',(1.,0.));
#14746 = ( GEOMETRIC_REPRESENTATION_CONTEXT(2) 
PARAMETRIC_REPRESENTATION_CONTEXT() REPRESENTATION_CONTEXT('2D SPACE',''
  ) );
#14747 = SHELL_BASED_SURFACE_MODEL('',(#14748));
#14748 = OPEN_SHELL('',(#14749));
#14749 = ADVANCED_FACE('',(#14750),#14764,.T.);
#14750 = FACE_BOUND('',#14751,.T.);
#14751 = EDGE_LOOP('',(#14752,#14775,#14791));
#14752 = ORIENTED_EDGE('',*,*,#14753,.T.);
#14753 = EDGE_CURVE('',#14754,#14756,#14758,.T.);
#14754 = VERTEX_POINT('',#14755);
#14755 = CARTESIAN_POINT('',(-20.,52.,0.));
#14756 = VERTEX_POINT('',#14757);
#14757 = CARTESIAN_POINT('',(-20.,-48.,0.));
#14758 = SURFACE_CURVE('',#14759,(#14763),.PCURVE_S1.);
#14759 = LINE('',#14760,#14761);
#14760 = CARTESIAN_POINT('',(-20.,52.,0.));
#14761 = VECTOR('',#14762,1.);
#14762 = DIRECTION('',(0.,-1.,0.));
#14763 = PCURVE('',#14764,#14769);
#14764 = PLANE('',#14765);
#14765 = AXIS2_PLACEMENT_3D('',#14766,#14767,#14768);
#14766 = CARTESIAN_POINT('',(-20.,6.098228408239,4.901771591761));
#14767 = DIRECTION('',(-1.,-0.,-0.));
#14768 = DIRECTION('',(0.,0.,-1.));
#14769 = DEFINITIONAL_REPRESENTATION('',(#14770),#14774);
#14770 = LINE('',#14771,#14772);
#14771 = CARTESIAN_POINT('',(4.901771591761,-45.90177159176));
#14772 = VECTOR('',#14773,1.);
#14773 = DIRECTION('',(0.,1.));
#14774 = ( GEOMETRIC_REPRESENTATION_CONTEXT(2) 
PARAMETRIC_REPRESENTATION_CONTEXT() REPRESENTATION_CONTEXT('2D SPACE',''
  ) );
#14775 = ORIENTED_EDGE('',*,*,#14776,.F.);
#14776 = EDGE_CURVE('',#14777,#14756,#14779,.T.);
#14777 = VERTEX_POINT('',#14778);
#14778 = CARTESIAN_POINT('',(-20.,52.,18.));
#14779 = SURFACE_CURVE('',#14780,(#14784),.PCURVE_S1.);
#14780 = LINE('',#14781,#14782);
#14781 = CARTESIAN_POINT('',(-20.,52.,18.));
#14782 = VECTOR('',#14783,1.);
#14783 = DIRECTION('',(0.,-0.984183323974,-0.177152998315));
#14784 = PCURVE('',#14764,#14785);
#14785 = DEFINITIONAL_REPRESENTATION('',(#14786),#14790);
#14786 = LINE('',#14787,#14788);
#14787 = CARTESIAN_POINT('',(-13.09822840823,-45.90177159176));
#14788 = VECTOR('',#14789,1.);
#14789 = DIRECTION('',(0.177152998315,0.984183323974));
#14790 = ( GEOMETRIC_REPRESENTATION_CONTEXT(2) 
PARAMETRIC_REPRESENTATION_CONTEXT() REPRESENTATION_CONTEXT('2D SPACE',''
  ) );
#14791 = ORIENTED_EDGE('',*,*,#14792,.F.);
#14792 = EDGE_CURVE('',#14754,#14777,#14793,.T.);
#14793 = SURFACE_CURVE('',#14794,(#14798),.PCURVE_S1.);
#14794 = LINE('',#14795,#14796);
#14795 = CARTESIAN_POINT('',(-20.,52.,0.));
#14796 = VECTOR('',#14797,1.);
#14797 = DIRECTION('',(0.,0.,1.));
#14798 = PCURVE('',#14764,#14799);
#14799 = DEFINITIONAL_REPRESENTATION('',(#14800),#14804);
#14800 = LINE('',#14801,#14802);
#14801 = CARTESIAN_POINT('',(4.901771591761,-45.90177159176));
#14802 = VECTOR('',#14803,1.);
#14803 = DIRECTION('',(-1.,0.));
#14804 = ( GEOMETRIC_REPRESENTATION_CONTEXT(2) 
PARAMETRIC_REPRESENTATION_CONTEXT() REPRESENTATION_CONTEXT('2D SPACE',''
  ) );
#14805 = SHELL_BASED_SURFACE_MODEL('',(#14806));
#14806 = OPEN_SHELL('',(#14807));
#14807 = ADVANCED_FACE('',(#14808),#14822,.T.);
#14808 = FACE_BOUND('',#14809,.T.);
#14809 = EDGE_LOOP('',(#14810,#14833,#14849));
#14810 = ORIENTED_EDGE('',*,*,#14811,.F.);
#14811 = EDGE_CURVE('',#14812,#14814,#14816,.T.);
#14812 = VERTEX_POINT('',#14813);
#14813 = CARTESIAN_POINT('',(-17.,-48.,18.));
#14814 = VERTEX_POINT('',#14815);
#14815 = CARTESIAN_POINT('',(-20.,-48.,18.));
#14816 = SURFACE_CURVE('',#14817,(#14821),.PCURVE_S1.);
#14817 = LINE('',#14818,#14819);
#14818 = CARTESIAN_POINT('',(-17.,-48.,18.));
#14819 = VECTOR('',#14820,1.);
#14820 = DIRECTION('',(-1.,0.,0.));
#14821 = PCURVE('',#14822,#14827);
#14822 = PLANE('',#14823);
#14823 = AXIS2_PLACEMENT_3D('',#14824,#14825,#14826);
#14824 = CARTESIAN_POINT('',(-18.25374953134,1.261174724444,18.));
#14825 = DIRECTION('',(0.,0.,1.));
#14826 = DIRECTION('',(1.,0.,-0.));
#14827 = DEFINITIONAL_REPRESENTATION('',(#14828),#14832);
#14828 = LINE('',#14829,#14830);
#14829 = CARTESIAN_POINT('',(1.253749531348,-49.26117472444));
#14830 = VECTOR('',#14831,1.);
#14831 = DIRECTION('',(-1.,0.));
#14832 = ( GEOMETRIC_REPRESENTATION_CONTEXT(2) 
PARAMETRIC_REPRESENTATION_CONTEXT() REPRESENTATION_CONTEXT('2D SPACE',''
  ) );
#14833 = ORIENTED_EDGE('',*,*,#14834,.F.);
#14834 = EDGE_CURVE('',#14835,#14812,#14837,.T.);
#14835 = VERTEX_POINT('',#14836);
#14836 = CARTESIAN_POINT('',(-18.,52.,18.));
#14837 = SURFACE_CURVE('',#14838,(#14842),.PCURVE_S1.);
#14838 = LINE('',#14839,#14840);
#14839 = CARTESIAN_POINT('',(-18.,52.,18.));
#14840 = VECTOR('',#14841,1.);
#14841 = DIRECTION('',(9.999500037497E-03,-0.99995000375,0.));
#14842 = PCURVE('',#14822,#14843);
#14843 = DEFINITIONAL_REPRESENTATION('',(#14844),#14848);
#14844 = LINE('',#14845,#14846);
#14845 = CARTESIAN_POINT('',(0.253749531348,50.738825275556));
#14846 = VECTOR('',#14847,1.);
#14847 = DIRECTION('',(9.999500037497E-03,-0.99995000375));
#14848 = ( GEOMETRIC_REPRESENTATION_CONTEXT(2) 
PARAMETRIC_REPRESENTATION_CONTEXT() REPRESENTATION_CONTEXT('2D SPACE',''
  ) );
#14849 = ORIENTED_EDGE('',*,*,#14850,.T.);
#14850 = EDGE_CURVE('',#14835,#14814,#14851,.T.);
#14851 = SURFACE_CURVE('',#14852,(#14856),.PCURVE_S1.);
#14852 = LINE('',#14853,#14854);
#14853 = CARTESIAN_POINT('',(-18.,52.,18.));
#14854 = VECTOR('',#14855,1.);
#14855 = DIRECTION('',(-1.99960011996E-02,-0.99980005998,0.));
#14856 = PCURVE('',#14822,#14857);
#14857 = DEFINITIONAL_REPRESENTATION('',(#14858),#14862);
#14858 = LINE('',#14859,#14860);
#14859 = CARTESIAN_POINT('',(0.253749531348,50.738825275556));
#14860 = VECTOR('',#14861,1.);
#14861 = DIRECTION('',(-1.99960011996E-02,-0.99980005998));
#14862 = ( GEOMETRIC_REPRESENTATION_CONTEXT(2) 
PARAMETRIC_REPRESENTATION_CONTEXT() REPRESENTATION_CONTEXT('2D SPACE',''
  ) );
#14863 = SHELL_BASED_SURFACE_MODEL('',(#14864));
#14864 = OPEN_SHELL('',(#14865));
#14865 = ADVANCED_FACE('',(#14866),#14880,.T.);
#14866 = FACE_BOUND('',#14867,.T.);
#14867 = EDGE_LOOP('',(#14868,#14891,#14907));
#14868 = ORIENTED_EDGE('',*,*,#14869,.F.);
#14869 = EDGE_CURVE('',#14870,#14872,#14874,.T.);
#14870 = VERTEX_POINT('',#14871);
#14871 = CARTESIAN_POINT('',(-20.,52.,18.));
#14872 = VERTEX_POINT('',#14873);
#14873 = CARTESIAN_POINT('',(-18.,52.,18.));
#14874 = SURFACE_CURVE('',#14875,(#14879),.PCURVE_S1.);
#14875 = LINE('',#14876,#14877);
#14876 = CARTESIAN_POINT('',(-20.,52.,18.));
#14877 = VECTOR('',#14878,1.);
#14878 = DIRECTION('',(1.,0.,0.));
#14879 = PCURVE('',#14880,#14885);
#14880 = PLANE('',#14881);
#14881 = AXIS2_PLACEMENT_3D('',#14882,#14883,#14884);
#14882 = CARTESIAN_POINT('',(-19.4950004999,2.4950004999,18.));
#14883 = DIRECTION('',(0.,0.,1.));
#14884 = DIRECTION('',(1.,0.,-0.));
#14885 = DEFINITIONAL_REPRESENTATION('',(#14886),#14890);
#14886 = LINE('',#14887,#14888);
#14887 = CARTESIAN_POINT('',(-0.5049995001,49.5049995001));
#14888 = VECTOR('',#14889,1.);
#14889 = DIRECTION('',(1.,0.));
#14890 = ( GEOMETRIC_REPRESENTATION_CONTEXT(2) 
PARAMETRIC_REPRESENTATION_CONTEXT() REPRESENTATION_CONTEXT('2D SPACE',''
  ) );
#14891 = ORIENTED_EDGE('',*,*,#14892,.F.);
#14892 = EDGE_CURVE('',#14893,#14870,#14895,.T.);
#14893 = VERTEX_POINT('',#14894);
#14894 = CARTESIAN_POINT('',(-20.,-48.,18.));
#14895 = SURFACE_CURVE('',#14896,(#14900),.PCURVE_S1.);
#14896 = LINE('',#14897,#14898);
#14897 = CARTESIAN_POINT('',(-20.,-48.,18.));
#14898 = VECTOR('',#14899,1.);
#14899 = DIRECTION('',(0.,1.,0.));
#14900 = PCURVE('',#14880,#14901);
#14901 = DEFINITIONAL_REPRESENTATION('',(#14902),#14906);
#14902 = LINE('',#14903,#14904);
#14903 = CARTESIAN_POINT('',(-0.5049995001,-50.4950004999));
#14904 = VECTOR('',#14905,1.);
#14905 = DIRECTION('',(0.,1.));
#14906 = ( GEOMETRIC_REPRESENTATION_CONTEXT(2) 
PARAMETRIC_REPRESENTATION_CONTEXT() REPRESENTATION_CONTEXT('2D SPACE',''
  ) );
#14907 = ORIENTED_EDGE('',*,*,#14908,.F.);
#14908 = EDGE_CURVE('',#14872,#14893,#14909,.T.);
#14909 = SURFACE_CURVE('',#14910,(#14914),.PCURVE_S1.);
#14910 = LINE('',#14911,#14912);
#14911 = CARTESIAN_POINT('',(-18.,52.,18.));
#14912 = VECTOR('',#14913,1.);
#14913 = DIRECTION('',(-1.99960011996E-02,-0.99980005998,0.));
#14914 = PCURVE('',#14880,#14915);
#14915 = DEFINITIONAL_REPRESENTATION('',(#14916),#14920);
#14916 = LINE('',#14917,#14918);
#14917 = CARTESIAN_POINT('',(1.4950004999,49.5049995001));
#14918 = VECTOR('',#14919,1.);
#14919 = DIRECTION('',(-1.99960011996E-02,-0.99980005998));
#14920 = ( GEOMETRIC_REPRESENTATION_CONTEXT(2) 
PARAMETRIC_REPRESENTATION_CONTEXT() REPRESENTATION_CONTEXT('2D SPACE',''
  ) );
#14921 = SHELL_BASED_SURFACE_MODEL('',(#14922));
#14922 = OPEN_SHELL('',(#14923));
#14923 = ADVANCED_FACE('',(#14924),#14938,.T.);
#14924 = FACE_BOUND('',#14925,.T.);
#14925 = EDGE_LOOP('',(#14926,#14949,#14965));
#14926 = ORIENTED_EDGE('',*,*,#14927,.T.);
#14927 = EDGE_CURVE('',#14928,#14930,#14932,.T.);
#14928 = VERTEX_POINT('',#14929);
#14929 = CARTESIAN_POINT('',(-20.,-48.,0.));
#14930 = VERTEX_POINT('',#14931);
#14931 = CARTESIAN_POINT('',(-19.,2.,0.));
#14932 = SURFACE_CURVE('',#14933,(#14937),.PCURVE_S1.);
#14933 = LINE('',#14934,#14935);
#14934 = CARTESIAN_POINT('',(-20.,-48.,0.));
#14935 = VECTOR('',#14936,1.);
#14936 = DIRECTION('',(1.99960011996E-02,0.99980005998,0.));
#14937 = PCURVE('',#14938,#14943);
#14938 = PLANE('',#14939);
#14939 = AXIS2_PLACEMENT_3D('',#14940,#14941,#14942);
#14940 = CARTESIAN_POINT('',(-18.74937708879,-23.51808834129,0.));
#14941 = DIRECTION('',(-0.,-0.,-1.));
#14942 = DIRECTION('',(-1.,0.,0.));
#14943 = DEFINITIONAL_REPRESENTATION('',(#14944),#14948);
#14944 = LINE('',#14945,#14946);
#14945 = CARTESIAN_POINT('',(1.250622911208,-24.48191165871));
#14946 = VECTOR('',#14947,1.);
#14947 = DIRECTION('',(-1.99960011996E-02,0.99980005998));
#14948 = ( GEOMETRIC_REPRESENTATION_CONTEXT(2) 
PARAMETRIC_REPRESENTATION_CONTEXT() REPRESENTATION_CONTEXT('2D SPACE',''
  ) );
#14949 = ORIENTED_EDGE('',*,*,#14950,.F.);
#14950 = EDGE_CURVE('',#14951,#14930,#14953,.T.);
#14951 = VERTEX_POINT('',#14952);
#14952 = CARTESIAN_POINT('',(-17.,-47.,0.));
#14953 = SURFACE_CURVE('',#14954,(#14958),.PCURVE_S1.);
#14954 = LINE('',#14955,#14956);
#14955 = CARTESIAN_POINT('',(-17.,-47.,0.));
#14956 = VECTOR('',#14957,1.);
#14957 = DIRECTION('',(-4.078236951431E-02,0.999168053101,0.));
#14958 = PCURVE('',#14938,#14959);
#14959 = DEFINITIONAL_REPRESENTATION('',(#14960),#14964);
#14960 = LINE('',#14961,#14962);
#14961 = CARTESIAN_POINT('',(-1.749377088792,-23.48191165871));
#14962 = VECTOR('',#14963,1.);
#14963 = DIRECTION('',(4.078236951431E-02,0.999168053101));
#14964 = ( GEOMETRIC_REPRESENTATION_CONTEXT(2) 
PARAMETRIC_REPRESENTATION_CONTEXT() REPRESENTATION_CONTEXT('2D SPACE',''
  ) );
#14965 = ORIENTED_EDGE('',*,*,#14966,.F.);
#14966 = EDGE_CURVE('',#14928,#14951,#14967,.T.);
#14967 = SURFACE_CURVE('',#14968,(#14972),.PCURVE_S1.);
#14968 = LINE('',#14969,#14970);
#14969 = CARTESIAN_POINT('',(-20.,-48.,0.));
#14970 = VECTOR('',#14971,1.);
#14971 = DIRECTION('',(0.948683298051,0.316227766017,0.));
#14972 = PCURVE('',#14938,#14973);
#14973 = DEFINITIONAL_REPRESENTATION('',(#14974),#14978);
#14974 = LINE('',#14975,#14976);
#14975 = CARTESIAN_POINT('',(1.250622911208,-24.48191165871));
#14976 = VECTOR('',#14977,1.);
#14977 = DIRECTION('',(-0.948683298051,0.316227766017));
#14978 = ( GEOMETRIC_REPRESENTATION_CONTEXT(2) 
PARAMETRIC_REPRESENTATION_CONTEXT() REPRESENTATION_CONTEXT('2D SPACE',''
  ) );
#14979 = SHELL_BASED_SURFACE_MODEL('',(#14980));
#14980 = OPEN_SHELL('',(#14981));
#14981 = ADVANCED_FACE('',(#14982),#14996,.T.);
#14982 = FACE_BOUND('',#14983,.T.);
#14983 = EDGE_LOOP('',(#14984,#15007,#15023));
#14984 = ORIENTED_EDGE('',*,*,#14985,.F.);
#14985 = EDGE_CURVE('',#14986,#14988,#14990,.T.);
#14986 = VERTEX_POINT('',#14987);
#14987 = CARTESIAN_POINT('',(-19.,2.,0.));
#14988 = VERTEX_POINT('',#14989);
#14989 = CARTESIAN_POINT('',(-20.,52.,0.));
#14990 = SURFACE_CURVE('',#14991,(#14995),.PCURVE_S1.);
#14991 = LINE('',#14992,#14993);
#14992 = CARTESIAN_POINT('',(-19.,2.,0.));
#14993 = VECTOR('',#14994,1.);
#14994 = DIRECTION('',(-1.99960011996E-02,0.99980005998,0.));
#14995 = PCURVE('',#14996,#15001);
#14996 = PLANE('',#14997);
#14997 = AXIS2_PLACEMENT_3D('',#14998,#14999,#15000);
#14998 = CARTESIAN_POINT('',(-19.74997500499,2.,0.));
#14999 = DIRECTION('',(-0.,-0.,-1.));
#15000 = DIRECTION('',(-1.,0.,0.));
#15001 = DEFINITIONAL_REPRESENTATION('',(#15002),#15006);
#15002 = LINE('',#15003,#15004);
#15003 = CARTESIAN_POINT('',(-0.749975004999,-4.440892098501E-16));
#15004 = VECTOR('',#15005,1.);
#15005 = DIRECTION('',(1.99960011996E-02,0.99980005998));
#15006 = ( GEOMETRIC_REPRESENTATION_CONTEXT(2) 
PARAMETRIC_REPRESENTATION_CONTEXT() REPRESENTATION_CONTEXT('2D SPACE',''
  ) );
#15007 = ORIENTED_EDGE('',*,*,#15008,.F.);
#15008 = EDGE_CURVE('',#15009,#14986,#15011,.T.);
#15009 = VERTEX_POINT('',#15010);
#15010 = CARTESIAN_POINT('',(-20.,-48.,0.));
#15011 = SURFACE_CURVE('',#15012,(#15016),.PCURVE_S1.);
#15012 = LINE('',#15013,#15014);
#15013 = CARTESIAN_POINT('',(-20.,-48.,0.));
#15014 = VECTOR('',#15015,1.);
#15015 = DIRECTION('',(1.99960011996E-02,0.99980005998,0.));
#15016 = PCURVE('',#14996,#15017);
#15017 = DEFINITIONAL_REPRESENTATION('',(#15018),#15022);
#15018 = LINE('',#15019,#15020);
#15019 = CARTESIAN_POINT('',(0.250024995001,-50.));
#15020 = VECTOR('',#15021,1.);
#15021 = DIRECTION('',(-1.99960011996E-02,0.99980005998));
#15022 = ( GEOMETRIC_REPRESENTATION_CONTEXT(2) 
PARAMETRIC_REPRESENTATION_CONTEXT() REPRESENTATION_CONTEXT('2D SPACE',''
  ) );
#15023 = ORIENTED_EDGE('',*,*,#15024,.F.);
#15024 = EDGE_CURVE('',#14988,#15009,#15025,.T.);
#15025 = SURFACE_CURVE('',#15026,(#15030),.PCURVE_S1.);
#15026 = LINE('',#15027,#15028);
#15027 = CARTESIAN_POINT('',(-20.,52.,0.));
#15028 = VECTOR('',#15029,1.);
#15029 = DIRECTION('',(0.,-1.,0.));
#15030 = PCURVE('',#14996,#15031);
#15031 = DEFINITIONAL_REPRESENTATION('',(#15032),#15036);
#15032 = LINE('',#15033,#15034);
#15033 = CARTESIAN_POINT('',(0.250024995001,50.));
#15034 = VECTOR('',#15035,1.);
#15035 = DIRECTION('',(0.,-1.));
#15036 = ( GEOMETRIC_REPRESENTATION_CONTEXT(2) 
PARAMETRIC_REPRESENTATION_CONTEXT() REPRESENTATION_CONTEXT('2D SPACE',''
  ) );
#15037 = SHELL_BASED_SURFACE_MODEL('',(#15038));
#15038 = OPEN_SHELL('',(#15039));
#15039 = ADVANCED_FACE('',(#15040),#15054,.T.);
#15040 = FACE_BOUND('',#15041,.T.);
#15041 = EDGE_LOOP('',(#15042,#15065,#15081));
#15042 = ORIENTED_EDGE('',*,*,#15043,.F.);
#15043 = EDGE_CURVE('',#15044,#15046,#15048,.T.);
#15044 = VERTEX_POINT('',#15045);
#15045 = CARTESIAN_POINT('',(-18.,52.,0.));
#15046 = VERTEX_POINT('',#15047);
#15047 = CARTESIAN_POINT('',(-20.,52.,0.));
#15048 = SURFACE_CURVE('',#15049,(#15053),.PCURVE_S1.);
#15049 = LINE('',#15050,#15051);
#15050 = CARTESIAN_POINT('',(-18.,52.,0.));
#15051 = VECTOR('',#15052,1.);
#15052 = DIRECTION('',(-1.,0.,0.));
#15053 = PCURVE('',#15054,#15059);
#15054 = PLANE('',#15055);
#15055 = AXIS2_PLACEMENT_3D('',#15056,#15057,#15058);
#15056 = CARTESIAN_POINT('',(-16.06227262833,33.932557887835,0.));
#15057 = DIRECTION('',(-0.,-0.,-1.));
#15058 = DIRECTION('',(-1.,0.,0.));
#15059 = DEFINITIONAL_REPRESENTATION('',(#15060),#15064);
#15060 = LINE('',#15061,#15062);
#15061 = CARTESIAN_POINT('',(1.937727371667,18.067442112165));
#15062 = VECTOR('',#15063,1.);
#15063 = DIRECTION('',(1.,0.));
#15064 = ( GEOMETRIC_REPRESENTATION_CONTEXT(2) 
PARAMETRIC_REPRESENTATION_CONTEXT() REPRESENTATION_CONTEXT('2D SPACE',''
  ) );
#15065 = ORIENTED_EDGE('',*,*,#15066,.F.);
#15066 = EDGE_CURVE('',#15067,#15044,#15069,.T.);
#15067 = VERTEX_POINT('',#15068);
#15068 = CARTESIAN_POINT('',(-12.96399974823,14.904000282288,0.));
#15069 = SURFACE_CURVE('',#15070,(#15074),.PCURVE_S1.);
#15070 = LINE('',#15071,#15072);
#15071 = CARTESIAN_POINT('',(-12.96399974823,14.904000282288,0.));
#15072 = VECTOR('',#15073,1.);
#15073 = DIRECTION('',(-0.134521946888,0.990910614438,0.));
#15074 = PCURVE('',#15054,#15075);
#15075 = DEFINITIONAL_REPRESENTATION('',(#15076),#15080);
#15076 = LINE('',#15077,#15078);
#15077 = CARTESIAN_POINT('',(-3.098272880103,-19.02855760554));
#15078 = VECTOR('',#15079,1.);
#15079 = DIRECTION('',(0.134521946888,0.990910614438));
#15080 = ( GEOMETRIC_REPRESENTATION_CONTEXT(2) 
PARAMETRIC_REPRESENTATION_CONTEXT() REPRESENTATION_CONTEXT('2D SPACE',''
  ) );
#15081 = ORIENTED_EDGE('',*,*,#15082,.F.);
#15082 = EDGE_CURVE('',#15046,#15067,#15083,.T.);
#15083 = SURFACE_CURVE('',#15084,(#15088),.PCURVE_S1.);
#15084 = LINE('',#15085,#15086);
#15085 = CARTESIAN_POINT('',(-20.,52.,0.));
#15086 = VECTOR('',#15087,1.);
#15087 = DIRECTION('',(0.186347763962,-0.982483847636,0.));
#15088 = PCURVE('',#15054,#15089);
#15089 = DEFINITIONAL_REPRESENTATION('',(#15090),#15094);
#15090 = LINE('',#15091,#15092);
#15091 = CARTESIAN_POINT('',(3.937727371667,18.067442112165));
#15092 = VECTOR('',#15093,1.);
#15093 = DIRECTION('',(-0.186347763962,-0.982483847636));
#15094 = ( GEOMETRIC_REPRESENTATION_CONTEXT(2) 
PARAMETRIC_REPRESENTATION_CONTEXT() REPRESENTATION_CONTEXT('2D SPACE',''
  ) );
#15095 = ( GEOMETRIC_REPRESENTATION_CONTEXT(3) 
GLOBAL_UNCERTAINTY_ASSIGNED_CONTEXT((#15099)) 
GLOBAL_UNIT_ASSIGNED_CONTEXT((#15096,#15097,#15098)) 
REPRESENTATION_CONTEXT('Context #1',
  '3D Context with UNIT and UNCERTAINTY') );
#15096 = ( LENGTH_UNIT() NAMED_UNIT(*) SI_UNIT(.MILLI.,.METRE.) );
#15097 = ( NAMED_UNIT(*) PLANE_ANGLE_UNIT() SI_UNIT($,.RADIAN.) );
#15098 = ( NAMED_UNIT(*) SI_UNIT($,.STERADIAN.) SOLID_ANGLE_UNIT() );
#15099 = UNCERTAINTY_MEASURE_WITH_UNIT(LENGTH_MEASURE(1.E-07),#15096,
  'distance_accuracy_value','confusion accuracy');
#15100 = PRODUCT_RELATED_PRODUCT_CATEGORY('part',$,(#7));
#15101 = MECHANICAL_DESIGN_GEOMETRIC_PRESENTATION_REPRESENTATION('',(
    #15102,#15112,#15121,#15130,#15139,#15148,#15157,#15166,#15175,
    #15184,#15193,#15202,#15211,#15220,#15229,#15238,#15247,#15256,
    #15265,#15274,#15283,#15292,#15301,#15310,#15319,#15328,#15337,
    #15346,#15355,#15364,#15373,#15382,#15391,#15400,#15409,#15418,
    #15427,#15436,#15445,#15454,#15463,#15472,#15481,#15490,#15499,
    #15508,#15517,#15526,#15535,#15544,#15553,#15562,#15571,#15580,
    #15589,#15598,#15607,#15616,#15625,#15634,#15643,#15652,#15661,
    #15670,#15679,#15688,#15697,#15706,#15715,#15724,#15733,#15742,
    #15751,#15760,#15769,#15778,#15787,#15796,#15805,#15814,#15823,
    #15832,#15841,#15850,#15859,#15868,#15877,#15886,#15895,#15904,
    #15913,#15922,#15931,#15940,#15949,#15958,#15967,#15976,#15985,
    #15994,#16003,#16012,#16021,#16030,#16039,#16048,#16057,#16066,
    #16075,#16084,#16093,#16102,#16111,#16120,#16129,#16138,#16147,
    #16156,#16165,#16174,#16183,#16192,#16201,#16210,#16219,#16228,
    #16237,#16246,#16255,#16264,#16273,#16282,#16291,#16300,#16309,
    #16318,#16327,#16336,#16345,#16354,#16363,#16372,#16381,#16390,
    #16399,#16408,#16417,#16426,#16435,#16444,#16453,#16462,#16471,
    #16480,#16489,#16498,#16507,#16516,#16525,#16534,#16543,#16552,
    #16561,#16570,#16579,#16588,#16597,#16606,#16615,#16624,#16633,
    #16642,#16651,#16660,#16669,#16678,#16687,#16696,#16705,#16714,
    #16723,#16732,#16741,#16750,#16759,#16768,#16777,#16786,#16795,
    #16804,#16813,#16822,#16831,#16840,#16849,#16858,#16867,#16876,
    #16885,#16894,#16903,#16912,#16921,#16930,#16939,#16948,#16957,
    #16966,#16975,#16984,#16993,#17002,#17011,#17020,#17029,#17038,
    #17047,#17056,#17065,#17074,#17083,#17092,#17101,#17110,#17119,
    #17128,#17137,#17146,#17155,#17164,#17173,#17182,#17191,#17200,
    #17209,#17218,#17227,#17236,#17245,#17254,#17263,#17272,#17281,
    #17290,#17299,#17308,#17317,#17326,#17335,#17344,#17353,#17362,
    #17371,#17380,#17389,#17398,#17407,#17416,#17425,#17434),#15095);
#15102 = STYLED_ITEM('color',(#15103),#17);
#15103 = PRESENTATION_STYLE_ASSIGNMENT((#15104,#15110));
#15104 = SURFACE_STYLE_USAGE(.BOTH.,#15105);
#15105 = SURFACE_SIDE_STYLE('',(#15106));
#15106 = SURFACE_STYLE_FILL_AREA(#15107);
#15107 = FILL_AREA_STYLE('',(#15108));
#15108 = FILL_AREA_STYLE_COLOUR('',#15109);
#15109 = COLOUR_RGB('',0.678431390124,0.709803936702,0.741176476869);
#15110 = CURVE_STYLE('',#15111,POSITIVE_LENGTH_MEASURE(0.1),#15109);
#15111 = DRAUGHTING_PRE_DEFINED_CURVE_FONT('continuous');
#15112 = STYLED_ITEM('color',(#15113),#75);
#15113 = PRESENTATION_STYLE_ASSIGNMENT((#15114,#15119));
#15114 = SURFACE_STYLE_USAGE(.BOTH.,#15115);
#15115 = SURFACE_SIDE_STYLE('',(#15116));
#15116 = SURFACE_STYLE_FILL_AREA(#15117);
#15117 = FILL_AREA_STYLE('',(#15118));
#15118 = FILL_AREA_STYLE_COLOUR('',#15109);
#15119 = CURVE_STYLE('',#15120,POSITIVE_LENGTH_MEASURE(0.1),#15109);
#15120 = DRAUGHTING_PRE_DEFINED_CURVE_FONT('continuous');
#15121 = STYLED_ITEM('color',(#15122),#133);
#15122 = PRESENTATION_STYLE_ASSIGNMENT((#15123,#15128));
#15123 = SURFACE_STYLE_USAGE(.BOTH.,#15124);
#15124 = SURFACE_SIDE_STYLE('',(#15125));
#15125 = SURFACE_STYLE_FILL_AREA(#15126);
#15126 = FILL_AREA_STYLE('',(#15127));
#15127 = FILL_AREA_STYLE_COLOUR('',#15109);
#15128 = CURVE_STYLE('',#15129,POSITIVE_LENGTH_MEASURE(0.1),#15109);
#15129 = DRAUGHTING_PRE_DEFINED_CURVE_FONT('continuous');
#15130 = STYLED_ITEM('color',(#15131),#191);
#15131 = PRESENTATION_STYLE_ASSIGNMENT((#15132,#15137));
#15132 = SURFACE_STYLE_USAGE(.BOTH.,#15133);
#15133 = SURFACE_SIDE_STYLE('',(#15134));
#15134 = SURFACE_STYLE_FILL_AREA(#15135);
#15135 = FILL_AREA_STYLE('',(#15136));
#15136 = FILL_AREA_STYLE_COLOUR('',#15109);
#15137 = CURVE_STYLE('',#15138,POSITIVE_LENGTH_MEASURE(0.1),#15109);
#15138 = DRAUGHTING_PRE_DEFINED_CURVE_FONT('continuous');
#15139 = STYLED_ITEM('color',(#15140),#249);
#15140 = PRESENTATION_STYLE_ASSIGNMENT((#15141,#15146));
#15141 = SURFACE_STYLE_USAGE(.BOTH.,#15142);
#15142 = SURFACE_SIDE_STYLE('',(#15143));
#15143 = SURFACE_STYLE_FILL_AREA(#15144);
#15144 = FILL_AREA_STYLE('',(#15145));
#15145 = FILL_AREA_STYLE_COLOUR('',#15109);
#15146 = CURVE_STYLE('',#15147,POSITIVE_LENGTH_MEASURE(0.1),#15109);
#15147 = DRAUGHTING_PRE_DEFINED_CURVE_FONT('continuous');
#15148 = STYLED_ITEM('color',(#15149),#307);
#15149 = PRESENTATION_STYLE_ASSIGNMENT((#15150,#15155));
#15150 = SURFACE_STYLE_USAGE(.BOTH.,#15151);
#15151 = SURFACE_SIDE_STYLE('',(#15152));
#15152 = SURFACE_STYLE_FILL_AREA(#15153);
#15153 = FILL_AREA_STYLE('',(#15154));
#15154 = FILL_AREA_STYLE_COLOUR('',#15109);
#15155 = CURVE_STYLE('',#15156,POSITIVE_LENGTH_MEASURE(0.1),#15109);
#15156 = DRAUGHTING_PRE_DEFINED_CURVE_FONT('continuous');
#15157 = STYLED_ITEM('color',(#15158),#365);
#15158 = PRESENTATION_STYLE_ASSIGNMENT((#15159,#15164));
#15159 = SURFACE_STYLE_USAGE(.BOTH.,#15160);
#15160 = SURFACE_SIDE_STYLE('',(#15161));
#15161 = SURFACE_STYLE_FILL_AREA(#15162);
#15162 = FILL_AREA_STYLE('',(#15163));
#15163 = FILL_AREA_STYLE_COLOUR('',#15109);
#15164 = CURVE_STYLE('',#15165,POSITIVE_LENGTH_MEASURE(0.1),#15109);
#15165 = DRAUGHTING_PRE_DEFINED_CURVE_FONT('continuous');
#15166 = STYLED_ITEM('color',(#15167),#423);
#15167 = PRESENTATION_STYLE_ASSIGNMENT((#15168,#15173));
#15168 = SURFACE_STYLE_USAGE(.BOTH.,#15169);
#15169 = SURFACE_SIDE_STYLE('',(#15170));
#15170 = SURFACE_STYLE_FILL_AREA(#15171);
#15171 = FILL_AREA_STYLE('',(#15172));
#15172 = FILL_AREA_STYLE_COLOUR('',#15109);
#15173 = CURVE_STYLE('',#15174,POSITIVE_LENGTH_MEASURE(0.1),#15109);
#15174 = DRAUGHTING_PRE_DEFINED_CURVE_FONT('continuous');
#15175 = STYLED_ITEM('color',(#15176),#481);
#15176 = PRESENTATION_STYLE_ASSIGNMENT((#15177,#15182));
#15177 = SURFACE_STYLE_USAGE(.BOTH.,#15178);
#15178 = SURFACE_SIDE_STYLE('',(#15179));
#15179 = SURFACE_STYLE_FILL_AREA(#15180);
#15180 = FILL_AREA_STYLE('',(#15181));
#15181 = FILL_AREA_STYLE_COLOUR('',#15109);
#15182 = CURVE_STYLE('',#15183,POSITIVE_LENGTH_MEASURE(0.1),#15109);
#15183 = DRAUGHTING_PRE_DEFINED_CURVE_FONT('continuous');
#15184 = STYLED_ITEM('color',(#15185),#539);
#15185 = PRESENTATION_STYLE_ASSIGNMENT((#15186,#15191));
#15186 = SURFACE_STYLE_USAGE(.BOTH.,#15187);
#15187 = SURFACE_SIDE_STYLE('',(#15188));
#15188 = SURFACE_STYLE_FILL_AREA(#15189);
#15189 = FILL_AREA_STYLE('',(#15190));
#15190 = FILL_AREA_STYLE_COLOUR('',#15109);
#15191 = CURVE_STYLE('',#15192,POSITIVE_LENGTH_MEASURE(0.1),#15109);
#15192 = DRAUGHTING_PRE_DEFINED_CURVE_FONT('continuous');
#15193 = STYLED_ITEM('color',(#15194),#597);
#15194 = PRESENTATION_STYLE_ASSIGNMENT((#15195,#15200));
#15195 = SURFACE_STYLE_USAGE(.BOTH.,#15196);
#15196 = SURFACE_SIDE_STYLE('',(#15197));
#15197 = SURFACE_STYLE_FILL_AREA(#15198);
#15198 = FILL_AREA_STYLE('',(#15199));
#15199 = FILL_AREA_STYLE_COLOUR('',#15109);
#15200 = CURVE_STYLE('',#15201,POSITIVE_LENGTH_MEASURE(0.1),#15109);
#15201 = DRAUGHTING_PRE_DEFINED_CURVE_FONT('continuous');
#15202 = STYLED_ITEM('color',(#15203),#655);
#15203 = PRESENTATION_STYLE_ASSIGNMENT((#15204,#15209));
#15204 = SURFACE_STYLE_USAGE(.BOTH.,#15205);
#15205 = SURFACE_SIDE_STYLE('',(#15206));
#15206 = SURFACE_STYLE_FILL_AREA(#15207);
#15207 = FILL_AREA_STYLE('',(#15208));
#15208 = FILL_AREA_STYLE_COLOUR('',#15109);
#15209 = CURVE_STYLE('',#15210,POSITIVE_LENGTH_MEASURE(0.1),#15109);
#15210 = DRAUGHTING_PRE_DEFINED_CURVE_FONT('continuous');
#15211 = STYLED_ITEM('color',(#15212),#713);
#15212 = PRESENTATION_STYLE_ASSIGNMENT((#15213,#15218));
#15213 = SURFACE_STYLE_USAGE(.BOTH.,#15214);
#15214 = SURFACE_SIDE_STYLE('',(#15215));
#15215 = SURFACE_STYLE_FILL_AREA(#15216);
#15216 = FILL_AREA_STYLE('',(#15217));
#15217 = FILL_AREA_STYLE_COLOUR('',#15109);
#15218 = CURVE_STYLE('',#15219,POSITIVE_LENGTH_MEASURE(0.1),#15109);
#15219 = DRAUGHTING_PRE_DEFINED_CURVE_FONT('continuous');
#15220 = STYLED_ITEM('color',(#15221),#771);
#15221 = PRESENTATION_STYLE_ASSIGNMENT((#15222,#15227));
#15222 = SURFACE_STYLE_USAGE(.BOTH.,#15223);
#15223 = SURFACE_SIDE_STYLE('',(#15224));
#15224 = SURFACE_STYLE_FILL_AREA(#15225);
#15225 = FILL_AREA_STYLE('',(#15226));
#15226 = FILL_AREA_STYLE_COLOUR('',#15109);
#15227 = CURVE_STYLE('',#15228,POSITIVE_LENGTH_MEASURE(0.1),#15109);
#15228 = DRAUGHTING_PRE_DEFINED_CURVE_FONT('continuous');
#15229 = STYLED_ITEM('color',(#15230),#829);
#15230 = PRESENTATION_STYLE_ASSIGNMENT((#15231,#15236));
#15231 = SURFACE_STYLE_USAGE(.BOTH.,#15232);
#15232 = SURFACE_SIDE_STYLE('',(#15233));
#15233 = SURFACE_STYLE_FILL_AREA(#15234);
#15234 = FILL_AREA_STYLE('',(#15235));
#15235 = FILL_AREA_STYLE_COLOUR('',#15109);
#15236 = CURVE_STYLE('',#15237,POSITIVE_LENGTH_MEASURE(0.1),#15109);
#15237 = DRAUGHTING_PRE_DEFINED_CURVE_FONT('continuous');
#15238 = STYLED_ITEM('color',(#15239),#887);
#15239 = PRESENTATION_STYLE_ASSIGNMENT((#15240,#15245));
#15240 = SURFACE_STYLE_USAGE(.BOTH.,#15241);
#15241 = SURFACE_SIDE_STYLE('',(#15242));
#15242 = SURFACE_STYLE_FILL_AREA(#15243);
#15243 = FILL_AREA_STYLE('',(#15244));
#15244 = FILL_AREA_STYLE_COLOUR('',#15109);
#15245 = CURVE_STYLE('',#15246,POSITIVE_LENGTH_MEASURE(0.1),#15109);
#15246 = DRAUGHTING_PRE_DEFINED_CURVE_FONT('continuous');
#15247 = STYLED_ITEM('color',(#15248),#945);
#15248 = PRESENTATION_STYLE_ASSIGNMENT((#15249,#15254));
#15249 = SURFACE_STYLE_USAGE(.BOTH.,#15250);
#15250 = SURFACE_SIDE_STYLE('',(#15251));
#15251 = SURFACE_STYLE_FILL_AREA(#15252);
#15252 = FILL_AREA_STYLE('',(#15253));
#15253 = FILL_AREA_STYLE_COLOUR('',#15109);
#15254 = CURVE_STYLE('',#15255,POSITIVE_LENGTH_MEASURE(0.1),#15109);
#15255 = DRAUGHTING_PRE_DEFINED_CURVE_FONT('continuous');
#15256 = STYLED_ITEM('color',(#15257),#1003);
#15257 = PRESENTATION_STYLE_ASSIGNMENT((#15258,#15263));
#15258 = SURFACE_STYLE_USAGE(.BOTH.,#15259);
#15259 = SURFACE_SIDE_STYLE('',(#15260));
#15260 = SURFACE_STYLE_FILL_AREA(#15261);
#15261 = FILL_AREA_STYLE('',(#15262));
#15262 = FILL_AREA_STYLE_COLOUR('',#15109);
#15263 = CURVE_STYLE('',#15264,POSITIVE_LENGTH_MEASURE(0.1),#15109);
#15264 = DRAUGHTING_PRE_DEFINED_CURVE_FONT('continuous');
#15265 = STYLED_ITEM('color',(#15266),#1061);
#15266 = PRESENTATION_STYLE_ASSIGNMENT((#15267,#15272));
#15267 = SURFACE_STYLE_USAGE(.BOTH.,#15268);
#15268 = SURFACE_SIDE_STYLE('',(#15269));
#15269 = SURFACE_STYLE_FILL_AREA(#15270);
#15270 = FILL_AREA_STYLE('',(#15271));
#15271 = FILL_AREA_STYLE_COLOUR('',#15109);
#15272 = CURVE_STYLE('',#15273,POSITIVE_LENGTH_MEASURE(0.1),#15109);
#15273 = DRAUGHTING_PRE_DEFINED_CURVE_FONT('continuous');
#15274 = STYLED_ITEM('color',(#15275),#1119);
#15275 = PRESENTATION_STYLE_ASSIGNMENT((#15276,#15281));
#15276 = SURFACE_STYLE_USAGE(.BOTH.,#15277);
#15277 = SURFACE_SIDE_STYLE('',(#15278));
#15278 = SURFACE_STYLE_FILL_AREA(#15279);
#15279 = FILL_AREA_STYLE('',(#15280));
#15280 = FILL_AREA_STYLE_COLOUR('',#15109);
#15281 = CURVE_STYLE('',#15282,POSITIVE_LENGTH_MEASURE(0.1),#15109);
#15282 = DRAUGHTING_PRE_DEFINED_CURVE_FONT('continuous');
#15283 = STYLED_ITEM('color',(#15284),#1177);
#15284 = PRESENTATION_STYLE_ASSIGNMENT((#15285,#15290));
#15285 = SURFACE_STYLE_USAGE(.BOTH.,#15286);
#15286 = SURFACE_SIDE_STYLE('',(#15287));
#15287 = SURFACE_STYLE_FILL_AREA(#15288);
#15288 = FILL_AREA_STYLE('',(#15289));
#15289 = FILL_AREA_STYLE_COLOUR('',#15109);
#15290 = CURVE_STYLE('',#15291,POSITIVE_LENGTH_MEASURE(0.1),#15109);
#15291 = DRAUGHTING_PRE_DEFINED_CURVE_FONT('continuous');
#15292 = STYLED_ITEM('color',(#15293),#1235);
#15293 = PRESENTATION_STYLE_ASSIGNMENT((#15294,#15299));
#15294 = SURFACE_STYLE_USAGE(.BOTH.,#15295);
#15295 = SURFACE_SIDE_STYLE('',(#15296));
#15296 = SURFACE_STYLE_FILL_AREA(#15297);
#15297 = FILL_AREA_STYLE('',(#15298));
#15298 = FILL_AREA_STYLE_COLOUR('',#15109);
#15299 = CURVE_STYLE('',#15300,POSITIVE_LENGTH_MEASURE(0.1),#15109);
#15300 = DRAUGHTING_PRE_DEFINED_CURVE_FONT('continuous');
#15301 = STYLED_ITEM('color',(#15302),#1293);
#15302 = PRESENTATION_STYLE_ASSIGNMENT((#15303,#15308));
#15303 = SURFACE_STYLE_USAGE(.BOTH.,#15304);
#15304 = SURFACE_SIDE_STYLE('',(#15305));
#15305 = SURFACE_STYLE_FILL_AREA(#15306);
#15306 = FILL_AREA_STYLE('',(#15307));
#15307 = FILL_AREA_STYLE_COLOUR('',#15109);
#15308 = CURVE_STYLE('',#15309,POSITIVE_LENGTH_MEASURE(0.1),#15109);
#15309 = DRAUGHTING_PRE_DEFINED_CURVE_FONT('continuous');
#15310 = STYLED_ITEM('color',(#15311),#1351);
#15311 = PRESENTATION_STYLE_ASSIGNMENT((#15312,#15317));
#15312 = SURFACE_STYLE_USAGE(.BOTH.,#15313);
#15313 = SURFACE_SIDE_STYLE('',(#15314));
#15314 = SURFACE_STYLE_FILL_AREA(#15315);
#15315 = FILL_AREA_STYLE('',(#15316));
#15316 = FILL_AREA_STYLE_COLOUR('',#15109);
#15317 = CURVE_STYLE('',#15318,POSITIVE_LENGTH_MEASURE(0.1),#15109);
#15318 = DRAUGHTING_PRE_DEFINED_CURVE_FONT('continuous');
#15319 = STYLED_ITEM('color',(#15320),#1409);
#15320 = PRESENTATION_STYLE_ASSIGNMENT((#15321,#15326));
#15321 = SURFACE_STYLE_USAGE(.BOTH.,#15322);
#15322 = SURFACE_SIDE_STYLE('',(#15323));
#15323 = SURFACE_STYLE_FILL_AREA(#15324);
#15324 = FILL_AREA_STYLE('',(#15325));
#15325 = FILL_AREA_STYLE_COLOUR('',#15109);
#15326 = CURVE_STYLE('',#15327,POSITIVE_LENGTH_MEASURE(0.1),#15109);
#15327 = DRAUGHTING_PRE_DEFINED_CURVE_FONT('continuous');
#15328 = STYLED_ITEM('color',(#15329),#1467);
#15329 = PRESENTATION_STYLE_ASSIGNMENT((#15330,#15335));
#15330 = SURFACE_STYLE_USAGE(.BOTH.,#15331);
#15331 = SURFACE_SIDE_STYLE('',(#15332));
#15332 = SURFACE_STYLE_FILL_AREA(#15333);
#15333 = FILL_AREA_STYLE('',(#15334));
#15334 = FILL_AREA_STYLE_COLOUR('',#15109);
#15335 = CURVE_STYLE('',#15336,POSITIVE_LENGTH_MEASURE(0.1),#15109);
#15336 = DRAUGHTING_PRE_DEFINED_CURVE_FONT('continuous');
#15337 = STYLED_ITEM('color',(#15338),#1525);
#15338 = PRESENTATION_STYLE_ASSIGNMENT((#15339,#15344));
#15339 = SURFACE_STYLE_USAGE(.BOTH.,#15340);
#15340 = SURFACE_SIDE_STYLE('',(#15341));
#15341 = SURFACE_STYLE_FILL_AREA(#15342);
#15342 = FILL_AREA_STYLE('',(#15343));
#15343 = FILL_AREA_STYLE_COLOUR('',#15109);
#15344 = CURVE_STYLE('',#15345,POSITIVE_LENGTH_MEASURE(0.1),#15109);
#15345 = DRAUGHTING_PRE_DEFINED_CURVE_FONT('continuous');
#15346 = STYLED_ITEM('color',(#15347),#1583);
#15347 = PRESENTATION_STYLE_ASSIGNMENT((#15348,#15353));
#15348 = SURFACE_STYLE_USAGE(.BOTH.,#15349);
#15349 = SURFACE_SIDE_STYLE('',(#15350));
#15350 = SURFACE_STYLE_FILL_AREA(#15351);
#15351 = FILL_AREA_STYLE('',(#15352));
#15352 = FILL_AREA_STYLE_COLOUR('',#15109);
#15353 = CURVE_STYLE('',#15354,POSITIVE_LENGTH_MEASURE(0.1),#15109);
#15354 = DRAUGHTING_PRE_DEFINED_CURVE_FONT('continuous');
#15355 = STYLED_ITEM('color',(#15356),#1641);
#15356 = PRESENTATION_STYLE_ASSIGNMENT((#15357,#15362));
#15357 = SURFACE_STYLE_USAGE(.BOTH.,#15358);
#15358 = SURFACE_SIDE_STYLE('',(#15359));
#15359 = SURFACE_STYLE_FILL_AREA(#15360);
#15360 = FILL_AREA_STYLE('',(#15361));
#15361 = FILL_AREA_STYLE_COLOUR('',#15109);
#15362 = CURVE_STYLE('',#15363,POSITIVE_LENGTH_MEASURE(0.1),#15109);
#15363 = DRAUGHTING_PRE_DEFINED_CURVE_FONT('continuous');
#15364 = STYLED_ITEM('color',(#15365),#1699);
#15365 = PRESENTATION_STYLE_ASSIGNMENT((#15366,#15371));
#15366 = SURFACE_STYLE_USAGE(.BOTH.,#15367);
#15367 = SURFACE_SIDE_STYLE('',(#15368));
#15368 = SURFACE_STYLE_FILL_AREA(#15369);
#15369 = FILL_AREA_STYLE('',(#15370));
#15370 = FILL_AREA_STYLE_COLOUR('',#15109);
#15371 = CURVE_STYLE('',#15372,POSITIVE_LENGTH_MEASURE(0.1),#15109);
#15372 = DRAUGHTING_PRE_DEFINED_CURVE_FONT('continuous');
#15373 = STYLED_ITEM('color',(#15374),#1757);
#15374 = PRESENTATION_STYLE_ASSIGNMENT((#15375,#15380));
#15375 = SURFACE_STYLE_USAGE(.BOTH.,#15376);
#15376 = SURFACE_SIDE_STYLE('',(#15377));
#15377 = SURFACE_STYLE_FILL_AREA(#15378);
#15378 = FILL_AREA_STYLE('',(#15379));
#15379 = FILL_AREA_STYLE_COLOUR('',#15109);
#15380 = CURVE_STYLE('',#15381,POSITIVE_LENGTH_MEASURE(0.1),#15109);
#15381 = DRAUGHTING_PRE_DEFINED_CURVE_FONT('continuous');
#15382 = STYLED_ITEM('color',(#15383),#1815);
#15383 = PRESENTATION_STYLE_ASSIGNMENT((#15384,#15389));
#15384 = SURFACE_STYLE_USAGE(.BOTH.,#15385);
#15385 = SURFACE_SIDE_STYLE('',(#15386));
#15386 = SURFACE_STYLE_FILL_AREA(#15387);
#15387 = FILL_AREA_STYLE('',(#15388));
#15388 = FILL_AREA_STYLE_COLOUR('',#15109);
#15389 = CURVE_STYLE('',#15390,POSITIVE_LENGTH_MEASURE(0.1),#15109);
#15390 = DRAUGHTING_PRE_DEFINED_CURVE_FONT('continuous');
#15391 = STYLED_ITEM('color',(#15392),#1873);
#15392 = PRESENTATION_STYLE_ASSIGNMENT((#15393,#15398));
#15393 = SURFACE_STYLE_USAGE(.BOTH.,#15394);
#15394 = SURFACE_SIDE_STYLE('',(#15395));
#15395 = SURFACE_STYLE_FILL_AREA(#15396);
#15396 = FILL_AREA_STYLE('',(#15397));
#15397 = FILL_AREA_STYLE_COLOUR('',#15109);
#15398 = CURVE_STYLE('',#15399,POSITIVE_LENGTH_MEASURE(0.1),#15109);
#15399 = DRAUGHTING_PRE_DEFINED_CURVE_FONT('continuous');
#15400 = STYLED_ITEM('color',(#15401),#1931);
#15401 = PRESENTATION_STYLE_ASSIGNMENT((#15402,#15407));
#15402 = SURFACE_STYLE_USAGE(.BOTH.,#15403);
#15403 = SURFACE_SIDE_STYLE('',(#15404));
#15404 = SURFACE_STYLE_FILL_AREA(#15405);
#15405 = FILL_AREA_STYLE('',(#15406));
#15406 = FILL_AREA_STYLE_COLOUR('',#15109);
#15407 = CURVE_STYLE('',#15408,POSITIVE_LENGTH_MEASURE(0.1),#15109);
#15408 = DRAUGHTING_PRE_DEFINED_CURVE_FONT('continuous');
#15409 = STYLED_ITEM('color',(#15410),#1989);
#15410 = PRESENTATION_STYLE_ASSIGNMENT((#15411,#15416));
#15411 = SURFACE_STYLE_USAGE(.BOTH.,#15412);
#15412 = SURFACE_SIDE_STYLE('',(#15413));
#15413 = SURFACE_STYLE_FILL_AREA(#15414);
#15414 = FILL_AREA_STYLE('',(#15415));
#15415 = FILL_AREA_STYLE_COLOUR('',#15109);
#15416 = CURVE_STYLE('',#15417,POSITIVE_LENGTH_MEASURE(0.1),#15109);
#15417 = DRAUGHTING_PRE_DEFINED_CURVE_FONT('continuous');
#15418 = STYLED_ITEM('color',(#15419),#2047);
#15419 = PRESENTATION_STYLE_ASSIGNMENT((#15420,#15425));
#15420 = SURFACE_STYLE_USAGE(.BOTH.,#15421);
#15421 = SURFACE_SIDE_STYLE('',(#15422));
#15422 = SURFACE_STYLE_FILL_AREA(#15423);
#15423 = FILL_AREA_STYLE('',(#15424));
#15424 = FILL_AREA_STYLE_COLOUR('',#15109);
#15425 = CURVE_STYLE('',#15426,POSITIVE_LENGTH_MEASURE(0.1),#15109);
#15426 = DRAUGHTING_PRE_DEFINED_CURVE_FONT('continuous');
#15427 = STYLED_ITEM('color',(#15428),#2105);
#15428 = PRESENTATION_STYLE_ASSIGNMENT((#15429,#15434));
#15429 = SURFACE_STYLE_USAGE(.BOTH.,#15430);
#15430 = SURFACE_SIDE_STYLE('',(#15431));
#15431 = SURFACE_STYLE_FILL_AREA(#15432);
#15432 = FILL_AREA_STYLE('',(#15433));
#15433 = FILL_AREA_STYLE_COLOUR('',#15109);
#15434 = CURVE_STYLE('',#15435,POSITIVE_LENGTH_MEASURE(0.1),#15109);
#15435 = DRAUGHTING_PRE_DEFINED_CURVE_FONT('continuous');
#15436 = STYLED_ITEM('color',(#15437),#2163);
#15437 = PRESENTATION_STYLE_ASSIGNMENT((#15438,#15443));
#15438 = SURFACE_STYLE_USAGE(.BOTH.,#15439);
#15439 = SURFACE_SIDE_STYLE('',(#15440));
#15440 = SURFACE_STYLE_FILL_AREA(#15441);
#15441 = FILL_AREA_STYLE('',(#15442));
#15442 = FILL_AREA_STYLE_COLOUR('',#15109);
#15443 = CURVE_STYLE('',#15444,POSITIVE_LENGTH_MEASURE(0.1),#15109);
#15444 = DRAUGHTING_PRE_DEFINED_CURVE_FONT('continuous');
#15445 = STYLED_ITEM('color',(#15446),#2221);
#15446 = PRESENTATION_STYLE_ASSIGNMENT((#15447,#15452));
#15447 = SURFACE_STYLE_USAGE(.BOTH.,#15448);
#15448 = SURFACE_SIDE_STYLE('',(#15449));
#15449 = SURFACE_STYLE_FILL_AREA(#15450);
#15450 = FILL_AREA_STYLE('',(#15451));
#15451 = FILL_AREA_STYLE_COLOUR('',#15109);
#15452 = CURVE_STYLE('',#15453,POSITIVE_LENGTH_MEASURE(0.1),#15109);
#15453 = DRAUGHTING_PRE_DEFINED_CURVE_FONT('continuous');
#15454 = STYLED_ITEM('color',(#15455),#2279);
#15455 = PRESENTATION_STYLE_ASSIGNMENT((#15456,#15461));
#15456 = SURFACE_STYLE_USAGE(.BOTH.,#15457);
#15457 = SURFACE_SIDE_STYLE('',(#15458));
#15458 = SURFACE_STYLE_FILL_AREA(#15459);
#15459 = FILL_AREA_STYLE('',(#15460));
#15460 = FILL_AREA_STYLE_COLOUR('',#15109);
#15461 = CURVE_STYLE('',#15462,POSITIVE_LENGTH_MEASURE(0.1),#15109);
#15462 = DRAUGHTING_PRE_DEFINED_CURVE_FONT('continuous');
#15463 = STYLED_ITEM('color',(#15464),#2337);
#15464 = PRESENTATION_STYLE_ASSIGNMENT((#15465,#15470));
#15465 = SURFACE_STYLE_USAGE(.BOTH.,#15466);
#15466 = SURFACE_SIDE_STYLE('',(#15467));
#15467 = SURFACE_STYLE_FILL_AREA(#15468);
#15468 = FILL_AREA_STYLE('',(#15469));
#15469 = FILL_AREA_STYLE_COLOUR('',#15109);
#15470 = CURVE_STYLE('',#15471,POSITIVE_LENGTH_MEASURE(0.1),#15109);
#15471 = DRAUGHTING_PRE_DEFINED_CURVE_FONT('continuous');
#15472 = STYLED_ITEM('color',(#15473),#2395);
#15473 = PRESENTATION_STYLE_ASSIGNMENT((#15474,#15479));
#15474 = SURFACE_STYLE_USAGE(.BOTH.,#15475);
#15475 = SURFACE_SIDE_STYLE('',(#15476));
#15476 = SURFACE_STYLE_FILL_AREA(#15477);
#15477 = FILL_AREA_STYLE('',(#15478));
#15478 = FILL_AREA_STYLE_COLOUR('',#15109);
#15479 = CURVE_STYLE('',#15480,POSITIVE_LENGTH_MEASURE(0.1),#15109);
#15480 = DRAUGHTING_PRE_DEFINED_CURVE_FONT('continuous');
#15481 = STYLED_ITEM('color',(#15482),#2453);
#15482 = PRESENTATION_STYLE_ASSIGNMENT((#15483,#15488));
#15483 = SURFACE_STYLE_USAGE(.BOTH.,#15484);
#15484 = SURFACE_SIDE_STYLE('',(#15485));
#15485 = SURFACE_STYLE_FILL_AREA(#15486);
#15486 = FILL_AREA_STYLE('',(#15487));
#15487 = FILL_AREA_STYLE_COLOUR('',#15109);
#15488 = CURVE_STYLE('',#15489,POSITIVE_LENGTH_MEASURE(0.1),#15109);
#15489 = DRAUGHTING_PRE_DEFINED_CURVE_FONT('continuous');
#15490 = STYLED_ITEM('color',(#15491),#2511);
#15491 = PRESENTATION_STYLE_ASSIGNMENT((#15492,#15497));
#15492 = SURFACE_STYLE_USAGE(.BOTH.,#15493);
#15493 = SURFACE_SIDE_STYLE('',(#15494));
#15494 = SURFACE_STYLE_FILL_AREA(#15495);
#15495 = FILL_AREA_STYLE('',(#15496));
#15496 = FILL_AREA_STYLE_COLOUR('',#15109);
#15497 = CURVE_STYLE('',#15498,POSITIVE_LENGTH_MEASURE(0.1),#15109);
#15498 = DRAUGHTING_PRE_DEFINED_CURVE_FONT('continuous');
#15499 = STYLED_ITEM('color',(#15500),#2569);
#15500 = PRESENTATION_STYLE_ASSIGNMENT((#15501,#15506));
#15501 = SURFACE_STYLE_USAGE(.BOTH.,#15502);
#15502 = SURFACE_SIDE_STYLE('',(#15503));
#15503 = SURFACE_STYLE_FILL_AREA(#15504);
#15504 = FILL_AREA_STYLE('',(#15505));
#15505 = FILL_AREA_STYLE_COLOUR('',#15109);
#15506 = CURVE_STYLE('',#15507,POSITIVE_LENGTH_MEASURE(0.1),#15109);
#15507 = DRAUGHTING_PRE_DEFINED_CURVE_FONT('continuous');
#15508 = STYLED_ITEM('color',(#15509),#2627);
#15509 = PRESENTATION_STYLE_ASSIGNMENT((#15510,#15515));
#15510 = SURFACE_STYLE_USAGE(.BOTH.,#15511);
#15511 = SURFACE_SIDE_STYLE('',(#15512));
#15512 = SURFACE_STYLE_FILL_AREA(#15513);
#15513 = FILL_AREA_STYLE('',(#15514));
#15514 = FILL_AREA_STYLE_COLOUR('',#15109);
#15515 = CURVE_STYLE('',#15516,POSITIVE_LENGTH_MEASURE(0.1),#15109);
#15516 = DRAUGHTING_PRE_DEFINED_CURVE_FONT('continuous');
#15517 = STYLED_ITEM('color',(#15518),#2685);
#15518 = PRESENTATION_STYLE_ASSIGNMENT((#15519,#15524));
#15519 = SURFACE_STYLE_USAGE(.BOTH.,#15520);
#15520 = SURFACE_SIDE_STYLE('',(#15521));
#15521 = SURFACE_STYLE_FILL_AREA(#15522);
#15522 = FILL_AREA_STYLE('',(#15523));
#15523 = FILL_AREA_STYLE_COLOUR('',#15109);
#15524 = CURVE_STYLE('',#15525,POSITIVE_LENGTH_MEASURE(0.1),#15109);
#15525 = DRAUGHTING_PRE_DEFINED_CURVE_FONT('continuous');
#15526 = STYLED_ITEM('color',(#15527),#2743);
#15527 = PRESENTATION_STYLE_ASSIGNMENT((#15528,#15533));
#15528 = SURFACE_STYLE_USAGE(.BOTH.,#15529);
#15529 = SURFACE_SIDE_STYLE('',(#15530));
#15530 = SURFACE_STYLE_FILL_AREA(#15531);
#15531 = FILL_AREA_STYLE('',(#15532));
#15532 = FILL_AREA_STYLE_COLOUR('',#15109);
#15533 = CURVE_STYLE('',#15534,POSITIVE_LENGTH_MEASURE(0.1),#15109);
#15534 = DRAUGHTING_PRE_DEFINED_CURVE_FONT('continuous');
#15535 = STYLED_ITEM('color',(#15536),#2801);
#15536 = PRESENTATION_STYLE_ASSIGNMENT((#15537,#15542));
#15537 = SURFACE_STYLE_USAGE(.BOTH.,#15538);
#15538 = SURFACE_SIDE_STYLE('',(#15539));
#15539 = SURFACE_STYLE_FILL_AREA(#15540);
#15540 = FILL_AREA_STYLE('',(#15541));
#15541 = FILL_AREA_STYLE_COLOUR('',#15109);
#15542 = CURVE_STYLE('',#15543,POSITIVE_LENGTH_MEASURE(0.1),#15109);
#15543 = DRAUGHTING_PRE_DEFINED_CURVE_FONT('continuous');
#15544 = STYLED_ITEM('color',(#15545),#2859);
#15545 = PRESENTATION_STYLE_ASSIGNMENT((#15546,#15551));
#15546 = SURFACE_STYLE_USAGE(.BOTH.,#15547);
#15547 = SURFACE_SIDE_STYLE('',(#15548));
#15548 = SURFACE_STYLE_FILL_AREA(#15549);
#15549 = FILL_AREA_STYLE('',(#15550));
#15550 = FILL_AREA_STYLE_COLOUR('',#15109);
#15551 = CURVE_STYLE('',#15552,POSITIVE_LENGTH_MEASURE(0.1),#15109);
#15552 = DRAUGHTING_PRE_DEFINED_CURVE_FONT('continuous');
#15553 = STYLED_ITEM('color',(#15554),#2917);
#15554 = PRESENTATION_STYLE_ASSIGNMENT((#15555,#15560));
#15555 = SURFACE_STYLE_USAGE(.BOTH.,#15556);
#15556 = SURFACE_SIDE_STYLE('',(#15557));
#15557 = SURFACE_STYLE_FILL_AREA(#15558);
#15558 = FILL_AREA_STYLE('',(#15559));
#15559 = FILL_AREA_STYLE_COLOUR('',#15109);
#15560 = CURVE_STYLE('',#15561,POSITIVE_LENGTH_MEASURE(0.1),#15109);
#15561 = DRAUGHTING_PRE_DEFINED_CURVE_FONT('continuous');
#15562 = STYLED_ITEM('color',(#15563),#2975);
#15563 = PRESENTATION_STYLE_ASSIGNMENT((#15564,#15569));
#15564 = SURFACE_STYLE_USAGE(.BOTH.,#15565);
#15565 = SURFACE_SIDE_STYLE('',(#15566));
#15566 = SURFACE_STYLE_FILL_AREA(#15567);
#15567 = FILL_AREA_STYLE('',(#15568));
#15568 = FILL_AREA_STYLE_COLOUR('',#15109);
#15569 = CURVE_STYLE('',#15570,POSITIVE_LENGTH_MEASURE(0.1),#15109);
#15570 = DRAUGHTING_PRE_DEFINED_CURVE_FONT('continuous');
#15571 = STYLED_ITEM('color',(#15572),#3033);
#15572 = PRESENTATION_STYLE_ASSIGNMENT((#15573,#15578));
#15573 = SURFACE_STYLE_USAGE(.BOTH.,#15574);
#15574 = SURFACE_SIDE_STYLE('',(#15575));
#15575 = SURFACE_STYLE_FILL_AREA(#15576);
#15576 = FILL_AREA_STYLE('',(#15577));
#15577 = FILL_AREA_STYLE_COLOUR('',#15109);
#15578 = CURVE_STYLE('',#15579,POSITIVE_LENGTH_MEASURE(0.1),#15109);
#15579 = DRAUGHTING_PRE_DEFINED_CURVE_FONT('continuous');
#15580 = STYLED_ITEM('color',(#15581),#3091);
#15581 = PRESENTATION_STYLE_ASSIGNMENT((#15582,#15587));
#15582 = SURFACE_STYLE_USAGE(.BOTH.,#15583);
#15583 = SURFACE_SIDE_STYLE('',(#15584));
#15584 = SURFACE_STYLE_FILL_AREA(#15585);
#15585 = FILL_AREA_STYLE('',(#15586));
#15586 = FILL_AREA_STYLE_COLOUR('',#15109);
#15587 = CURVE_STYLE('',#15588,POSITIVE_LENGTH_MEASURE(0.1),#15109);
#15588 = DRAUGHTING_PRE_DEFINED_CURVE_FONT('continuous');
#15589 = STYLED_ITEM('color',(#15590),#3149);
#15590 = PRESENTATION_STYLE_ASSIGNMENT((#15591,#15596));
#15591 = SURFACE_STYLE_USAGE(.BOTH.,#15592);
#15592 = SURFACE_SIDE_STYLE('',(#15593));
#15593 = SURFACE_STYLE_FILL_AREA(#15594);
#15594 = FILL_AREA_STYLE('',(#15595));
#15595 = FILL_AREA_STYLE_COLOUR('',#15109);
#15596 = CURVE_STYLE('',#15597,POSITIVE_LENGTH_MEASURE(0.1),#15109);
#15597 = DRAUGHTING_PRE_DEFINED_CURVE_FONT('continuous');
#15598 = STYLED_ITEM('color',(#15599),#3207);
#15599 = PRESENTATION_STYLE_ASSIGNMENT((#15600,#15605));
#15600 = SURFACE_STYLE_USAGE(.BOTH.,#15601);
#15601 = SURFACE_SIDE_STYLE('',(#15602));
#15602 = SURFACE_STYLE_FILL_AREA(#15603);
#15603 = FILL_AREA_STYLE('',(#15604));
#15604 = FILL_AREA_STYLE_COLOUR('',#15109);
#15605 = CURVE_STYLE('',#15606,POSITIVE_LENGTH_MEASURE(0.1),#15109);
#15606 = DRAUGHTING_PRE_DEFINED_CURVE_FONT('continuous');
#15607 = STYLED_ITEM('color',(#15608),#3265);
#15608 = PRESENTATION_STYLE_ASSIGNMENT((#15609,#15614));
#15609 = SURFACE_STYLE_USAGE(.BOTH.,#15610);
#15610 = SURFACE_SIDE_STYLE('',(#15611));
#15611 = SURFACE_STYLE_FILL_AREA(#15612);
#15612 = FILL_AREA_STYLE('',(#15613));
#15613 = FILL_AREA_STYLE_COLOUR('',#15109);
#15614 = CURVE_STYLE('',#15615,POSITIVE_LENGTH_MEASURE(0.1),#15109);
#15615 = DRAUGHTING_PRE_DEFINED_CURVE_FONT('continuous');
#15616 = STYLED_ITEM('color',(#15617),#3323);
#15617 = PRESENTATION_STYLE_ASSIGNMENT((#15618,#15623));
#15618 = SURFACE_STYLE_USAGE(.BOTH.,#15619);
#15619 = SURFACE_SIDE_STYLE('',(#15620));
#15620 = SURFACE_STYLE_FILL_AREA(#15621);
#15621 = FILL_AREA_STYLE('',(#15622));
#15622 = FILL_AREA_STYLE_COLOUR('',#15109);
#15623 = CURVE_STYLE('',#15624,POSITIVE_LENGTH_MEASURE(0.1),#15109);
#15624 = DRAUGHTING_PRE_DEFINED_CURVE_FONT('continuous');
#15625 = STYLED_ITEM('color',(#15626),#3381);
#15626 = PRESENTATION_STYLE_ASSIGNMENT((#15627,#15632));
#15627 = SURFACE_STYLE_USAGE(.BOTH.,#15628);
#15628 = SURFACE_SIDE_STYLE('',(#15629));
#15629 = SURFACE_STYLE_FILL_AREA(#15630);
#15630 = FILL_AREA_STYLE('',(#15631));
#15631 = FILL_AREA_STYLE_COLOUR('',#15109);
#15632 = CURVE_STYLE('',#15633,POSITIVE_LENGTH_MEASURE(0.1),#15109);
#15633 = DRAUGHTING_PRE_DEFINED_CURVE_FONT('continuous');
#15634 = STYLED_ITEM('color',(#15635),#3439);
#15635 = PRESENTATION_STYLE_ASSIGNMENT((#15636,#15641));
#15636 = SURFACE_STYLE_USAGE(.BOTH.,#15637);
#15637 = SURFACE_SIDE_STYLE('',(#15638));
#15638 = SURFACE_STYLE_FILL_AREA(#15639);
#15639 = FILL_AREA_STYLE('',(#15640));
#15640 = FILL_AREA_STYLE_COLOUR('',#15109);
#15641 = CURVE_STYLE('',#15642,POSITIVE_LENGTH_MEASURE(0.1),#15109);
#15642 = DRAUGHTING_PRE_DEFINED_CURVE_FONT('continuous');
#15643 = STYLED_ITEM('color',(#15644),#3497);
#15644 = PRESENTATION_STYLE_ASSIGNMENT((#15645,#15650));
#15645 = SURFACE_STYLE_USAGE(.BOTH.,#15646);
#15646 = SURFACE_SIDE_STYLE('',(#15647));
#15647 = SURFACE_STYLE_FILL_AREA(#15648);
#15648 = FILL_AREA_STYLE('',(#15649));
#15649 = FILL_AREA_STYLE_COLOUR('',#15109);
#15650 = CURVE_STYLE('',#15651,POSITIVE_LENGTH_MEASURE(0.1),#15109);
#15651 = DRAUGHTING_PRE_DEFINED_CURVE_FONT('continuous');
#15652 = STYLED_ITEM('color',(#15653),#3555);
#15653 = PRESENTATION_STYLE_ASSIGNMENT((#15654,#15659));
#15654 = SURFACE_STYLE_USAGE(.BOTH.,#15655);
#15655 = SURFACE_SIDE_STYLE('',(#15656));
#15656 = SURFACE_STYLE_FILL_AREA(#15657);
#15657 = FILL_AREA_STYLE('',(#15658));
#15658 = FILL_AREA_STYLE_COLOUR('',#15109);
#15659 = CURVE_STYLE('',#15660,POSITIVE_LENGTH_MEASURE(0.1),#15109);
#15660 = DRAUGHTING_PRE_DEFINED_CURVE_FONT('continuous');
#15661 = STYLED_ITEM('color',(#15662),#3613);
#15662 = PRESENTATION_STYLE_ASSIGNMENT((#15663,#15668));
#15663 = SURFACE_STYLE_USAGE(.BOTH.,#15664);
#15664 = SURFACE_SIDE_STYLE('',(#15665));
#15665 = SURFACE_STYLE_FILL_AREA(#15666);
#15666 = FILL_AREA_STYLE('',(#15667));
#15667 = FILL_AREA_STYLE_COLOUR('',#15109);
#15668 = CURVE_STYLE('',#15669,POSITIVE_LENGTH_MEASURE(0.1),#15109);
#15669 = DRAUGHTING_PRE_DEFINED_CURVE_FONT('continuous');
#15670 = STYLED_ITEM('color',(#15671),#3671);
#15671 = PRESENTATION_STYLE_ASSIGNMENT((#15672,#15677));
#15672 = SURFACE_STYLE_USAGE(.BOTH.,#15673);
#15673 = SURFACE_SIDE_STYLE('',(#15674));
#15674 = SURFACE_STYLE_FILL_AREA(#15675);
#15675 = FILL_AREA_STYLE('',(#15676));
#15676 = FILL_AREA_STYLE_COLOUR('',#15109);
#15677 = CURVE_STYLE('',#15678,POSITIVE_LENGTH_MEASURE(0.1),#15109);
#15678 = DRAUGHTING_PRE_DEFINED_CURVE_FONT('continuous');
#15679 = STYLED_ITEM('color',(#15680),#3729);
#15680 = PRESENTATION_STYLE_ASSIGNMENT((#15681,#15686));
#15681 = SURFACE_STYLE_USAGE(.BOTH.,#15682);
#15682 = SURFACE_SIDE_STYLE('',(#15683));
#15683 = SURFACE_STYLE_FILL_AREA(#15684);
#15684 = FILL_AREA_STYLE('',(#15685));
#15685 = FILL_AREA_STYLE_COLOUR('',#15109);
#15686 = CURVE_STYLE('',#15687,POSITIVE_LENGTH_MEASURE(0.1),#15109);
#15687 = DRAUGHTING_PRE_DEFINED_CURVE_FONT('continuous');
#15688 = STYLED_ITEM('color',(#15689),#3787);
#15689 = PRESENTATION_STYLE_ASSIGNMENT((#15690,#15695));
#15690 = SURFACE_STYLE_USAGE(.BOTH.,#15691);
#15691 = SURFACE_SIDE_STYLE('',(#15692));
#15692 = SURFACE_STYLE_FILL_AREA(#15693);
#15693 = FILL_AREA_STYLE('',(#15694));
#15694 = FILL_AREA_STYLE_COLOUR('',#15109);
#15695 = CURVE_STYLE('',#15696,POSITIVE_LENGTH_MEASURE(0.1),#15109);
#15696 = DRAUGHTING_PRE_DEFINED_CURVE_FONT('continuous');
#15697 = STYLED_ITEM('color',(#15698),#3845);
#15698 = PRESENTATION_STYLE_ASSIGNMENT((#15699,#15704));
#15699 = SURFACE_STYLE_USAGE(.BOTH.,#15700);
#15700 = SURFACE_SIDE_STYLE('',(#15701));
#15701 = SURFACE_STYLE_FILL_AREA(#15702);
#15702 = FILL_AREA_STYLE('',(#15703));
#15703 = FILL_AREA_STYLE_COLOUR('',#15109);
#15704 = CURVE_STYLE('',#15705,POSITIVE_LENGTH_MEASURE(0.1),#15109);
#15705 = DRAUGHTING_PRE_DEFINED_CURVE_FONT('continuous');
#15706 = STYLED_ITEM('color',(#15707),#3903);
#15707 = PRESENTATION_STYLE_ASSIGNMENT((#15708,#15713));
#15708 = SURFACE_STYLE_USAGE(.BOTH.,#15709);
#15709 = SURFACE_SIDE_STYLE('',(#15710));
#15710 = SURFACE_STYLE_FILL_AREA(#15711);
#15711 = FILL_AREA_STYLE('',(#15712));
#15712 = FILL_AREA_STYLE_COLOUR('',#15109);
#15713 = CURVE_STYLE('',#15714,POSITIVE_LENGTH_MEASURE(0.1),#15109);
#15714 = DRAUGHTING_PRE_DEFINED_CURVE_FONT('continuous');
#15715 = STYLED_ITEM('color',(#15716),#3961);
#15716 = PRESENTATION_STYLE_ASSIGNMENT((#15717,#15722));
#15717 = SURFACE_STYLE_USAGE(.BOTH.,#15718);
#15718 = SURFACE_SIDE_STYLE('',(#15719));
#15719 = SURFACE_STYLE_FILL_AREA(#15720);
#15720 = FILL_AREA_STYLE('',(#15721));
#15721 = FILL_AREA_STYLE_COLOUR('',#15109);
#15722 = CURVE_STYLE('',#15723,POSITIVE_LENGTH_MEASURE(0.1),#15109);
#15723 = DRAUGHTING_PRE_DEFINED_CURVE_FONT('continuous');
#15724 = STYLED_ITEM('color',(#15725),#4019);
#15725 = PRESENTATION_STYLE_ASSIGNMENT((#15726,#15731));
#15726 = SURFACE_STYLE_USAGE(.BOTH.,#15727);
#15727 = SURFACE_SIDE_STYLE('',(#15728));
#15728 = SURFACE_STYLE_FILL_AREA(#15729);
#15729 = FILL_AREA_STYLE('',(#15730));
#15730 = FILL_AREA_STYLE_COLOUR('',#15109);
#15731 = CURVE_STYLE('',#15732,POSITIVE_LENGTH_MEASURE(0.1),#15109);
#15732 = DRAUGHTING_PRE_DEFINED_CURVE_FONT('continuous');
#15733 = STYLED_ITEM('color',(#15734),#4077);
#15734 = PRESENTATION_STYLE_ASSIGNMENT((#15735,#15740));
#15735 = SURFACE_STYLE_USAGE(.BOTH.,#15736);
#15736 = SURFACE_SIDE_STYLE('',(#15737));
#15737 = SURFACE_STYLE_FILL_AREA(#15738);
#15738 = FILL_AREA_STYLE('',(#15739));
#15739 = FILL_AREA_STYLE_COLOUR('',#15109);
#15740 = CURVE_STYLE('',#15741,POSITIVE_LENGTH_MEASURE(0.1),#15109);
#15741 = DRAUGHTING_PRE_DEFINED_CURVE_FONT('continuous');
#15742 = STYLED_ITEM('color',(#15743),#4135);
#15743 = PRESENTATION_STYLE_ASSIGNMENT((#15744,#15749));
#15744 = SURFACE_STYLE_USAGE(.BOTH.,#15745);
#15745 = SURFACE_SIDE_STYLE('',(#15746));
#15746 = SURFACE_STYLE_FILL_AREA(#15747);
#15747 = FILL_AREA_STYLE('',(#15748));
#15748 = FILL_AREA_STYLE_COLOUR('',#15109);
#15749 = CURVE_STYLE('',#15750,POSITIVE_LENGTH_MEASURE(0.1),#15109);
#15750 = DRAUGHTING_PRE_DEFINED_CURVE_FONT('continuous');
#15751 = STYLED_ITEM('color',(#15752),#4193);
#15752 = PRESENTATION_STYLE_ASSIGNMENT((#15753,#15758));
#15753 = SURFACE_STYLE_USAGE(.BOTH.,#15754);
#15754 = SURFACE_SIDE_STYLE('',(#15755));
#15755 = SURFACE_STYLE_FILL_AREA(#15756);
#15756 = FILL_AREA_STYLE('',(#15757));
#15757 = FILL_AREA_STYLE_COLOUR('',#15109);
#15758 = CURVE_STYLE('',#15759,POSITIVE_LENGTH_MEASURE(0.1),#15109);
#15759 = DRAUGHTING_PRE_DEFINED_CURVE_FONT('continuous');
#15760 = STYLED_ITEM('color',(#15761),#4251);
#15761 = PRESENTATION_STYLE_ASSIGNMENT((#15762,#15767));
#15762 = SURFACE_STYLE_USAGE(.BOTH.,#15763);
#15763 = SURFACE_SIDE_STYLE('',(#15764));
#15764 = SURFACE_STYLE_FILL_AREA(#15765);
#15765 = FILL_AREA_STYLE('',(#15766));
#15766 = FILL_AREA_STYLE_COLOUR('',#15109);
#15767 = CURVE_STYLE('',#15768,POSITIVE_LENGTH_MEASURE(0.1),#15109);
#15768 = DRAUGHTING_PRE_DEFINED_CURVE_FONT('continuous');
#15769 = STYLED_ITEM('color',(#15770),#4309);
#15770 = PRESENTATION_STYLE_ASSIGNMENT((#15771,#15776));
#15771 = SURFACE_STYLE_USAGE(.BOTH.,#15772);
#15772 = SURFACE_SIDE_STYLE('',(#15773));
#15773 = SURFACE_STYLE_FILL_AREA(#15774);
#15774 = FILL_AREA_STYLE('',(#15775));
#15775 = FILL_AREA_STYLE_COLOUR('',#15109);
#15776 = CURVE_STYLE('',#15777,POSITIVE_LENGTH_MEASURE(0.1),#15109);
#15777 = DRAUGHTING_PRE_DEFINED_CURVE_FONT('continuous');
#15778 = STYLED_ITEM('color',(#15779),#4367);
#15779 = PRESENTATION_STYLE_ASSIGNMENT((#15780,#15785));
#15780 = SURFACE_STYLE_USAGE(.BOTH.,#15781);
#15781 = SURFACE_SIDE_STYLE('',(#15782));
#15782 = SURFACE_STYLE_FILL_AREA(#15783);
#15783 = FILL_AREA_STYLE('',(#15784));
#15784 = FILL_AREA_STYLE_COLOUR('',#15109);
#15785 = CURVE_STYLE('',#15786,POSITIVE_LENGTH_MEASURE(0.1),#15109);
#15786 = DRAUGHTING_PRE_DEFINED_CURVE_FONT('continuous');
#15787 = STYLED_ITEM('color',(#15788),#4425);
#15788 = PRESENTATION_STYLE_ASSIGNMENT((#15789,#15794));
#15789 = SURFACE_STYLE_USAGE(.BOTH.,#15790);
#15790 = SURFACE_SIDE_STYLE('',(#15791));
#15791 = SURFACE_STYLE_FILL_AREA(#15792);
#15792 = FILL_AREA_STYLE('',(#15793));
#15793 = FILL_AREA_STYLE_COLOUR('',#15109);
#15794 = CURVE_STYLE('',#15795,POSITIVE_LENGTH_MEASURE(0.1),#15109);
#15795 = DRAUGHTING_PRE_DEFINED_CURVE_FONT('continuous');
#15796 = STYLED_ITEM('color',(#15797),#4483);
#15797 = PRESENTATION_STYLE_ASSIGNMENT((#15798,#15803));
#15798 = SURFACE_STYLE_USAGE(.BOTH.,#15799);
#15799 = SURFACE_SIDE_STYLE('',(#15800));
#15800 = SURFACE_STYLE_FILL_AREA(#15801);
#15801 = FILL_AREA_STYLE('',(#15802));
#15802 = FILL_AREA_STYLE_COLOUR('',#15109);
#15803 = CURVE_STYLE('',#15804,POSITIVE_LENGTH_MEASURE(0.1),#15109);
#15804 = DRAUGHTING_PRE_DEFINED_CURVE_FONT('continuous');
#15805 = STYLED_ITEM('color',(#15806),#4541);
#15806 = PRESENTATION_STYLE_ASSIGNMENT((#15807,#15812));
#15807 = SURFACE_STYLE_USAGE(.BOTH.,#15808);
#15808 = SURFACE_SIDE_STYLE('',(#15809));
#15809 = SURFACE_STYLE_FILL_AREA(#15810);
#15810 = FILL_AREA_STYLE('',(#15811));
#15811 = FILL_AREA_STYLE_COLOUR('',#15109);
#15812 = CURVE_STYLE('',#15813,POSITIVE_LENGTH_MEASURE(0.1),#15109);
#15813 = DRAUGHTING_PRE_DEFINED_CURVE_FONT('continuous');
#15814 = STYLED_ITEM('color',(#15815),#4599);
#15815 = PRESENTATION_STYLE_ASSIGNMENT((#15816,#15821));
#15816 = SURFACE_STYLE_USAGE(.BOTH.,#15817);
#15817 = SURFACE_SIDE_STYLE('',(#15818));
#15818 = SURFACE_STYLE_FILL_AREA(#15819);
#15819 = FILL_AREA_STYLE('',(#15820));
#15820 = FILL_AREA_STYLE_COLOUR('',#15109);
#15821 = CURVE_STYLE('',#15822,POSITIVE_LENGTH_MEASURE(0.1),#15109);
#15822 = DRAUGHTING_PRE_DEFINED_CURVE_FONT('continuous');
#15823 = STYLED_ITEM('color',(#15824),#4657);
#15824 = PRESENTATION_STYLE_ASSIGNMENT((#15825,#15830));
#15825 = SURFACE_STYLE_USAGE(.BOTH.,#15826);
#15826 = SURFACE_SIDE_STYLE('',(#15827));
#15827 = SURFACE_STYLE_FILL_AREA(#15828);
#15828 = FILL_AREA_STYLE('',(#15829));
#15829 = FILL_AREA_STYLE_COLOUR('',#15109);
#15830 = CURVE_STYLE('',#15831,POSITIVE_LENGTH_MEASURE(0.1),#15109);
#15831 = DRAUGHTING_PRE_DEFINED_CURVE_FONT('continuous');
#15832 = STYLED_ITEM('color',(#15833),#4715);
#15833 = PRESENTATION_STYLE_ASSIGNMENT((#15834,#15839));
#15834 = SURFACE_STYLE_USAGE(.BOTH.,#15835);
#15835 = SURFACE_SIDE_STYLE('',(#15836));
#15836 = SURFACE_STYLE_FILL_AREA(#15837);
#15837 = FILL_AREA_STYLE('',(#15838));
#15838 = FILL_AREA_STYLE_COLOUR('',#15109);
#15839 = CURVE_STYLE('',#15840,POSITIVE_LENGTH_MEASURE(0.1),#15109);
#15840 = DRAUGHTING_PRE_DEFINED_CURVE_FONT('continuous');
#15841 = STYLED_ITEM('color',(#15842),#4773);
#15842 = PRESENTATION_STYLE_ASSIGNMENT((#15843,#15848));
#15843 = SURFACE_STYLE_USAGE(.BOTH.,#15844);
#15844 = SURFACE_SIDE_STYLE('',(#15845));
#15845 = SURFACE_STYLE_FILL_AREA(#15846);
#15846 = FILL_AREA_STYLE('',(#15847));
#15847 = FILL_AREA_STYLE_COLOUR('',#15109);
#15848 = CURVE_STYLE('',#15849,POSITIVE_LENGTH_MEASURE(0.1),#15109);
#15849 = DRAUGHTING_PRE_DEFINED_CURVE_FONT('continuous');
#15850 = STYLED_ITEM('color',(#15851),#4831);
#15851 = PRESENTATION_STYLE_ASSIGNMENT((#15852,#15857));
#15852 = SURFACE_STYLE_USAGE(.BOTH.,#15853);
#15853 = SURFACE_SIDE_STYLE('',(#15854));
#15854 = SURFACE_STYLE_FILL_AREA(#15855);
#15855 = FILL_AREA_STYLE('',(#15856));
#15856 = FILL_AREA_STYLE_COLOUR('',#15109);
#15857 = CURVE_STYLE('',#15858,POSITIVE_LENGTH_MEASURE(0.1),#15109);
#15858 = DRAUGHTING_PRE_DEFINED_CURVE_FONT('continuous');
#15859 = STYLED_ITEM('color',(#15860),#4889);
#15860 = PRESENTATION_STYLE_ASSIGNMENT((#15861,#15866));
#15861 = SURFACE_STYLE_USAGE(.BOTH.,#15862);
#15862 = SURFACE_SIDE_STYLE('',(#15863));
#15863 = SURFACE_STYLE_FILL_AREA(#15864);
#15864 = FILL_AREA_STYLE('',(#15865));
#15865 = FILL_AREA_STYLE_COLOUR('',#15109);
#15866 = CURVE_STYLE('',#15867,POSITIVE_LENGTH_MEASURE(0.1),#15109);
#15867 = DRAUGHTING_PRE_DEFINED_CURVE_FONT('continuous');
#15868 = STYLED_ITEM('color',(#15869),#4947);
#15869 = PRESENTATION_STYLE_ASSIGNMENT((#15870,#15875));
#15870 = SURFACE_STYLE_USAGE(.BOTH.,#15871);
#15871 = SURFACE_SIDE_STYLE('',(#15872));
#15872 = SURFACE_STYLE_FILL_AREA(#15873);
#15873 = FILL_AREA_STYLE('',(#15874));
#15874 = FILL_AREA_STYLE_COLOUR('',#15109);
#15875 = CURVE_STYLE('',#15876,POSITIVE_LENGTH_MEASURE(0.1),#15109);
#15876 = DRAUGHTING_PRE_DEFINED_CURVE_FONT('continuous');
#15877 = STYLED_ITEM('color',(#15878),#5005);
#15878 = PRESENTATION_STYLE_ASSIGNMENT((#15879,#15884));
#15879 = SURFACE_STYLE_USAGE(.BOTH.,#15880);
#15880 = SURFACE_SIDE_STYLE('',(#15881));
#15881 = SURFACE_STYLE_FILL_AREA(#15882);
#15882 = FILL_AREA_STYLE('',(#15883));
#15883 = FILL_AREA_STYLE_COLOUR('',#15109);
#15884 = CURVE_STYLE('',#15885,POSITIVE_LENGTH_MEASURE(0.1),#15109);
#15885 = DRAUGHTING_PRE_DEFINED_CURVE_FONT('continuous');
#15886 = STYLED_ITEM('color',(#15887),#5063);
#15887 = PRESENTATION_STYLE_ASSIGNMENT((#15888,#15893));
#15888 = SURFACE_STYLE_USAGE(.BOTH.,#15889);
#15889 = SURFACE_SIDE_STYLE('',(#15890));
#15890 = SURFACE_STYLE_FILL_AREA(#15891);
#15891 = FILL_AREA_STYLE('',(#15892));
#15892 = FILL_AREA_STYLE_COLOUR('',#15109);
#15893 = CURVE_STYLE('',#15894,POSITIVE_LENGTH_MEASURE(0.1),#15109);
#15894 = DRAUGHTING_PRE_DEFINED_CURVE_FONT('continuous');
#15895 = STYLED_ITEM('color',(#15896),#5121);
#15896 = PRESENTATION_STYLE_ASSIGNMENT((#15897,#15902));
#15897 = SURFACE_STYLE_USAGE(.BOTH.,#15898);
#15898 = SURFACE_SIDE_STYLE('',(#15899));
#15899 = SURFACE_STYLE_FILL_AREA(#15900);
#15900 = FILL_AREA_STYLE('',(#15901));
#15901 = FILL_AREA_STYLE_COLOUR('',#15109);
#15902 = CURVE_STYLE('',#15903,POSITIVE_LENGTH_MEASURE(0.1),#15109);
#15903 = DRAUGHTING_PRE_DEFINED_CURVE_FONT('continuous');
#15904 = STYLED_ITEM('color',(#15905),#5179);
#15905 = PRESENTATION_STYLE_ASSIGNMENT((#15906,#15911));
#15906 = SURFACE_STYLE_USAGE(.BOTH.,#15907);
#15907 = SURFACE_SIDE_STYLE('',(#15908));
#15908 = SURFACE_STYLE_FILL_AREA(#15909);
#15909 = FILL_AREA_STYLE('',(#15910));
#15910 = FILL_AREA_STYLE_COLOUR('',#15109);
#15911 = CURVE_STYLE('',#15912,POSITIVE_LENGTH_MEASURE(0.1),#15109);
#15912 = DRAUGHTING_PRE_DEFINED_CURVE_FONT('continuous');
#15913 = STYLED_ITEM('color',(#15914),#5237);
#15914 = PRESENTATION_STYLE_ASSIGNMENT((#15915,#15920));
#15915 = SURFACE_STYLE_USAGE(.BOTH.,#15916);
#15916 = SURFACE_SIDE_STYLE('',(#15917));
#15917 = SURFACE_STYLE_FILL_AREA(#15918);
#15918 = FILL_AREA_STYLE('',(#15919));
#15919 = FILL_AREA_STYLE_COLOUR('',#15109);
#15920 = CURVE_STYLE('',#15921,POSITIVE_LENGTH_MEASURE(0.1),#15109);
#15921 = DRAUGHTING_PRE_DEFINED_CURVE_FONT('continuous');
#15922 = STYLED_ITEM('color',(#15923),#5295);
#15923 = PRESENTATION_STYLE_ASSIGNMENT((#15924,#15929));
#15924 = SURFACE_STYLE_USAGE(.BOTH.,#15925);
#15925 = SURFACE_SIDE_STYLE('',(#15926));
#15926 = SURFACE_STYLE_FILL_AREA(#15927);
#15927 = FILL_AREA_STYLE('',(#15928));
#15928 = FILL_AREA_STYLE_COLOUR('',#15109);
#15929 = CURVE_STYLE('',#15930,POSITIVE_LENGTH_MEASURE(0.1),#15109);
#15930 = DRAUGHTING_PRE_DEFINED_CURVE_FONT('continuous');
#15931 = STYLED_ITEM('color',(#15932),#5353);
#15932 = PRESENTATION_STYLE_ASSIGNMENT((#15933,#15938));
#15933 = SURFACE_STYLE_USAGE(.BOTH.,#15934);
#15934 = SURFACE_SIDE_STYLE('',(#15935));
#15935 = SURFACE_STYLE_FILL_AREA(#15936);
#15936 = FILL_AREA_STYLE('',(#15937));
#15937 = FILL_AREA_STYLE_COLOUR('',#15109);
#15938 = CURVE_STYLE('',#15939,POSITIVE_LENGTH_MEASURE(0.1),#15109);
#15939 = DRAUGHTING_PRE_DEFINED_CURVE_FONT('continuous');
#15940 = STYLED_ITEM('color',(#15941),#5411);
#15941 = PRESENTATION_STYLE_ASSIGNMENT((#15942,#15947));
#15942 = SURFACE_STYLE_USAGE(.BOTH.,#15943);
#15943 = SURFACE_SIDE_STYLE('',(#15944));
#15944 = SURFACE_STYLE_FILL_AREA(#15945);
#15945 = FILL_AREA_STYLE('',(#15946));
#15946 = FILL_AREA_STYLE_COLOUR('',#15109);
#15947 = CURVE_STYLE('',#15948,POSITIVE_LENGTH_MEASURE(0.1),#15109);
#15948 = DRAUGHTING_PRE_DEFINED_CURVE_FONT('continuous');
#15949 = STYLED_ITEM('color',(#15950),#5469);
#15950 = PRESENTATION_STYLE_ASSIGNMENT((#15951,#15956));
#15951 = SURFACE_STYLE_USAGE(.BOTH.,#15952);
#15952 = SURFACE_SIDE_STYLE('',(#15953));
#15953 = SURFACE_STYLE_FILL_AREA(#15954);
#15954 = FILL_AREA_STYLE('',(#15955));
#15955 = FILL_AREA_STYLE_COLOUR('',#15109);
#15956 = CURVE_STYLE('',#15957,POSITIVE_LENGTH_MEASURE(0.1),#15109);
#15957 = DRAUGHTING_PRE_DEFINED_CURVE_FONT('continuous');
#15958 = STYLED_ITEM('color',(#15959),#5527);
#15959 = PRESENTATION_STYLE_ASSIGNMENT((#15960,#15965));
#15960 = SURFACE_STYLE_USAGE(.BOTH.,#15961);
#15961 = SURFACE_SIDE_STYLE('',(#15962));
#15962 = SURFACE_STYLE_FILL_AREA(#15963);
#15963 = FILL_AREA_STYLE('',(#15964));
#15964 = FILL_AREA_STYLE_COLOUR('',#15109);
#15965 = CURVE_STYLE('',#15966,POSITIVE_LENGTH_MEASURE(0.1),#15109);
#15966 = DRAUGHTING_PRE_DEFINED_CURVE_FONT('continuous');
#15967 = STYLED_ITEM('color',(#15968),#5585);
#15968 = PRESENTATION_STYLE_ASSIGNMENT((#15969,#15974));
#15969 = SURFACE_STYLE_USAGE(.BOTH.,#15970);
#15970 = SURFACE_SIDE_STYLE('',(#15971));
#15971 = SURFACE_STYLE_FILL_AREA(#15972);
#15972 = FILL_AREA_STYLE('',(#15973));
#15973 = FILL_AREA_STYLE_COLOUR('',#15109);
#15974 = CURVE_STYLE('',#15975,POSITIVE_LENGTH_MEASURE(0.1),#15109);
#15975 = DRAUGHTING_PRE_DEFINED_CURVE_FONT('continuous');
#15976 = STYLED_ITEM('color',(#15977),#5643);
#15977 = PRESENTATION_STYLE_ASSIGNMENT((#15978,#15983));
#15978 = SURFACE_STYLE_USAGE(.BOTH.,#15979);
#15979 = SURFACE_SIDE_STYLE('',(#15980));
#15980 = SURFACE_STYLE_FILL_AREA(#15981);
#15981 = FILL_AREA_STYLE('',(#15982));
#15982 = FILL_AREA_STYLE_COLOUR('',#15109);
#15983 = CURVE_STYLE('',#15984,POSITIVE_LENGTH_MEASURE(0.1),#15109);
#15984 = DRAUGHTING_PRE_DEFINED_CURVE_FONT('continuous');
#15985 = STYLED_ITEM('color',(#15986),#5701);
#15986 = PRESENTATION_STYLE_ASSIGNMENT((#15987,#15992));
#15987 = SURFACE_STYLE_USAGE(.BOTH.,#15988);
#15988 = SURFACE_SIDE_STYLE('',(#15989));
#15989 = SURFACE_STYLE_FILL_AREA(#15990);
#15990 = FILL_AREA_STYLE('',(#15991));
#15991 = FILL_AREA_STYLE_COLOUR('',#15109);
#15992 = CURVE_STYLE('',#15993,POSITIVE_LENGTH_MEASURE(0.1),#15109);
#15993 = DRAUGHTING_PRE_DEFINED_CURVE_FONT('continuous');
#15994 = STYLED_ITEM('color',(#15995),#5759);
#15995 = PRESENTATION_STYLE_ASSIGNMENT((#15996,#16001));
#15996 = SURFACE_STYLE_USAGE(.BOTH.,#15997);
#15997 = SURFACE_SIDE_STYLE('',(#15998));
#15998 = SURFACE_STYLE_FILL_AREA(#15999);
#15999 = FILL_AREA_STYLE('',(#16000));
#16000 = FILL_AREA_STYLE_COLOUR('',#15109);
#16001 = CURVE_STYLE('',#16002,POSITIVE_LENGTH_MEASURE(0.1),#15109);
#16002 = DRAUGHTING_PRE_DEFINED_CURVE_FONT('continuous');
#16003 = STYLED_ITEM('color',(#16004),#5817);
#16004 = PRESENTATION_STYLE_ASSIGNMENT((#16005,#16010));
#16005 = SURFACE_STYLE_USAGE(.BOTH.,#16006);
#16006 = SURFACE_SIDE_STYLE('',(#16007));
#16007 = SURFACE_STYLE_FILL_AREA(#16008);
#16008 = FILL_AREA_STYLE('',(#16009));
#16009 = FILL_AREA_STYLE_COLOUR('',#15109);
#16010 = CURVE_STYLE('',#16011,POSITIVE_LENGTH_MEASURE(0.1),#15109);
#16011 = DRAUGHTING_PRE_DEFINED_CURVE_FONT('continuous');
#16012 = STYLED_ITEM('color',(#16013),#5875);
#16013 = PRESENTATION_STYLE_ASSIGNMENT((#16014,#16019));
#16014 = SURFACE_STYLE_USAGE(.BOTH.,#16015);
#16015 = SURFACE_SIDE_STYLE('',(#16016));
#16016 = SURFACE_STYLE_FILL_AREA(#16017);
#16017 = FILL_AREA_STYLE('',(#16018));
#16018 = FILL_AREA_STYLE_COLOUR('',#15109);
#16019 = CURVE_STYLE('',#16020,POSITIVE_LENGTH_MEASURE(0.1),#15109);
#16020 = DRAUGHTING_PRE_DEFINED_CURVE_FONT('continuous');
#16021 = STYLED_ITEM('color',(#16022),#5933);
#16022 = PRESENTATION_STYLE_ASSIGNMENT((#16023,#16028));
#16023 = SURFACE_STYLE_USAGE(.BOTH.,#16024);
#16024 = SURFACE_SIDE_STYLE('',(#16025));
#16025 = SURFACE_STYLE_FILL_AREA(#16026);
#16026 = FILL_AREA_STYLE('',(#16027));
#16027 = FILL_AREA_STYLE_COLOUR('',#15109);
#16028 = CURVE_STYLE('',#16029,POSITIVE_LENGTH_MEASURE(0.1),#15109);
#16029 = DRAUGHTING_PRE_DEFINED_CURVE_FONT('continuous');
#16030 = STYLED_ITEM('color',(#16031),#5991);
#16031 = PRESENTATION_STYLE_ASSIGNMENT((#16032,#16037));
#16032 = SURFACE_STYLE_USAGE(.BOTH.,#16033);
#16033 = SURFACE_SIDE_STYLE('',(#16034));
#16034 = SURFACE_STYLE_FILL_AREA(#16035);
#16035 = FILL_AREA_STYLE('',(#16036));
#16036 = FILL_AREA_STYLE_COLOUR('',#15109);
#16037 = CURVE_STYLE('',#16038,POSITIVE_LENGTH_MEASURE(0.1),#15109);
#16038 = DRAUGHTING_PRE_DEFINED_CURVE_FONT('continuous');
#16039 = STYLED_ITEM('color',(#16040),#6049);
#16040 = PRESENTATION_STYLE_ASSIGNMENT((#16041,#16046));
#16041 = SURFACE_STYLE_USAGE(.BOTH.,#16042);
#16042 = SURFACE_SIDE_STYLE('',(#16043));
#16043 = SURFACE_STYLE_FILL_AREA(#16044);
#16044 = FILL_AREA_STYLE('',(#16045));
#16045 = FILL_AREA_STYLE_COLOUR('',#15109);
#16046 = CURVE_STYLE('',#16047,POSITIVE_LENGTH_MEASURE(0.1),#15109);
#16047 = DRAUGHTING_PRE_DEFINED_CURVE_FONT('continuous');
#16048 = STYLED_ITEM('color',(#16049),#6107);
#16049 = PRESENTATION_STYLE_ASSIGNMENT((#16050,#16055));
#16050 = SURFACE_STYLE_USAGE(.BOTH.,#16051);
#16051 = SURFACE_SIDE_STYLE('',(#16052));
#16052 = SURFACE_STYLE_FILL_AREA(#16053);
#16053 = FILL_AREA_STYLE('',(#16054));
#16054 = FILL_AREA_STYLE_COLOUR('',#15109);
#16055 = CURVE_STYLE('',#16056,POSITIVE_LENGTH_MEASURE(0.1),#15109);
#16056 = DRAUGHTING_PRE_DEFINED_CURVE_FONT('continuous');
#16057 = STYLED_ITEM('color',(#16058),#6165);
#16058 = PRESENTATION_STYLE_ASSIGNMENT((#16059,#16064));
#16059 = SURFACE_STYLE_USAGE(.BOTH.,#16060);
#16060 = SURFACE_SIDE_STYLE('',(#16061));
#16061 = SURFACE_STYLE_FILL_AREA(#16062);
#16062 = FILL_AREA_STYLE('',(#16063));
#16063 = FILL_AREA_STYLE_COLOUR('',#15109);
#16064 = CURVE_STYLE('',#16065,POSITIVE_LENGTH_MEASURE(0.1),#15109);
#16065 = DRAUGHTING_PRE_DEFINED_CURVE_FONT('continuous');
#16066 = STYLED_ITEM('color',(#16067),#6223);
#16067 = PRESENTATION_STYLE_ASSIGNMENT((#16068,#16073));
#16068 = SURFACE_STYLE_USAGE(.BOTH.,#16069);
#16069 = SURFACE_SIDE_STYLE('',(#16070));
#16070 = SURFACE_STYLE_FILL_AREA(#16071);
#16071 = FILL_AREA_STYLE('',(#16072));
#16072 = FILL_AREA_STYLE_COLOUR('',#15109);
#16073 = CURVE_STYLE('',#16074,POSITIVE_LENGTH_MEASURE(0.1),#15109);
#16074 = DRAUGHTING_PRE_DEFINED_CURVE_FONT('continuous');
#16075 = STYLED_ITEM('color',(#16076),#6281);
#16076 = PRESENTATION_STYLE_ASSIGNMENT((#16077,#16082));
#16077 = SURFACE_STYLE_USAGE(.BOTH.,#16078);
#16078 = SURFACE_SIDE_STYLE('',(#16079));
#16079 = SURFACE_STYLE_FILL_AREA(#16080);
#16080 = FILL_AREA_STYLE('',(#16081));
#16081 = FILL_AREA_STYLE_COLOUR('',#15109);
#16082 = CURVE_STYLE('',#16083,POSITIVE_LENGTH_MEASURE(0.1),#15109);
#16083 = DRAUGHTING_PRE_DEFINED_CURVE_FONT('continuous');
#16084 = STYLED_ITEM('color',(#16085),#6339);
#16085 = PRESENTATION_STYLE_ASSIGNMENT((#16086,#16091));
#16086 = SURFACE_STYLE_USAGE(.BOTH.,#16087);
#16087 = SURFACE_SIDE_STYLE('',(#16088));
#16088 = SURFACE_STYLE_FILL_AREA(#16089);
#16089 = FILL_AREA_STYLE('',(#16090));
#16090 = FILL_AREA_STYLE_COLOUR('',#15109);
#16091 = CURVE_STYLE('',#16092,POSITIVE_LENGTH_MEASURE(0.1),#15109);
#16092 = DRAUGHTING_PRE_DEFINED_CURVE_FONT('continuous');
#16093 = STYLED_ITEM('color',(#16094),#6397);
#16094 = PRESENTATION_STYLE_ASSIGNMENT((#16095,#16100));
#16095 = SURFACE_STYLE_USAGE(.BOTH.,#16096);
#16096 = SURFACE_SIDE_STYLE('',(#16097));
#16097 = SURFACE_STYLE_FILL_AREA(#16098);
#16098 = FILL_AREA_STYLE('',(#16099));
#16099 = FILL_AREA_STYLE_COLOUR('',#15109);
#16100 = CURVE_STYLE('',#16101,POSITIVE_LENGTH_MEASURE(0.1),#15109);
#16101 = DRAUGHTING_PRE_DEFINED_CURVE_FONT('continuous');
#16102 = STYLED_ITEM('color',(#16103),#6455);
#16103 = PRESENTATION_STYLE_ASSIGNMENT((#16104,#16109));
#16104 = SURFACE_STYLE_USAGE(.BOTH.,#16105);
#16105 = SURFACE_SIDE_STYLE('',(#16106));
#16106 = SURFACE_STYLE_FILL_AREA(#16107);
#16107 = FILL_AREA_STYLE('',(#16108));
#16108 = FILL_AREA_STYLE_COLOUR('',#15109);
#16109 = CURVE_STYLE('',#16110,POSITIVE_LENGTH_MEASURE(0.1),#15109);
#16110 = DRAUGHTING_PRE_DEFINED_CURVE_FONT('continuous');
#16111 = STYLED_ITEM('color',(#16112),#6513);
#16112 = PRESENTATION_STYLE_ASSIGNMENT((#16113,#16118));
#16113 = SURFACE_STYLE_USAGE(.BOTH.,#16114);
#16114 = SURFACE_SIDE_STYLE('',(#16115));
#16115 = SURFACE_STYLE_FILL_AREA(#16116);
#16116 = FILL_AREA_STYLE('',(#16117));
#16117 = FILL_AREA_STYLE_COLOUR('',#15109);
#16118 = CURVE_STYLE('',#16119,POSITIVE_LENGTH_MEASURE(0.1),#15109);
#16119 = DRAUGHTING_PRE_DEFINED_CURVE_FONT('continuous');
#16120 = STYLED_ITEM('color',(#16121),#6571);
#16121 = PRESENTATION_STYLE_ASSIGNMENT((#16122,#16127));
#16122 = SURFACE_STYLE_USAGE(.BOTH.,#16123);
#16123 = SURFACE_SIDE_STYLE('',(#16124));
#16124 = SURFACE_STYLE_FILL_AREA(#16125);
#16125 = FILL_AREA_STYLE('',(#16126));
#16126 = FILL_AREA_STYLE_COLOUR('',#15109);
#16127 = CURVE_STYLE('',#16128,POSITIVE_LENGTH_MEASURE(0.1),#15109);
#16128 = DRAUGHTING_PRE_DEFINED_CURVE_FONT('continuous');
#16129 = STYLED_ITEM('color',(#16130),#6629);
#16130 = PRESENTATION_STYLE_ASSIGNMENT((#16131,#16136));
#16131 = SURFACE_STYLE_USAGE(.BOTH.,#16132);
#16132 = SURFACE_SIDE_STYLE('',(#16133));
#16133 = SURFACE_STYLE_FILL_AREA(#16134);
#16134 = FILL_AREA_STYLE('',(#16135));
#16135 = FILL_AREA_STYLE_COLOUR('',#15109);
#16136 = CURVE_STYLE('',#16137,POSITIVE_LENGTH_MEASURE(0.1),#15109);
#16137 = DRAUGHTING_PRE_DEFINED_CURVE_FONT('continuous');
#16138 = STYLED_ITEM('color',(#16139),#6687);
#16139 = PRESENTATION_STYLE_ASSIGNMENT((#16140,#16145));
#16140 = SURFACE_STYLE_USAGE(.BOTH.,#16141);
#16141 = SURFACE_SIDE_STYLE('',(#16142));
#16142 = SURFACE_STYLE_FILL_AREA(#16143);
#16143 = FILL_AREA_STYLE('',(#16144));
#16144 = FILL_AREA_STYLE_COLOUR('',#15109);
#16145 = CURVE_STYLE('',#16146,POSITIVE_LENGTH_MEASURE(0.1),#15109);
#16146 = DRAUGHTING_PRE_DEFINED_CURVE_FONT('continuous');
#16147 = STYLED_ITEM('color',(#16148),#6745);
#16148 = PRESENTATION_STYLE_ASSIGNMENT((#16149,#16154));
#16149 = SURFACE_STYLE_USAGE(.BOTH.,#16150);
#16150 = SURFACE_SIDE_STYLE('',(#16151));
#16151 = SURFACE_STYLE_FILL_AREA(#16152);
#16152 = FILL_AREA_STYLE('',(#16153));
#16153 = FILL_AREA_STYLE_COLOUR('',#15109);
#16154 = CURVE_STYLE('',#16155,POSITIVE_LENGTH_MEASURE(0.1),#15109);
#16155 = DRAUGHTING_PRE_DEFINED_CURVE_FONT('continuous');
#16156 = STYLED_ITEM('color',(#16157),#6803);
#16157 = PRESENTATION_STYLE_ASSIGNMENT((#16158,#16163));
#16158 = SURFACE_STYLE_USAGE(.BOTH.,#16159);
#16159 = SURFACE_SIDE_STYLE('',(#16160));
#16160 = SURFACE_STYLE_FILL_AREA(#16161);
#16161 = FILL_AREA_STYLE('',(#16162));
#16162 = FILL_AREA_STYLE_COLOUR('',#15109);
#16163 = CURVE_STYLE('',#16164,POSITIVE_LENGTH_MEASURE(0.1),#15109);
#16164 = DRAUGHTING_PRE_DEFINED_CURVE_FONT('continuous');
#16165 = STYLED_ITEM('color',(#16166),#6861);
#16166 = PRESENTATION_STYLE_ASSIGNMENT((#16167,#16172));
#16167 = SURFACE_STYLE_USAGE(.BOTH.,#16168);
#16168 = SURFACE_SIDE_STYLE('',(#16169));
#16169 = SURFACE_STYLE_FILL_AREA(#16170);
#16170 = FILL_AREA_STYLE('',(#16171));
#16171 = FILL_AREA_STYLE_COLOUR('',#15109);
#16172 = CURVE_STYLE('',#16173,POSITIVE_LENGTH_MEASURE(0.1),#15109);
#16173 = DRAUGHTING_PRE_DEFINED_CURVE_FONT('continuous');
#16174 = STYLED_ITEM('color',(#16175),#6919);
#16175 = PRESENTATION_STYLE_ASSIGNMENT((#16176,#16181));
#16176 = SURFACE_STYLE_USAGE(.BOTH.,#16177);
#16177 = SURFACE_SIDE_STYLE('',(#16178));
#16178 = SURFACE_STYLE_FILL_AREA(#16179);
#16179 = FILL_AREA_STYLE('',(#16180));
#16180 = FILL_AREA_STYLE_COLOUR('',#15109);
#16181 = CURVE_STYLE('',#16182,POSITIVE_LENGTH_MEASURE(0.1),#15109);
#16182 = DRAUGHTING_PRE_DEFINED_CURVE_FONT('continuous');
#16183 = STYLED_ITEM('color',(#16184),#6977);
#16184 = PRESENTATION_STYLE_ASSIGNMENT((#16185,#16190));
#16185 = SURFACE_STYLE_USAGE(.BOTH.,#16186);
#16186 = SURFACE_SIDE_STYLE('',(#16187));
#16187 = SURFACE_STYLE_FILL_AREA(#16188);
#16188 = FILL_AREA_STYLE('',(#16189));
#16189 = FILL_AREA_STYLE_COLOUR('',#15109);
#16190 = CURVE_STYLE('',#16191,POSITIVE_LENGTH_MEASURE(0.1),#15109);
#16191 = DRAUGHTING_PRE_DEFINED_CURVE_FONT('continuous');
#16192 = STYLED_ITEM('color',(#16193),#7035);
#16193 = PRESENTATION_STYLE_ASSIGNMENT((#16194,#16199));
#16194 = SURFACE_STYLE_USAGE(.BOTH.,#16195);
#16195 = SURFACE_SIDE_STYLE('',(#16196));
#16196 = SURFACE_STYLE_FILL_AREA(#16197);
#16197 = FILL_AREA_STYLE('',(#16198));
#16198 = FILL_AREA_STYLE_COLOUR('',#15109);
#16199 = CURVE_STYLE('',#16200,POSITIVE_LENGTH_MEASURE(0.1),#15109);
#16200 = DRAUGHTING_PRE_DEFINED_CURVE_FONT('continuous');
#16201 = STYLED_ITEM('color',(#16202),#7093);
#16202 = PRESENTATION_STYLE_ASSIGNMENT((#16203,#16208));
#16203 = SURFACE_STYLE_USAGE(.BOTH.,#16204);
#16204 = SURFACE_SIDE_STYLE('',(#16205));
#16205 = SURFACE_STYLE_FILL_AREA(#16206);
#16206 = FILL_AREA_STYLE('',(#16207));
#16207 = FILL_AREA_STYLE_COLOUR('',#15109);
#16208 = CURVE_STYLE('',#16209,POSITIVE_LENGTH_MEASURE(0.1),#15109);
#16209 = DRAUGHTING_PRE_DEFINED_CURVE_FONT('continuous');
#16210 = STYLED_ITEM('color',(#16211),#7151);
#16211 = PRESENTATION_STYLE_ASSIGNMENT((#16212,#16217));
#16212 = SURFACE_STYLE_USAGE(.BOTH.,#16213);
#16213 = SURFACE_SIDE_STYLE('',(#16214));
#16214 = SURFACE_STYLE_FILL_AREA(#16215);
#16215 = FILL_AREA_STYLE('',(#16216));
#16216 = FILL_AREA_STYLE_COLOUR('',#15109);
#16217 = CURVE_STYLE('',#16218,POSITIVE_LENGTH_MEASURE(0.1),#15109);
#16218 = DRAUGHTING_PRE_DEFINED_CURVE_FONT('continuous');
#16219 = STYLED_ITEM('color',(#16220),#7209);
#16220 = PRESENTATION_STYLE_ASSIGNMENT((#16221,#16226));
#16221 = SURFACE_STYLE_USAGE(.BOTH.,#16222);
#16222 = SURFACE_SIDE_STYLE('',(#16223));
#16223 = SURFACE_STYLE_FILL_AREA(#16224);
#16224 = FILL_AREA_STYLE('',(#16225));
#16225 = FILL_AREA_STYLE_COLOUR('',#15109);
#16226 = CURVE_STYLE('',#16227,POSITIVE_LENGTH_MEASURE(0.1),#15109);
#16227 = DRAUGHTING_PRE_DEFINED_CURVE_FONT('continuous');
#16228 = STYLED_ITEM('color',(#16229),#7267);
#16229 = PRESENTATION_STYLE_ASSIGNMENT((#16230,#16235));
#16230 = SURFACE_STYLE_USAGE(.BOTH.,#16231);
#16231 = SURFACE_SIDE_STYLE('',(#16232));
#16232 = SURFACE_STYLE_FILL_AREA(#16233);
#16233 = FILL_AREA_STYLE('',(#16234));
#16234 = FILL_AREA_STYLE_COLOUR('',#15109);
#16235 = CURVE_STYLE('',#16236,POSITIVE_LENGTH_MEASURE(0.1),#15109);
#16236 = DRAUGHTING_PRE_DEFINED_CURVE_FONT('continuous');
#16237 = STYLED_ITEM('color',(#16238),#7325);
#16238 = PRESENTATION_STYLE_ASSIGNMENT((#16239,#16244));
#16239 = SURFACE_STYLE_USAGE(.BOTH.,#16240);
#16240 = SURFACE_SIDE_STYLE('',(#16241));
#16241 = SURFACE_STYLE_FILL_AREA(#16242);
#16242 = FILL_AREA_STYLE('',(#16243));
#16243 = FILL_AREA_STYLE_COLOUR('',#15109);
#16244 = CURVE_STYLE('',#16245,POSITIVE_LENGTH_MEASURE(0.1),#15109);
#16245 = DRAUGHTING_PRE_DEFINED_CURVE_FONT('continuous');
#16246 = STYLED_ITEM('color',(#16247),#7383);
#16247 = PRESENTATION_STYLE_ASSIGNMENT((#16248,#16253));
#16248 = SURFACE_STYLE_USAGE(.BOTH.,#16249);
#16249 = SURFACE_SIDE_STYLE('',(#16250));
#16250 = SURFACE_STYLE_FILL_AREA(#16251);
#16251 = FILL_AREA_STYLE('',(#16252));
#16252 = FILL_AREA_STYLE_COLOUR('',#15109);
#16253 = CURVE_STYLE('',#16254,POSITIVE_LENGTH_MEASURE(0.1),#15109);
#16254 = DRAUGHTING_PRE_DEFINED_CURVE_FONT('continuous');
#16255 = STYLED_ITEM('color',(#16256),#7441);
#16256 = PRESENTATION_STYLE_ASSIGNMENT((#16257,#16262));
#16257 = SURFACE_STYLE_USAGE(.BOTH.,#16258);
#16258 = SURFACE_SIDE_STYLE('',(#16259));
#16259 = SURFACE_STYLE_FILL_AREA(#16260);
#16260 = FILL_AREA_STYLE('',(#16261));
#16261 = FILL_AREA_STYLE_COLOUR('',#15109);
#16262 = CURVE_STYLE('',#16263,POSITIVE_LENGTH_MEASURE(0.1),#15109);
#16263 = DRAUGHTING_PRE_DEFINED_CURVE_FONT('continuous');
#16264 = STYLED_ITEM('color',(#16265),#7499);
#16265 = PRESENTATION_STYLE_ASSIGNMENT((#16266,#16271));
#16266 = SURFACE_STYLE_USAGE(.BOTH.,#16267);
#16267 = SURFACE_SIDE_STYLE('',(#16268));
#16268 = SURFACE_STYLE_FILL_AREA(#16269);
#16269 = FILL_AREA_STYLE('',(#16270));
#16270 = FILL_AREA_STYLE_COLOUR('',#15109);
#16271 = CURVE_STYLE('',#16272,POSITIVE_LENGTH_MEASURE(0.1),#15109);
#16272 = DRAUGHTING_PRE_DEFINED_CURVE_FONT('continuous');
#16273 = STYLED_ITEM('color',(#16274),#7557);
#16274 = PRESENTATION_STYLE_ASSIGNMENT((#16275,#16280));
#16275 = SURFACE_STYLE_USAGE(.BOTH.,#16276);
#16276 = SURFACE_SIDE_STYLE('',(#16277));
#16277 = SURFACE_STYLE_FILL_AREA(#16278);
#16278 = FILL_AREA_STYLE('',(#16279));
#16279 = FILL_AREA_STYLE_COLOUR('',#15109);
#16280 = CURVE_STYLE('',#16281,POSITIVE_LENGTH_MEASURE(0.1),#15109);
#16281 = DRAUGHTING_PRE_DEFINED_CURVE_FONT('continuous');
#16282 = STYLED_ITEM('color',(#16283),#7615);
#16283 = PRESENTATION_STYLE_ASSIGNMENT((#16284,#16289));
#16284 = SURFACE_STYLE_USAGE(.BOTH.,#16285);
#16285 = SURFACE_SIDE_STYLE('',(#16286));
#16286 = SURFACE_STYLE_FILL_AREA(#16287);
#16287 = FILL_AREA_STYLE('',(#16288));
#16288 = FILL_AREA_STYLE_COLOUR('',#15109);
#16289 = CURVE_STYLE('',#16290,POSITIVE_LENGTH_MEASURE(0.1),#15109);
#16290 = DRAUGHTING_PRE_DEFINED_CURVE_FONT('continuous');
#16291 = STYLED_ITEM('color',(#16292),#7673);
#16292 = PRESENTATION_STYLE_ASSIGNMENT((#16293,#16298));
#16293 = SURFACE_STYLE_USAGE(.BOTH.,#16294);
#16294 = SURFACE_SIDE_STYLE('',(#16295));
#16295 = SURFACE_STYLE_FILL_AREA(#16296);
#16296 = FILL_AREA_STYLE('',(#16297));
#16297 = FILL_AREA_STYLE_COLOUR('',#15109);
#16298 = CURVE_STYLE('',#16299,POSITIVE_LENGTH_MEASURE(0.1),#15109);
#16299 = DRAUGHTING_PRE_DEFINED_CURVE_FONT('continuous');
#16300 = STYLED_ITEM('color',(#16301),#7731);
#16301 = PRESENTATION_STYLE_ASSIGNMENT((#16302,#16307));
#16302 = SURFACE_STYLE_USAGE(.BOTH.,#16303);
#16303 = SURFACE_SIDE_STYLE('',(#16304));
#16304 = SURFACE_STYLE_FILL_AREA(#16305);
#16305 = FILL_AREA_STYLE('',(#16306));
#16306 = FILL_AREA_STYLE_COLOUR('',#15109);
#16307 = CURVE_STYLE('',#16308,POSITIVE_LENGTH_MEASURE(0.1),#15109);
#16308 = DRAUGHTING_PRE_DEFINED_CURVE_FONT('continuous');
#16309 = STYLED_ITEM('color',(#16310),#7789);
#16310 = PRESENTATION_STYLE_ASSIGNMENT((#16311,#16316));
#16311 = SURFACE_STYLE_USAGE(.BOTH.,#16312);
#16312 = SURFACE_SIDE_STYLE('',(#16313));
#16313 = SURFACE_STYLE_FILL_AREA(#16314);
#16314 = FILL_AREA_STYLE('',(#16315));
#16315 = FILL_AREA_STYLE_COLOUR('',#15109);
#16316 = CURVE_STYLE('',#16317,POSITIVE_LENGTH_MEASURE(0.1),#15109);
#16317 = DRAUGHTING_PRE_DEFINED_CURVE_FONT('continuous');
#16318 = STYLED_ITEM('color',(#16319),#7847);
#16319 = PRESENTATION_STYLE_ASSIGNMENT((#16320,#16325));
#16320 = SURFACE_STYLE_USAGE(.BOTH.,#16321);
#16321 = SURFACE_SIDE_STYLE('',(#16322));
#16322 = SURFACE_STYLE_FILL_AREA(#16323);
#16323 = FILL_AREA_STYLE('',(#16324));
#16324 = FILL_AREA_STYLE_COLOUR('',#15109);
#16325 = CURVE_STYLE('',#16326,POSITIVE_LENGTH_MEASURE(0.1),#15109);
#16326 = DRAUGHTING_PRE_DEFINED_CURVE_FONT('continuous');
#16327 = STYLED_ITEM('color',(#16328),#7905);
#16328 = PRESENTATION_STYLE_ASSIGNMENT((#16329,#16334));
#16329 = SURFACE_STYLE_USAGE(.BOTH.,#16330);
#16330 = SURFACE_SIDE_STYLE('',(#16331));
#16331 = SURFACE_STYLE_FILL_AREA(#16332);
#16332 = FILL_AREA_STYLE('',(#16333));
#16333 = FILL_AREA_STYLE_COLOUR('',#15109);
#16334 = CURVE_STYLE('',#16335,POSITIVE_LENGTH_MEASURE(0.1),#15109);
#16335 = DRAUGHTING_PRE_DEFINED_CURVE_FONT('continuous');
#16336 = STYLED_ITEM('color',(#16337),#7963);
#16337 = PRESENTATION_STYLE_ASSIGNMENT((#16338,#16343));
#16338 = SURFACE_STYLE_USAGE(.BOTH.,#16339);
#16339 = SURFACE_SIDE_STYLE('',(#16340));
#16340 = SURFACE_STYLE_FILL_AREA(#16341);
#16341 = FILL_AREA_STYLE('',(#16342));
#16342 = FILL_AREA_STYLE_COLOUR('',#15109);
#16343 = CURVE_STYLE('',#16344,POSITIVE_LENGTH_MEASURE(0.1),#15109);
#16344 = DRAUGHTING_PRE_DEFINED_CURVE_FONT('continuous');
#16345 = STYLED_ITEM('color',(#16346),#8021);
#16346 = PRESENTATION_STYLE_ASSIGNMENT((#16347,#16352));
#16347 = SURFACE_STYLE_USAGE(.BOTH.,#16348);
#16348 = SURFACE_SIDE_STYLE('',(#16349));
#16349 = SURFACE_STYLE_FILL_AREA(#16350);
#16350 = FILL_AREA_STYLE('',(#16351));
#16351 = FILL_AREA_STYLE_COLOUR('',#15109);
#16352 = CURVE_STYLE('',#16353,POSITIVE_LENGTH_MEASURE(0.1),#15109);
#16353 = DRAUGHTING_PRE_DEFINED_CURVE_FONT('continuous');
#16354 = STYLED_ITEM('color',(#16355),#8079);
#16355 = PRESENTATION_STYLE_ASSIGNMENT((#16356,#16361));
#16356 = SURFACE_STYLE_USAGE(.BOTH.,#16357);
#16357 = SURFACE_SIDE_STYLE('',(#16358));
#16358 = SURFACE_STYLE_FILL_AREA(#16359);
#16359 = FILL_AREA_STYLE('',(#16360));
#16360 = FILL_AREA_STYLE_COLOUR('',#15109);
#16361 = CURVE_STYLE('',#16362,POSITIVE_LENGTH_MEASURE(0.1),#15109);
#16362 = DRAUGHTING_PRE_DEFINED_CURVE_FONT('continuous');
#16363 = STYLED_ITEM('color',(#16364),#8137);
#16364 = PRESENTATION_STYLE_ASSIGNMENT((#16365,#16370));
#16365 = SURFACE_STYLE_USAGE(.BOTH.,#16366);
#16366 = SURFACE_SIDE_STYLE('',(#16367));
#16367 = SURFACE_STYLE_FILL_AREA(#16368);
#16368 = FILL_AREA_STYLE('',(#16369));
#16369 = FILL_AREA_STYLE_COLOUR('',#15109);
#16370 = CURVE_STYLE('',#16371,POSITIVE_LENGTH_MEASURE(0.1),#15109);
#16371 = DRAUGHTING_PRE_DEFINED_CURVE_FONT('continuous');
#16372 = STYLED_ITEM('color',(#16373),#8195);
#16373 = PRESENTATION_STYLE_ASSIGNMENT((#16374,#16379));
#16374 = SURFACE_STYLE_USAGE(.BOTH.,#16375);
#16375 = SURFACE_SIDE_STYLE('',(#16376));
#16376 = SURFACE_STYLE_FILL_AREA(#16377);
#16377 = FILL_AREA_STYLE('',(#16378));
#16378 = FILL_AREA_STYLE_COLOUR('',#15109);
#16379 = CURVE_STYLE('',#16380,POSITIVE_LENGTH_MEASURE(0.1),#15109);
#16380 = DRAUGHTING_PRE_DEFINED_CURVE_FONT('continuous');
#16381 = STYLED_ITEM('color',(#16382),#8253);
#16382 = PRESENTATION_STYLE_ASSIGNMENT((#16383,#16388));
#16383 = SURFACE_STYLE_USAGE(.BOTH.,#16384);
#16384 = SURFACE_SIDE_STYLE('',(#16385));
#16385 = SURFACE_STYLE_FILL_AREA(#16386);
#16386 = FILL_AREA_STYLE('',(#16387));
#16387 = FILL_AREA_STYLE_COLOUR('',#15109);
#16388 = CURVE_STYLE('',#16389,POSITIVE_LENGTH_MEASURE(0.1),#15109);
#16389 = DRAUGHTING_PRE_DEFINED_CURVE_FONT('continuous');
#16390 = STYLED_ITEM('color',(#16391),#8311);
#16391 = PRESENTATION_STYLE_ASSIGNMENT((#16392,#16397));
#16392 = SURFACE_STYLE_USAGE(.BOTH.,#16393);
#16393 = SURFACE_SIDE_STYLE('',(#16394));
#16394 = SURFACE_STYLE_FILL_AREA(#16395);
#16395 = FILL_AREA_STYLE('',(#16396));
#16396 = FILL_AREA_STYLE_COLOUR('',#15109);
#16397 = CURVE_STYLE('',#16398,POSITIVE_LENGTH_MEASURE(0.1),#15109);
#16398 = DRAUGHTING_PRE_DEFINED_CURVE_FONT('continuous');
#16399 = STYLED_ITEM('color',(#16400),#8369);
#16400 = PRESENTATION_STYLE_ASSIGNMENT((#16401,#16406));
#16401 = SURFACE_STYLE_USAGE(.BOTH.,#16402);
#16402 = SURFACE_SIDE_STYLE('',(#16403));
#16403 = SURFACE_STYLE_FILL_AREA(#16404);
#16404 = FILL_AREA_STYLE('',(#16405));
#16405 = FILL_AREA_STYLE_COLOUR('',#15109);
#16406 = CURVE_STYLE('',#16407,POSITIVE_LENGTH_MEASURE(0.1),#15109);
#16407 = DRAUGHTING_PRE_DEFINED_CURVE_FONT('continuous');
#16408 = STYLED_ITEM('color',(#16409),#8427);
#16409 = PRESENTATION_STYLE_ASSIGNMENT((#16410,#16415));
#16410 = SURFACE_STYLE_USAGE(.BOTH.,#16411);
#16411 = SURFACE_SIDE_STYLE('',(#16412));
#16412 = SURFACE_STYLE_FILL_AREA(#16413);
#16413 = FILL_AREA_STYLE('',(#16414));
#16414 = FILL_AREA_STYLE_COLOUR('',#15109);
#16415 = CURVE_STYLE('',#16416,POSITIVE_LENGTH_MEASURE(0.1),#15109);
#16416 = DRAUGHTING_PRE_DEFINED_CURVE_FONT('continuous');
#16417 = STYLED_ITEM('color',(#16418),#8485);
#16418 = PRESENTATION_STYLE_ASSIGNMENT((#16419,#16424));
#16419 = SURFACE_STYLE_USAGE(.BOTH.,#16420);
#16420 = SURFACE_SIDE_STYLE('',(#16421));
#16421 = SURFACE_STYLE_FILL_AREA(#16422);
#16422 = FILL_AREA_STYLE('',(#16423));
#16423 = FILL_AREA_STYLE_COLOUR('',#15109);
#16424 = CURVE_STYLE('',#16425,POSITIVE_LENGTH_MEASURE(0.1),#15109);
#16425 = DRAUGHTING_PRE_DEFINED_CURVE_FONT('continuous');
#16426 = STYLED_ITEM('color',(#16427),#8543);
#16427 = PRESENTATION_STYLE_ASSIGNMENT((#16428,#16433));
#16428 = SURFACE_STYLE_USAGE(.BOTH.,#16429);
#16429 = SURFACE_SIDE_STYLE('',(#16430));
#16430 = SURFACE_STYLE_FILL_AREA(#16431);
#16431 = FILL_AREA_STYLE('',(#16432));
#16432 = FILL_AREA_STYLE_COLOUR('',#15109);
#16433 = CURVE_STYLE('',#16434,POSITIVE_LENGTH_MEASURE(0.1),#15109);
#16434 = DRAUGHTING_PRE_DEFINED_CURVE_FONT('continuous');
#16435 = STYLED_ITEM('color',(#16436),#8601);
#16436 = PRESENTATION_STYLE_ASSIGNMENT((#16437,#16442));
#16437 = SURFACE_STYLE_USAGE(.BOTH.,#16438);
#16438 = SURFACE_SIDE_STYLE('',(#16439));
#16439 = SURFACE_STYLE_FILL_AREA(#16440);
#16440 = FILL_AREA_STYLE('',(#16441));
#16441 = FILL_AREA_STYLE_COLOUR('',#15109);
#16442 = CURVE_STYLE('',#16443,POSITIVE_LENGTH_MEASURE(0.1),#15109);
#16443 = DRAUGHTING_PRE_DEFINED_CURVE_FONT('continuous');
#16444 = STYLED_ITEM('color',(#16445),#8659);
#16445 = PRESENTATION_STYLE_ASSIGNMENT((#16446,#16451));
#16446 = SURFACE_STYLE_USAGE(.BOTH.,#16447);
#16447 = SURFACE_SIDE_STYLE('',(#16448));
#16448 = SURFACE_STYLE_FILL_AREA(#16449);
#16449 = FILL_AREA_STYLE('',(#16450));
#16450 = FILL_AREA_STYLE_COLOUR('',#15109);
#16451 = CURVE_STYLE('',#16452,POSITIVE_LENGTH_MEASURE(0.1),#15109);
#16452 = DRAUGHTING_PRE_DEFINED_CURVE_FONT('continuous');
#16453 = STYLED_ITEM('color',(#16454),#8717);
#16454 = PRESENTATION_STYLE_ASSIGNMENT((#16455,#16460));
#16455 = SURFACE_STYLE_USAGE(.BOTH.,#16456);
#16456 = SURFACE_SIDE_STYLE('',(#16457));
#16457 = SURFACE_STYLE_FILL_AREA(#16458);
#16458 = FILL_AREA_STYLE('',(#16459));
#16459 = FILL_AREA_STYLE_COLOUR('',#15109);
#16460 = CURVE_STYLE('',#16461,POSITIVE_LENGTH_MEASURE(0.1),#15109);
#16461 = DRAUGHTING_PRE_DEFINED_CURVE_FONT('continuous');
#16462 = STYLED_ITEM('color',(#16463),#8775);
#16463 = PRESENTATION_STYLE_ASSIGNMENT((#16464,#16469));
#16464 = SURFACE_STYLE_USAGE(.BOTH.,#16465);
#16465 = SURFACE_SIDE_STYLE('',(#16466));
#16466 = SURFACE_STYLE_FILL_AREA(#16467);
#16467 = FILL_AREA_STYLE('',(#16468));
#16468 = FILL_AREA_STYLE_COLOUR('',#15109);
#16469 = CURVE_STYLE('',#16470,POSITIVE_LENGTH_MEASURE(0.1),#15109);
#16470 = DRAUGHTING_PRE_DEFINED_CURVE_FONT('continuous');
#16471 = STYLED_ITEM('color',(#16472),#8833);
#16472 = PRESENTATION_STYLE_ASSIGNMENT((#16473,#16478));
#16473 = SURFACE_STYLE_USAGE(.BOTH.,#16474);
#16474 = SURFACE_SIDE_STYLE('',(#16475));
#16475 = SURFACE_STYLE_FILL_AREA(#16476);
#16476 = FILL_AREA_STYLE('',(#16477));
#16477 = FILL_AREA_STYLE_COLOUR('',#15109);
#16478 = CURVE_STYLE('',#16479,POSITIVE_LENGTH_MEASURE(0.1),#15109);
#16479 = DRAUGHTING_PRE_DEFINED_CURVE_FONT('continuous');
#16480 = STYLED_ITEM('color',(#16481),#8891);
#16481 = PRESENTATION_STYLE_ASSIGNMENT((#16482,#16487));
#16482 = SURFACE_STYLE_USAGE(.BOTH.,#16483);
#16483 = SURFACE_SIDE_STYLE('',(#16484));
#16484 = SURFACE_STYLE_FILL_AREA(#16485);
#16485 = FILL_AREA_STYLE('',(#16486));
#16486 = FILL_AREA_STYLE_COLOUR('',#15109);
#16487 = CURVE_STYLE('',#16488,POSITIVE_LENGTH_MEASURE(0.1),#15109);
#16488 = DRAUGHTING_PRE_DEFINED_CURVE_FONT('continuous');
#16489 = STYLED_ITEM('color',(#16490),#8949);
#16490 = PRESENTATION_STYLE_ASSIGNMENT((#16491,#16496));
#16491 = SURFACE_STYLE_USAGE(.BOTH.,#16492);
#16492 = SURFACE_SIDE_STYLE('',(#16493));
#16493 = SURFACE_STYLE_FILL_AREA(#16494);
#16494 = FILL_AREA_STYLE('',(#16495));
#16495 = FILL_AREA_STYLE_COLOUR('',#15109);
#16496 = CURVE_STYLE('',#16497,POSITIVE_LENGTH_MEASURE(0.1),#15109);
#16497 = DRAUGHTING_PRE_DEFINED_CURVE_FONT('continuous');
#16498 = STYLED_ITEM('color',(#16499),#9007);
#16499 = PRESENTATION_STYLE_ASSIGNMENT((#16500,#16505));
#16500 = SURFACE_STYLE_USAGE(.BOTH.,#16501);
#16501 = SURFACE_SIDE_STYLE('',(#16502));
#16502 = SURFACE_STYLE_FILL_AREA(#16503);
#16503 = FILL_AREA_STYLE('',(#16504));
#16504 = FILL_AREA_STYLE_COLOUR('',#15109);
#16505 = CURVE_STYLE('',#16506,POSITIVE_LENGTH_MEASURE(0.1),#15109);
#16506 = DRAUGHTING_PRE_DEFINED_CURVE_FONT('continuous');
#16507 = STYLED_ITEM('color',(#16508),#9065);
#16508 = PRESENTATION_STYLE_ASSIGNMENT((#16509,#16514));
#16509 = SURFACE_STYLE_USAGE(.BOTH.,#16510);
#16510 = SURFACE_SIDE_STYLE('',(#16511));
#16511 = SURFACE_STYLE_FILL_AREA(#16512);
#16512 = FILL_AREA_STYLE('',(#16513));
#16513 = FILL_AREA_STYLE_COLOUR('',#15109);
#16514 = CURVE_STYLE('',#16515,POSITIVE_LENGTH_MEASURE(0.1),#15109);
#16515 = DRAUGHTING_PRE_DEFINED_CURVE_FONT('continuous');
#16516 = STYLED_ITEM('color',(#16517),#9123);
#16517 = PRESENTATION_STYLE_ASSIGNMENT((#16518,#16523));
#16518 = SURFACE_STYLE_USAGE(.BOTH.,#16519);
#16519 = SURFACE_SIDE_STYLE('',(#16520));
#16520 = SURFACE_STYLE_FILL_AREA(#16521);
#16521 = FILL_AREA_STYLE('',(#16522));
#16522 = FILL_AREA_STYLE_COLOUR('',#15109);
#16523 = CURVE_STYLE('',#16524,POSITIVE_LENGTH_MEASURE(0.1),#15109);
#16524 = DRAUGHTING_PRE_DEFINED_CURVE_FONT('continuous');
#16525 = STYLED_ITEM('color',(#16526),#9181);
#16526 = PRESENTATION_STYLE_ASSIGNMENT((#16527,#16532));
#16527 = SURFACE_STYLE_USAGE(.BOTH.,#16528);
#16528 = SURFACE_SIDE_STYLE('',(#16529));
#16529 = SURFACE_STYLE_FILL_AREA(#16530);
#16530 = FILL_AREA_STYLE('',(#16531));
#16531 = FILL_AREA_STYLE_COLOUR('',#15109);
#16532 = CURVE_STYLE('',#16533,POSITIVE_LENGTH_MEASURE(0.1),#15109);
#16533 = DRAUGHTING_PRE_DEFINED_CURVE_FONT('continuous');
#16534 = STYLED_ITEM('color',(#16535),#9239);
#16535 = PRESENTATION_STYLE_ASSIGNMENT((#16536,#16541));
#16536 = SURFACE_STYLE_USAGE(.BOTH.,#16537);
#16537 = SURFACE_SIDE_STYLE('',(#16538));
#16538 = SURFACE_STYLE_FILL_AREA(#16539);
#16539 = FILL_AREA_STYLE('',(#16540));
#16540 = FILL_AREA_STYLE_COLOUR('',#15109);
#16541 = CURVE_STYLE('',#16542,POSITIVE_LENGTH_MEASURE(0.1),#15109);
#16542 = DRAUGHTING_PRE_DEFINED_CURVE_FONT('continuous');
#16543 = STYLED_ITEM('color',(#16544),#9297);
#16544 = PRESENTATION_STYLE_ASSIGNMENT((#16545,#16550));
#16545 = SURFACE_STYLE_USAGE(.BOTH.,#16546);
#16546 = SURFACE_SIDE_STYLE('',(#16547));
#16547 = SURFACE_STYLE_FILL_AREA(#16548);
#16548 = FILL_AREA_STYLE('',(#16549));
#16549 = FILL_AREA_STYLE_COLOUR('',#15109);
#16550 = CURVE_STYLE('',#16551,POSITIVE_LENGTH_MEASURE(0.1),#15109);
#16551 = DRAUGHTING_PRE_DEFINED_CURVE_FONT('continuous');
#16552 = STYLED_ITEM('color',(#16553),#9355);
#16553 = PRESENTATION_STYLE_ASSIGNMENT((#16554,#16559));
#16554 = SURFACE_STYLE_USAGE(.BOTH.,#16555);
#16555 = SURFACE_SIDE_STYLE('',(#16556));
#16556 = SURFACE_STYLE_FILL_AREA(#16557);
#16557 = FILL_AREA_STYLE('',(#16558));
#16558 = FILL_AREA_STYLE_COLOUR('',#15109);
#16559 = CURVE_STYLE('',#16560,POSITIVE_LENGTH_MEASURE(0.1),#15109);
#16560 = DRAUGHTING_PRE_DEFINED_CURVE_FONT('continuous');
#16561 = STYLED_ITEM('color',(#16562),#9413);
#16562 = PRESENTATION_STYLE_ASSIGNMENT((#16563,#16568));
#16563 = SURFACE_STYLE_USAGE(.BOTH.,#16564);
#16564 = SURFACE_SIDE_STYLE('',(#16565));
#16565 = SURFACE_STYLE_FILL_AREA(#16566);
#16566 = FILL_AREA_STYLE('',(#16567));
#16567 = FILL_AREA_STYLE_COLOUR('',#15109);
#16568 = CURVE_STYLE('',#16569,POSITIVE_LENGTH_MEASURE(0.1),#15109);
#16569 = DRAUGHTING_PRE_DEFINED_CURVE_FONT('continuous');
#16570 = STYLED_ITEM('color',(#16571),#9471);
#16571 = PRESENTATION_STYLE_ASSIGNMENT((#16572,#16577));
#16572 = SURFACE_STYLE_USAGE(.BOTH.,#16573);
#16573 = SURFACE_SIDE_STYLE('',(#16574));
#16574 = SURFACE_STYLE_FILL_AREA(#16575);
#16575 = FILL_AREA_STYLE('',(#16576));
#16576 = FILL_AREA_STYLE_COLOUR('',#15109);
#16577 = CURVE_STYLE('',#16578,POSITIVE_LENGTH_MEASURE(0.1),#15109);
#16578 = DRAUGHTING_PRE_DEFINED_CURVE_FONT('continuous');
#16579 = STYLED_ITEM('color',(#16580),#9529);
#16580 = PRESENTATION_STYLE_ASSIGNMENT((#16581,#16586));
#16581 = SURFACE_STYLE_USAGE(.BOTH.,#16582);
#16582 = SURFACE_SIDE_STYLE('',(#16583));
#16583 = SURFACE_STYLE_FILL_AREA(#16584);
#16584 = FILL_AREA_STYLE('',(#16585));
#16585 = FILL_AREA_STYLE_COLOUR('',#15109);
#16586 = CURVE_STYLE('',#16587,POSITIVE_LENGTH_MEASURE(0.1),#15109);
#16587 = DRAUGHTING_PRE_DEFINED_CURVE_FONT('continuous');
#16588 = STYLED_ITEM('color',(#16589),#9587);
#16589 = PRESENTATION_STYLE_ASSIGNMENT((#16590,#16595));
#16590 = SURFACE_STYLE_USAGE(.BOTH.,#16591);
#16591 = SURFACE_SIDE_STYLE('',(#16592));
#16592 = SURFACE_STYLE_FILL_AREA(#16593);
#16593 = FILL_AREA_STYLE('',(#16594));
#16594 = FILL_AREA_STYLE_COLOUR('',#15109);
#16595 = CURVE_STYLE('',#16596,POSITIVE_LENGTH_MEASURE(0.1),#15109);
#16596 = DRAUGHTING_PRE_DEFINED_CURVE_FONT('continuous');
#16597 = STYLED_ITEM('color',(#16598),#9645);
#16598 = PRESENTATION_STYLE_ASSIGNMENT((#16599,#16604));
#16599 = SURFACE_STYLE_USAGE(.BOTH.,#16600);
#16600 = SURFACE_SIDE_STYLE('',(#16601));
#16601 = SURFACE_STYLE_FILL_AREA(#16602);
#16602 = FILL_AREA_STYLE('',(#16603));
#16603 = FILL_AREA_STYLE_COLOUR('',#15109);
#16604 = CURVE_STYLE('',#16605,POSITIVE_LENGTH_MEASURE(0.1),#15109);
#16605 = DRAUGHTING_PRE_DEFINED_CURVE_FONT('continuous');
#16606 = STYLED_ITEM('color',(#16607),#9703);
#16607 = PRESENTATION_STYLE_ASSIGNMENT((#16608,#16613));
#16608 = SURFACE_STYLE_USAGE(.BOTH.,#16609);
#16609 = SURFACE_SIDE_STYLE('',(#16610));
#16610 = SURFACE_STYLE_FILL_AREA(#16611);
#16611 = FILL_AREA_STYLE('',(#16612));
#16612 = FILL_AREA_STYLE_COLOUR('',#15109);
#16613 = CURVE_STYLE('',#16614,POSITIVE_LENGTH_MEASURE(0.1),#15109);
#16614 = DRAUGHTING_PRE_DEFINED_CURVE_FONT('continuous');
#16615 = STYLED_ITEM('color',(#16616),#9761);
#16616 = PRESENTATION_STYLE_ASSIGNMENT((#16617,#16622));
#16617 = SURFACE_STYLE_USAGE(.BOTH.,#16618);
#16618 = SURFACE_SIDE_STYLE('',(#16619));
#16619 = SURFACE_STYLE_FILL_AREA(#16620);
#16620 = FILL_AREA_STYLE('',(#16621));
#16621 = FILL_AREA_STYLE_COLOUR('',#15109);
#16622 = CURVE_STYLE('',#16623,POSITIVE_LENGTH_MEASURE(0.1),#15109);
#16623 = DRAUGHTING_PRE_DEFINED_CURVE_FONT('continuous');
#16624 = STYLED_ITEM('color',(#16625),#9819);
#16625 = PRESENTATION_STYLE_ASSIGNMENT((#16626,#16631));
#16626 = SURFACE_STYLE_USAGE(.BOTH.,#16627);
#16627 = SURFACE_SIDE_STYLE('',(#16628));
#16628 = SURFACE_STYLE_FILL_AREA(#16629);
#16629 = FILL_AREA_STYLE('',(#16630));
#16630 = FILL_AREA_STYLE_COLOUR('',#15109);
#16631 = CURVE_STYLE('',#16632,POSITIVE_LENGTH_MEASURE(0.1),#15109);
#16632 = DRAUGHTING_PRE_DEFINED_CURVE_FONT('continuous');
#16633 = STYLED_ITEM('color',(#16634),#9877);
#16634 = PRESENTATION_STYLE_ASSIGNMENT((#16635,#16640));
#16635 = SURFACE_STYLE_USAGE(.BOTH.,#16636);
#16636 = SURFACE_SIDE_STYLE('',(#16637));
#16637 = SURFACE_STYLE_FILL_AREA(#16638);
#16638 = FILL_AREA_STYLE('',(#16639));
#16639 = FILL_AREA_STYLE_COLOUR('',#15109);
#16640 = CURVE_STYLE('',#16641,POSITIVE_LENGTH_MEASURE(0.1),#15109);
#16641 = DRAUGHTING_PRE_DEFINED_CURVE_FONT('continuous');
#16642 = STYLED_ITEM('color',(#16643),#9935);
#16643 = PRESENTATION_STYLE_ASSIGNMENT((#16644,#16649));
#16644 = SURFACE_STYLE_USAGE(.BOTH.,#16645);
#16645 = SURFACE_SIDE_STYLE('',(#16646));
#16646 = SURFACE_STYLE_FILL_AREA(#16647);
#16647 = FILL_AREA_STYLE('',(#16648));
#16648 = FILL_AREA_STYLE_COLOUR('',#15109);
#16649 = CURVE_STYLE('',#16650,POSITIVE_LENGTH_MEASURE(0.1),#15109);
#16650 = DRAUGHTING_PRE_DEFINED_CURVE_FONT('continuous');
#16651 = STYLED_ITEM('color',(#16652),#9993);
#16652 = PRESENTATION_STYLE_ASSIGNMENT((#16653,#16658));
#16653 = SURFACE_STYLE_USAGE(.BOTH.,#16654);
#16654 = SURFACE_SIDE_STYLE('',(#16655));
#16655 = SURFACE_STYLE_FILL_AREA(#16656);
#16656 = FILL_AREA_STYLE('',(#16657));
#16657 = FILL_AREA_STYLE_COLOUR('',#15109);
#16658 = CURVE_STYLE('',#16659,POSITIVE_LENGTH_MEASURE(0.1),#15109);
#16659 = DRAUGHTING_PRE_DEFINED_CURVE_FONT('continuous');
#16660 = STYLED_ITEM('color',(#16661),#10051);
#16661 = PRESENTATION_STYLE_ASSIGNMENT((#16662,#16667));
#16662 = SURFACE_STYLE_USAGE(.BOTH.,#16663);
#16663 = SURFACE_SIDE_STYLE('',(#16664));
#16664 = SURFACE_STYLE_FILL_AREA(#16665);
#16665 = FILL_AREA_STYLE('',(#16666));
#16666 = FILL_AREA_STYLE_COLOUR('',#15109);
#16667 = CURVE_STYLE('',#16668,POSITIVE_LENGTH_MEASURE(0.1),#15109);
#16668 = DRAUGHTING_PRE_DEFINED_CURVE_FONT('continuous');
#16669 = STYLED_ITEM('color',(#16670),#10109);
#16670 = PRESENTATION_STYLE_ASSIGNMENT((#16671,#16676));
#16671 = SURFACE_STYLE_USAGE(.BOTH.,#16672);
#16672 = SURFACE_SIDE_STYLE('',(#16673));
#16673 = SURFACE_STYLE_FILL_AREA(#16674);
#16674 = FILL_AREA_STYLE('',(#16675));
#16675 = FILL_AREA_STYLE_COLOUR('',#15109);
#16676 = CURVE_STYLE('',#16677,POSITIVE_LENGTH_MEASURE(0.1),#15109);
#16677 = DRAUGHTING_PRE_DEFINED_CURVE_FONT('continuous');
#16678 = STYLED_ITEM('color',(#16679),#10167);
#16679 = PRESENTATION_STYLE_ASSIGNMENT((#16680,#16685));
#16680 = SURFACE_STYLE_USAGE(.BOTH.,#16681);
#16681 = SURFACE_SIDE_STYLE('',(#16682));
#16682 = SURFACE_STYLE_FILL_AREA(#16683);
#16683 = FILL_AREA_STYLE('',(#16684));
#16684 = FILL_AREA_STYLE_COLOUR('',#15109);
#16685 = CURVE_STYLE('',#16686,POSITIVE_LENGTH_MEASURE(0.1),#15109);
#16686 = DRAUGHTING_PRE_DEFINED_CURVE_FONT('continuous');
#16687 = STYLED_ITEM('color',(#16688),#10225);
#16688 = PRESENTATION_STYLE_ASSIGNMENT((#16689,#16694));
#16689 = SURFACE_STYLE_USAGE(.BOTH.,#16690);
#16690 = SURFACE_SIDE_STYLE('',(#16691));
#16691 = SURFACE_STYLE_FILL_AREA(#16692);
#16692 = FILL_AREA_STYLE('',(#16693));
#16693 = FILL_AREA_STYLE_COLOUR('',#15109);
#16694 = CURVE_STYLE('',#16695,POSITIVE_LENGTH_MEASURE(0.1),#15109);
#16695 = DRAUGHTING_PRE_DEFINED_CURVE_FONT('continuous');
#16696 = STYLED_ITEM('color',(#16697),#10283);
#16697 = PRESENTATION_STYLE_ASSIGNMENT((#16698,#16703));
#16698 = SURFACE_STYLE_USAGE(.BOTH.,#16699);
#16699 = SURFACE_SIDE_STYLE('',(#16700));
#16700 = SURFACE_STYLE_FILL_AREA(#16701);
#16701 = FILL_AREA_STYLE('',(#16702));
#16702 = FILL_AREA_STYLE_COLOUR('',#15109);
#16703 = CURVE_STYLE('',#16704,POSITIVE_LENGTH_MEASURE(0.1),#15109);
#16704 = DRAUGHTING_PRE_DEFINED_CURVE_FONT('continuous');
#16705 = STYLED_ITEM('color',(#16706),#10341);
#16706 = PRESENTATION_STYLE_ASSIGNMENT((#16707,#16712));
#16707 = SURFACE_STYLE_USAGE(.BOTH.,#16708);
#16708 = SURFACE_SIDE_STYLE('',(#16709));
#16709 = SURFACE_STYLE_FILL_AREA(#16710);
#16710 = FILL_AREA_STYLE('',(#16711));
#16711 = FILL_AREA_STYLE_COLOUR('',#15109);
#16712 = CURVE_STYLE('',#16713,POSITIVE_LENGTH_MEASURE(0.1),#15109);
#16713 = DRAUGHTING_PRE_DEFINED_CURVE_FONT('continuous');
#16714 = STYLED_ITEM('color',(#16715),#10399);
#16715 = PRESENTATION_STYLE_ASSIGNMENT((#16716,#16721));
#16716 = SURFACE_STYLE_USAGE(.BOTH.,#16717);
#16717 = SURFACE_SIDE_STYLE('',(#16718));
#16718 = SURFACE_STYLE_FILL_AREA(#16719);
#16719 = FILL_AREA_STYLE('',(#16720));
#16720 = FILL_AREA_STYLE_COLOUR('',#15109);
#16721 = CURVE_STYLE('',#16722,POSITIVE_LENGTH_MEASURE(0.1),#15109);
#16722 = DRAUGHTING_PRE_DEFINED_CURVE_FONT('continuous');
#16723 = STYLED_ITEM('color',(#16724),#10457);
#16724 = PRESENTATION_STYLE_ASSIGNMENT((#16725,#16730));
#16725 = SURFACE_STYLE_USAGE(.BOTH.,#16726);
#16726 = SURFACE_SIDE_STYLE('',(#16727));
#16727 = SURFACE_STYLE_FILL_AREA(#16728);
#16728 = FILL_AREA_STYLE('',(#16729));
#16729 = FILL_AREA_STYLE_COLOUR('',#15109);
#16730 = CURVE_STYLE('',#16731,POSITIVE_LENGTH_MEASURE(0.1),#15109);
#16731 = DRAUGHTING_PRE_DEFINED_CURVE_FONT('continuous');
#16732 = STYLED_ITEM('color',(#16733),#10515);
#16733 = PRESENTATION_STYLE_ASSIGNMENT((#16734,#16739));
#16734 = SURFACE_STYLE_USAGE(.BOTH.,#16735);
#16735 = SURFACE_SIDE_STYLE('',(#16736));
#16736 = SURFACE_STYLE_FILL_AREA(#16737);
#16737 = FILL_AREA_STYLE('',(#16738));
#16738 = FILL_AREA_STYLE_COLOUR('',#15109);
#16739 = CURVE_STYLE('',#16740,POSITIVE_LENGTH_MEASURE(0.1),#15109);
#16740 = DRAUGHTING_PRE_DEFINED_CURVE_FONT('continuous');
#16741 = STYLED_ITEM('color',(#16742),#10573);
#16742 = PRESENTATION_STYLE_ASSIGNMENT((#16743,#16748));
#16743 = SURFACE_STYLE_USAGE(.BOTH.,#16744);
#16744 = SURFACE_SIDE_STYLE('',(#16745));
#16745 = SURFACE_STYLE_FILL_AREA(#16746);
#16746 = FILL_AREA_STYLE('',(#16747));
#16747 = FILL_AREA_STYLE_COLOUR('',#15109);
#16748 = CURVE_STYLE('',#16749,POSITIVE_LENGTH_MEASURE(0.1),#15109);
#16749 = DRAUGHTING_PRE_DEFINED_CURVE_FONT('continuous');
#16750 = STYLED_ITEM('color',(#16751),#10631);
#16751 = PRESENTATION_STYLE_ASSIGNMENT((#16752,#16757));
#16752 = SURFACE_STYLE_USAGE(.BOTH.,#16753);
#16753 = SURFACE_SIDE_STYLE('',(#16754));
#16754 = SURFACE_STYLE_FILL_AREA(#16755);
#16755 = FILL_AREA_STYLE('',(#16756));
#16756 = FILL_AREA_STYLE_COLOUR('',#15109);
#16757 = CURVE_STYLE('',#16758,POSITIVE_LENGTH_MEASURE(0.1),#15109);
#16758 = DRAUGHTING_PRE_DEFINED_CURVE_FONT('continuous');
#16759 = STYLED_ITEM('color',(#16760),#10689);
#16760 = PRESENTATION_STYLE_ASSIGNMENT((#16761,#16766));
#16761 = SURFACE_STYLE_USAGE(.BOTH.,#16762);
#16762 = SURFACE_SIDE_STYLE('',(#16763));
#16763 = SURFACE_STYLE_FILL_AREA(#16764);
#16764 = FILL_AREA_STYLE('',(#16765));
#16765 = FILL_AREA_STYLE_COLOUR('',#15109);
#16766 = CURVE_STYLE('',#16767,POSITIVE_LENGTH_MEASURE(0.1),#15109);
#16767 = DRAUGHTING_PRE_DEFINED_CURVE_FONT('continuous');
#16768 = STYLED_ITEM('color',(#16769),#10747);
#16769 = PRESENTATION_STYLE_ASSIGNMENT((#16770,#16775));
#16770 = SURFACE_STYLE_USAGE(.BOTH.,#16771);
#16771 = SURFACE_SIDE_STYLE('',(#16772));
#16772 = SURFACE_STYLE_FILL_AREA(#16773);
#16773 = FILL_AREA_STYLE('',(#16774));
#16774 = FILL_AREA_STYLE_COLOUR('',#15109);
#16775 = CURVE_STYLE('',#16776,POSITIVE_LENGTH_MEASURE(0.1),#15109);
#16776 = DRAUGHTING_PRE_DEFINED_CURVE_FONT('continuous');
#16777 = STYLED_ITEM('color',(#16778),#10805);
#16778 = PRESENTATION_STYLE_ASSIGNMENT((#16779,#16784));
#16779 = SURFACE_STYLE_USAGE(.BOTH.,#16780);
#16780 = SURFACE_SIDE_STYLE('',(#16781));
#16781 = SURFACE_STYLE_FILL_AREA(#16782);
#16782 = FILL_AREA_STYLE('',(#16783));
#16783 = FILL_AREA_STYLE_COLOUR('',#15109);
#16784 = CURVE_STYLE('',#16785,POSITIVE_LENGTH_MEASURE(0.1),#15109);
#16785 = DRAUGHTING_PRE_DEFINED_CURVE_FONT('continuous');
#16786 = STYLED_ITEM('color',(#16787),#10863);
#16787 = PRESENTATION_STYLE_ASSIGNMENT((#16788,#16793));
#16788 = SURFACE_STYLE_USAGE(.BOTH.,#16789);
#16789 = SURFACE_SIDE_STYLE('',(#16790));
#16790 = SURFACE_STYLE_FILL_AREA(#16791);
#16791 = FILL_AREA_STYLE('',(#16792));
#16792 = FILL_AREA_STYLE_COLOUR('',#15109);
#16793 = CURVE_STYLE('',#16794,POSITIVE_LENGTH_MEASURE(0.1),#15109);
#16794 = DRAUGHTING_PRE_DEFINED_CURVE_FONT('continuous');
#16795 = STYLED_ITEM('color',(#16796),#10921);
#16796 = PRESENTATION_STYLE_ASSIGNMENT((#16797,#16802));
#16797 = SURFACE_STYLE_USAGE(.BOTH.,#16798);
#16798 = SURFACE_SIDE_STYLE('',(#16799));
#16799 = SURFACE_STYLE_FILL_AREA(#16800);
#16800 = FILL_AREA_STYLE('',(#16801));
#16801 = FILL_AREA_STYLE_COLOUR('',#15109);
#16802 = CURVE_STYLE('',#16803,POSITIVE_LENGTH_MEASURE(0.1),#15109);
#16803 = DRAUGHTING_PRE_DEFINED_CURVE_FONT('continuous');
#16804 = STYLED_ITEM('color',(#16805),#10979);
#16805 = PRESENTATION_STYLE_ASSIGNMENT((#16806,#16811));
#16806 = SURFACE_STYLE_USAGE(.BOTH.,#16807);
#16807 = SURFACE_SIDE_STYLE('',(#16808));
#16808 = SURFACE_STYLE_FILL_AREA(#16809);
#16809 = FILL_AREA_STYLE('',(#16810));
#16810 = FILL_AREA_STYLE_COLOUR('',#15109);
#16811 = CURVE_STYLE('',#16812,POSITIVE_LENGTH_MEASURE(0.1),#15109);
#16812 = DRAUGHTING_PRE_DEFINED_CURVE_FONT('continuous');
#16813 = STYLED_ITEM('color',(#16814),#11037);
#16814 = PRESENTATION_STYLE_ASSIGNMENT((#16815,#16820));
#16815 = SURFACE_STYLE_USAGE(.BOTH.,#16816);
#16816 = SURFACE_SIDE_STYLE('',(#16817));
#16817 = SURFACE_STYLE_FILL_AREA(#16818);
#16818 = FILL_AREA_STYLE('',(#16819));
#16819 = FILL_AREA_STYLE_COLOUR('',#15109);
#16820 = CURVE_STYLE('',#16821,POSITIVE_LENGTH_MEASURE(0.1),#15109);
#16821 = DRAUGHTING_PRE_DEFINED_CURVE_FONT('continuous');
#16822 = STYLED_ITEM('color',(#16823),#11095);
#16823 = PRESENTATION_STYLE_ASSIGNMENT((#16824,#16829));
#16824 = SURFACE_STYLE_USAGE(.BOTH.,#16825);
#16825 = SURFACE_SIDE_STYLE('',(#16826));
#16826 = SURFACE_STYLE_FILL_AREA(#16827);
#16827 = FILL_AREA_STYLE('',(#16828));
#16828 = FILL_AREA_STYLE_COLOUR('',#15109);
#16829 = CURVE_STYLE('',#16830,POSITIVE_LENGTH_MEASURE(0.1),#15109);
#16830 = DRAUGHTING_PRE_DEFINED_CURVE_FONT('continuous');
#16831 = STYLED_ITEM('color',(#16832),#11153);
#16832 = PRESENTATION_STYLE_ASSIGNMENT((#16833,#16838));
#16833 = SURFACE_STYLE_USAGE(.BOTH.,#16834);
#16834 = SURFACE_SIDE_STYLE('',(#16835));
#16835 = SURFACE_STYLE_FILL_AREA(#16836);
#16836 = FILL_AREA_STYLE('',(#16837));
#16837 = FILL_AREA_STYLE_COLOUR('',#15109);
#16838 = CURVE_STYLE('',#16839,POSITIVE_LENGTH_MEASURE(0.1),#15109);
#16839 = DRAUGHTING_PRE_DEFINED_CURVE_FONT('continuous');
#16840 = STYLED_ITEM('color',(#16841),#11211);
#16841 = PRESENTATION_STYLE_ASSIGNMENT((#16842,#16847));
#16842 = SURFACE_STYLE_USAGE(.BOTH.,#16843);
#16843 = SURFACE_SIDE_STYLE('',(#16844));
#16844 = SURFACE_STYLE_FILL_AREA(#16845);
#16845 = FILL_AREA_STYLE('',(#16846));
#16846 = FILL_AREA_STYLE_COLOUR('',#15109);
#16847 = CURVE_STYLE('',#16848,POSITIVE_LENGTH_MEASURE(0.1),#15109);
#16848 = DRAUGHTING_PRE_DEFINED_CURVE_FONT('continuous');
#16849 = STYLED_ITEM('color',(#16850),#11269);
#16850 = PRESENTATION_STYLE_ASSIGNMENT((#16851,#16856));
#16851 = SURFACE_STYLE_USAGE(.BOTH.,#16852);
#16852 = SURFACE_SIDE_STYLE('',(#16853));
#16853 = SURFACE_STYLE_FILL_AREA(#16854);
#16854 = FILL_AREA_STYLE('',(#16855));
#16855 = FILL_AREA_STYLE_COLOUR('',#15109);
#16856 = CURVE_STYLE('',#16857,POSITIVE_LENGTH_MEASURE(0.1),#15109);
#16857 = DRAUGHTING_PRE_DEFINED_CURVE_FONT('continuous');
#16858 = STYLED_ITEM('color',(#16859),#11327);
#16859 = PRESENTATION_STYLE_ASSIGNMENT((#16860,#16865));
#16860 = SURFACE_STYLE_USAGE(.BOTH.,#16861);
#16861 = SURFACE_SIDE_STYLE('',(#16862));
#16862 = SURFACE_STYLE_FILL_AREA(#16863);
#16863 = FILL_AREA_STYLE('',(#16864));
#16864 = FILL_AREA_STYLE_COLOUR('',#15109);
#16865 = CURVE_STYLE('',#16866,POSITIVE_LENGTH_MEASURE(0.1),#15109);
#16866 = DRAUGHTING_PRE_DEFINED_CURVE_FONT('continuous');
#16867 = STYLED_ITEM('color',(#16868),#11385);
#16868 = PRESENTATION_STYLE_ASSIGNMENT((#16869,#16874));
#16869 = SURFACE_STYLE_USAGE(.BOTH.,#16870);
#16870 = SURFACE_SIDE_STYLE('',(#16871));
#16871 = SURFACE_STYLE_FILL_AREA(#16872);
#16872 = FILL_AREA_STYLE('',(#16873));
#16873 = FILL_AREA_STYLE_COLOUR('',#15109);
#16874 = CURVE_STYLE('',#16875,POSITIVE_LENGTH_MEASURE(0.1),#15109);
#16875 = DRAUGHTING_PRE_DEFINED_CURVE_FONT('continuous');
#16876 = STYLED_ITEM('color',(#16877),#11443);
#16877 = PRESENTATION_STYLE_ASSIGNMENT((#16878,#16883));
#16878 = SURFACE_STYLE_USAGE(.BOTH.,#16879);
#16879 = SURFACE_SIDE_STYLE('',(#16880));
#16880 = SURFACE_STYLE_FILL_AREA(#16881);
#16881 = FILL_AREA_STYLE('',(#16882));
#16882 = FILL_AREA_STYLE_COLOUR('',#15109);
#16883 = CURVE_STYLE('',#16884,POSITIVE_LENGTH_MEASURE(0.1),#15109);
#16884 = DRAUGHTING_PRE_DEFINED_CURVE_FONT('continuous');
#16885 = STYLED_ITEM('color',(#16886),#11501);
#16886 = PRESENTATION_STYLE_ASSIGNMENT((#16887,#16892));
#16887 = SURFACE_STYLE_USAGE(.BOTH.,#16888);
#16888 = SURFACE_SIDE_STYLE('',(#16889));
#16889 = SURFACE_STYLE_FILL_AREA(#16890);
#16890 = FILL_AREA_STYLE('',(#16891));
#16891 = FILL_AREA_STYLE_COLOUR('',#15109);
#16892 = CURVE_STYLE('',#16893,POSITIVE_LENGTH_MEASURE(0.1),#15109);
#16893 = DRAUGHTING_PRE_DEFINED_CURVE_FONT('continuous');
#16894 = STYLED_ITEM('color',(#16895),#11559);
#16895 = PRESENTATION_STYLE_ASSIGNMENT((#16896,#16901));
#16896 = SURFACE_STYLE_USAGE(.BOTH.,#16897);
#16897 = SURFACE_SIDE_STYLE('',(#16898));
#16898 = SURFACE_STYLE_FILL_AREA(#16899);
#16899 = FILL_AREA_STYLE('',(#16900));
#16900 = FILL_AREA_STYLE_COLOUR('',#15109);
#16901 = CURVE_STYLE('',#16902,POSITIVE_LENGTH_MEASURE(0.1),#15109);
#16902 = DRAUGHTING_PRE_DEFINED_CURVE_FONT('continuous');
#16903 = STYLED_ITEM('color',(#16904),#11617);
#16904 = PRESENTATION_STYLE_ASSIGNMENT((#16905,#16910));
#16905 = SURFACE_STYLE_USAGE(.BOTH.,#16906);
#16906 = SURFACE_SIDE_STYLE('',(#16907));
#16907 = SURFACE_STYLE_FILL_AREA(#16908);
#16908 = FILL_AREA_STYLE('',(#16909));
#16909 = FILL_AREA_STYLE_COLOUR('',#15109);
#16910 = CURVE_STYLE('',#16911,POSITIVE_LENGTH_MEASURE(0.1),#15109);
#16911 = DRAUGHTING_PRE_DEFINED_CURVE_FONT('continuous');
#16912 = STYLED_ITEM('color',(#16913),#11675);
#16913 = PRESENTATION_STYLE_ASSIGNMENT((#16914,#16919));
#16914 = SURFACE_STYLE_USAGE(.BOTH.,#16915);
#16915 = SURFACE_SIDE_STYLE('',(#16916));
#16916 = SURFACE_STYLE_FILL_AREA(#16917);
#16917 = FILL_AREA_STYLE('',(#16918));
#16918 = FILL_AREA_STYLE_COLOUR('',#15109);
#16919 = CURVE_STYLE('',#16920,POSITIVE_LENGTH_MEASURE(0.1),#15109);
#16920 = DRAUGHTING_PRE_DEFINED_CURVE_FONT('continuous');
#16921 = STYLED_ITEM('color',(#16922),#11733);
#16922 = PRESENTATION_STYLE_ASSIGNMENT((#16923,#16928));
#16923 = SURFACE_STYLE_USAGE(.BOTH.,#16924);
#16924 = SURFACE_SIDE_STYLE('',(#16925));
#16925 = SURFACE_STYLE_FILL_AREA(#16926);
#16926 = FILL_AREA_STYLE('',(#16927));
#16927 = FILL_AREA_STYLE_COLOUR('',#15109);
#16928 = CURVE_STYLE('',#16929,POSITIVE_LENGTH_MEASURE(0.1),#15109);
#16929 = DRAUGHTING_PRE_DEFINED_CURVE_FONT('continuous');
#16930 = STYLED_ITEM('color',(#16931),#11791);
#16931 = PRESENTATION_STYLE_ASSIGNMENT((#16932,#16937));
#16932 = SURFACE_STYLE_USAGE(.BOTH.,#16933);
#16933 = SURFACE_SIDE_STYLE('',(#16934));
#16934 = SURFACE_STYLE_FILL_AREA(#16935);
#16935 = FILL_AREA_STYLE('',(#16936));
#16936 = FILL_AREA_STYLE_COLOUR('',#15109);
#16937 = CURVE_STYLE('',#16938,POSITIVE_LENGTH_MEASURE(0.1),#15109);
#16938 = DRAUGHTING_PRE_DEFINED_CURVE_FONT('continuous');
#16939 = STYLED_ITEM('color',(#16940),#11849);
#16940 = PRESENTATION_STYLE_ASSIGNMENT((#16941,#16946));
#16941 = SURFACE_STYLE_USAGE(.BOTH.,#16942);
#16942 = SURFACE_SIDE_STYLE('',(#16943));
#16943 = SURFACE_STYLE_FILL_AREA(#16944);
#16944 = FILL_AREA_STYLE('',(#16945));
#16945 = FILL_AREA_STYLE_COLOUR('',#15109);
#16946 = CURVE_STYLE('',#16947,POSITIVE_LENGTH_MEASURE(0.1),#15109);
#16947 = DRAUGHTING_PRE_DEFINED_CURVE_FONT('continuous');
#16948 = STYLED_ITEM('color',(#16949),#11907);
#16949 = PRESENTATION_STYLE_ASSIGNMENT((#16950,#16955));
#16950 = SURFACE_STYLE_USAGE(.BOTH.,#16951);
#16951 = SURFACE_SIDE_STYLE('',(#16952));
#16952 = SURFACE_STYLE_FILL_AREA(#16953);
#16953 = FILL_AREA_STYLE('',(#16954));
#16954 = FILL_AREA_STYLE_COLOUR('',#15109);
#16955 = CURVE_STYLE('',#16956,POSITIVE_LENGTH_MEASURE(0.1),#15109);
#16956 = DRAUGHTING_PRE_DEFINED_CURVE_FONT('continuous');
#16957 = STYLED_ITEM('color',(#16958),#11965);
#16958 = PRESENTATION_STYLE_ASSIGNMENT((#16959,#16964));
#16959 = SURFACE_STYLE_USAGE(.BOTH.,#16960);
#16960 = SURFACE_SIDE_STYLE('',(#16961));
#16961 = SURFACE_STYLE_FILL_AREA(#16962);
#16962 = FILL_AREA_STYLE('',(#16963));
#16963 = FILL_AREA_STYLE_COLOUR('',#15109);
#16964 = CURVE_STYLE('',#16965,POSITIVE_LENGTH_MEASURE(0.1),#15109);
#16965 = DRAUGHTING_PRE_DEFINED_CURVE_FONT('continuous');
#16966 = STYLED_ITEM('color',(#16967),#12023);
#16967 = PRESENTATION_STYLE_ASSIGNMENT((#16968,#16973));
#16968 = SURFACE_STYLE_USAGE(.BOTH.,#16969);
#16969 = SURFACE_SIDE_STYLE('',(#16970));
#16970 = SURFACE_STYLE_FILL_AREA(#16971);
#16971 = FILL_AREA_STYLE('',(#16972));
#16972 = FILL_AREA_STYLE_COLOUR('',#15109);
#16973 = CURVE_STYLE('',#16974,POSITIVE_LENGTH_MEASURE(0.1),#15109);
#16974 = DRAUGHTING_PRE_DEFINED_CURVE_FONT('continuous');
#16975 = STYLED_ITEM('color',(#16976),#12081);
#16976 = PRESENTATION_STYLE_ASSIGNMENT((#16977,#16982));
#16977 = SURFACE_STYLE_USAGE(.BOTH.,#16978);
#16978 = SURFACE_SIDE_STYLE('',(#16979));
#16979 = SURFACE_STYLE_FILL_AREA(#16980);
#16980 = FILL_AREA_STYLE('',(#16981));
#16981 = FILL_AREA_STYLE_COLOUR('',#15109);
#16982 = CURVE_STYLE('',#16983,POSITIVE_LENGTH_MEASURE(0.1),#15109);
#16983 = DRAUGHTING_PRE_DEFINED_CURVE_FONT('continuous');
#16984 = STYLED_ITEM('color',(#16985),#12139);
#16985 = PRESENTATION_STYLE_ASSIGNMENT((#16986,#16991));
#16986 = SURFACE_STYLE_USAGE(.BOTH.,#16987);
#16987 = SURFACE_SIDE_STYLE('',(#16988));
#16988 = SURFACE_STYLE_FILL_AREA(#16989);
#16989 = FILL_AREA_STYLE('',(#16990));
#16990 = FILL_AREA_STYLE_COLOUR('',#15109);
#16991 = CURVE_STYLE('',#16992,POSITIVE_LENGTH_MEASURE(0.1),#15109);
#16992 = DRAUGHTING_PRE_DEFINED_CURVE_FONT('continuous');
#16993 = STYLED_ITEM('color',(#16994),#12197);
#16994 = PRESENTATION_STYLE_ASSIGNMENT((#16995,#17000));
#16995 = SURFACE_STYLE_USAGE(.BOTH.,#16996);
#16996 = SURFACE_SIDE_STYLE('',(#16997));
#16997 = SURFACE_STYLE_FILL_AREA(#16998);
#16998 = FILL_AREA_STYLE('',(#16999));
#16999 = FILL_AREA_STYLE_COLOUR('',#15109);
#17000 = CURVE_STYLE('',#17001,POSITIVE_LENGTH_MEASURE(0.1),#15109);
#17001 = DRAUGHTING_PRE_DEFINED_CURVE_FONT('continuous');
#17002 = STYLED_ITEM('color',(#17003),#12255);
#17003 = PRESENTATION_STYLE_ASSIGNMENT((#17004,#17009));
#17004 = SURFACE_STYLE_USAGE(.BOTH.,#17005);
#17005 = SURFACE_SIDE_STYLE('',(#17006));
#17006 = SURFACE_STYLE_FILL_AREA(#17007);
#17007 = FILL_AREA_STYLE('',(#17008));
#17008 = FILL_AREA_STYLE_COLOUR('',#15109);
#17009 = CURVE_STYLE('',#17010,POSITIVE_LENGTH_MEASURE(0.1),#15109);
#17010 = DRAUGHTING_PRE_DEFINED_CURVE_FONT('continuous');
#17011 = STYLED_ITEM('color',(#17012),#12313);
#17012 = PRESENTATION_STYLE_ASSIGNMENT((#17013,#17018));
#17013 = SURFACE_STYLE_USAGE(.BOTH.,#17014);
#17014 = SURFACE_SIDE_STYLE('',(#17015));
#17015 = SURFACE_STYLE_FILL_AREA(#17016);
#17016 = FILL_AREA_STYLE('',(#17017));
#17017 = FILL_AREA_STYLE_COLOUR('',#15109);
#17018 = CURVE_STYLE('',#17019,POSITIVE_LENGTH_MEASURE(0.1),#15109);
#17019 = DRAUGHTING_PRE_DEFINED_CURVE_FONT('continuous');
#17020 = STYLED_ITEM('color',(#17021),#12371);
#17021 = PRESENTATION_STYLE_ASSIGNMENT((#17022,#17027));
#17022 = SURFACE_STYLE_USAGE(.BOTH.,#17023);
#17023 = SURFACE_SIDE_STYLE('',(#17024));
#17024 = SURFACE_STYLE_FILL_AREA(#17025);
#17025 = FILL_AREA_STYLE('',(#17026));
#17026 = FILL_AREA_STYLE_COLOUR('',#15109);
#17027 = CURVE_STYLE('',#17028,POSITIVE_LENGTH_MEASURE(0.1),#15109);
#17028 = DRAUGHTING_PRE_DEFINED_CURVE_FONT('continuous');
#17029 = STYLED_ITEM('color',(#17030),#12429);
#17030 = PRESENTATION_STYLE_ASSIGNMENT((#17031,#17036));
#17031 = SURFACE_STYLE_USAGE(.BOTH.,#17032);
#17032 = SURFACE_SIDE_STYLE('',(#17033));
#17033 = SURFACE_STYLE_FILL_AREA(#17034);
#17034 = FILL_AREA_STYLE('',(#17035));
#17035 = FILL_AREA_STYLE_COLOUR('',#15109);
#17036 = CURVE_STYLE('',#17037,POSITIVE_LENGTH_MEASURE(0.1),#15109);
#17037 = DRAUGHTING_PRE_DEFINED_CURVE_FONT('continuous');
#17038 = STYLED_ITEM('color',(#17039),#12487);
#17039 = PRESENTATION_STYLE_ASSIGNMENT((#17040,#17045));
#17040 = SURFACE_STYLE_USAGE(.BOTH.,#17041);
#17041 = SURFACE_SIDE_STYLE('',(#17042));
#17042 = SURFACE_STYLE_FILL_AREA(#17043);
#17043 = FILL_AREA_STYLE('',(#17044));
#17044 = FILL_AREA_STYLE_COLOUR('',#15109);
#17045 = CURVE_STYLE('',#17046,POSITIVE_LENGTH_MEASURE(0.1),#15109);
#17046 = DRAUGHTING_PRE_DEFINED_CURVE_FONT('continuous');
#17047 = STYLED_ITEM('color',(#17048),#12545);
#17048 = PRESENTATION_STYLE_ASSIGNMENT((#17049,#17054));
#17049 = SURFACE_STYLE_USAGE(.BOTH.,#17050);
#17050 = SURFACE_SIDE_STYLE('',(#17051));
#17051 = SURFACE_STYLE_FILL_AREA(#17052);
#17052 = FILL_AREA_STYLE('',(#17053));
#17053 = FILL_AREA_STYLE_COLOUR('',#15109);
#17054 = CURVE_STYLE('',#17055,POSITIVE_LENGTH_MEASURE(0.1),#15109);
#17055 = DRAUGHTING_PRE_DEFINED_CURVE_FONT('continuous');
#17056 = STYLED_ITEM('color',(#17057),#12603);
#17057 = PRESENTATION_STYLE_ASSIGNMENT((#17058,#17063));
#17058 = SURFACE_STYLE_USAGE(.BOTH.,#17059);
#17059 = SURFACE_SIDE_STYLE('',(#17060));
#17060 = SURFACE_STYLE_FILL_AREA(#17061);
#17061 = FILL_AREA_STYLE('',(#17062));
#17062 = FILL_AREA_STYLE_COLOUR('',#15109);
#17063 = CURVE_STYLE('',#17064,POSITIVE_LENGTH_MEASURE(0.1),#15109);
#17064 = DRAUGHTING_PRE_DEFINED_CURVE_FONT('continuous');
#17065 = STYLED_ITEM('color',(#17066),#12661);
#17066 = PRESENTATION_STYLE_ASSIGNMENT((#17067,#17072));
#17067 = SURFACE_STYLE_USAGE(.BOTH.,#17068);
#17068 = SURFACE_SIDE_STYLE('',(#17069));
#17069 = SURFACE_STYLE_FILL_AREA(#17070);
#17070 = FILL_AREA_STYLE('',(#17071));
#17071 = FILL_AREA_STYLE_COLOUR('',#15109);
#17072 = CURVE_STYLE('',#17073,POSITIVE_LENGTH_MEASURE(0.1),#15109);
#17073 = DRAUGHTING_PRE_DEFINED_CURVE_FONT('continuous');
#17074 = STYLED_ITEM('color',(#17075),#12719);
#17075 = PRESENTATION_STYLE_ASSIGNMENT((#17076,#17081));
#17076 = SURFACE_STYLE_USAGE(.BOTH.,#17077);
#17077 = SURFACE_SIDE_STYLE('',(#17078));
#17078 = SURFACE_STYLE_FILL_AREA(#17079);
#17079 = FILL_AREA_STYLE('',(#17080));
#17080 = FILL_AREA_STYLE_COLOUR('',#15109);
#17081 = CURVE_STYLE('',#17082,POSITIVE_LENGTH_MEASURE(0.1),#15109);
#17082 = DRAUGHTING_PRE_DEFINED_CURVE_FONT('continuous');
#17083 = STYLED_ITEM('color',(#17084),#12777);
#17084 = PRESENTATION_STYLE_ASSIGNMENT((#17085,#17090));
#17085 = SURFACE_STYLE_USAGE(.BOTH.,#17086);
#17086 = SURFACE_SIDE_STYLE('',(#17087));
#17087 = SURFACE_STYLE_FILL_AREA(#17088);
#17088 = FILL_AREA_STYLE('',(#17089));
#17089 = FILL_AREA_STYLE_COLOUR('',#15109);
#17090 = CURVE_STYLE('',#17091,POSITIVE_LENGTH_MEASURE(0.1),#15109);
#17091 = DRAUGHTING_PRE_DEFINED_CURVE_FONT('continuous');
#17092 = STYLED_ITEM('color',(#17093),#12835);
#17093 = PRESENTATION_STYLE_ASSIGNMENT((#17094,#17099));
#17094 = SURFACE_STYLE_USAGE(.BOTH.,#17095);
#17095 = SURFACE_SIDE_STYLE('',(#17096));
#17096 = SURFACE_STYLE_FILL_AREA(#17097);
#17097 = FILL_AREA_STYLE('',(#17098));
#17098 = FILL_AREA_STYLE_COLOUR('',#15109);
#17099 = CURVE_STYLE('',#17100,POSITIVE_LENGTH_MEASURE(0.1),#15109);
#17100 = DRAUGHTING_PRE_DEFINED_CURVE_FONT('continuous');
#17101 = STYLED_ITEM('color',(#17102),#12893);
#17102 = PRESENTATION_STYLE_ASSIGNMENT((#17103,#17108));
#17103 = SURFACE_STYLE_USAGE(.BOTH.,#17104);
#17104 = SURFACE_SIDE_STYLE('',(#17105));
#17105 = SURFACE_STYLE_FILL_AREA(#17106);
#17106 = FILL_AREA_STYLE('',(#17107));
#17107 = FILL_AREA_STYLE_COLOUR('',#15109);
#17108 = CURVE_STYLE('',#17109,POSITIVE_LENGTH_MEASURE(0.1),#15109);
#17109 = DRAUGHTING_PRE_DEFINED_CURVE_FONT('continuous');
#17110 = STYLED_ITEM('color',(#17111),#12951);
#17111 = PRESENTATION_STYLE_ASSIGNMENT((#17112,#17117));
#17112 = SURFACE_STYLE_USAGE(.BOTH.,#17113);
#17113 = SURFACE_SIDE_STYLE('',(#17114));
#17114 = SURFACE_STYLE_FILL_AREA(#17115);
#17115 = FILL_AREA_STYLE('',(#17116));
#17116 = FILL_AREA_STYLE_COLOUR('',#15109);
#17117 = CURVE_STYLE('',#17118,POSITIVE_LENGTH_MEASURE(0.1),#15109);
#17118 = DRAUGHTING_PRE_DEFINED_CURVE_FONT('continuous');
#17119 = STYLED_ITEM('color',(#17120),#13009);
#17120 = PRESENTATION_STYLE_ASSIGNMENT((#17121,#17126));
#17121 = SURFACE_STYLE_USAGE(.BOTH.,#17122);
#17122 = SURFACE_SIDE_STYLE('',(#17123));
#17123 = SURFACE_STYLE_FILL_AREA(#17124);
#17124 = FILL_AREA_STYLE('',(#17125));
#17125 = FILL_AREA_STYLE_COLOUR('',#15109);
#17126 = CURVE_STYLE('',#17127,POSITIVE_LENGTH_MEASURE(0.1),#15109);
#17127 = DRAUGHTING_PRE_DEFINED_CURVE_FONT('continuous');
#17128 = STYLED_ITEM('color',(#17129),#13067);
#17129 = PRESENTATION_STYLE_ASSIGNMENT((#17130,#17135));
#17130 = SURFACE_STYLE_USAGE(.BOTH.,#17131);
#17131 = SURFACE_SIDE_STYLE('',(#17132));
#17132 = SURFACE_STYLE_FILL_AREA(#17133);
#17133 = FILL_AREA_STYLE('',(#17134));
#17134 = FILL_AREA_STYLE_COLOUR('',#15109);
#17135 = CURVE_STYLE('',#17136,POSITIVE_LENGTH_MEASURE(0.1),#15109);
#17136 = DRAUGHTING_PRE_DEFINED_CURVE_FONT('continuous');
#17137 = STYLED_ITEM('color',(#17138),#13125);
#17138 = PRESENTATION_STYLE_ASSIGNMENT((#17139,#17144));
#17139 = SURFACE_STYLE_USAGE(.BOTH.,#17140);
#17140 = SURFACE_SIDE_STYLE('',(#17141));
#17141 = SURFACE_STYLE_FILL_AREA(#17142);
#17142 = FILL_AREA_STYLE('',(#17143));
#17143 = FILL_AREA_STYLE_COLOUR('',#15109);
#17144 = CURVE_STYLE('',#17145,POSITIVE_LENGTH_MEASURE(0.1),#15109);
#17145 = DRAUGHTING_PRE_DEFINED_CURVE_FONT('continuous');
#17146 = STYLED_ITEM('color',(#17147),#13183);
#17147 = PRESENTATION_STYLE_ASSIGNMENT((#17148,#17153));
#17148 = SURFACE_STYLE_USAGE(.BOTH.,#17149);
#17149 = SURFACE_SIDE_STYLE('',(#17150));
#17150 = SURFACE_STYLE_FILL_AREA(#17151);
#17151 = FILL_AREA_STYLE('',(#17152));
#17152 = FILL_AREA_STYLE_COLOUR('',#15109);
#17153 = CURVE_STYLE('',#17154,POSITIVE_LENGTH_MEASURE(0.1),#15109);
#17154 = DRAUGHTING_PRE_DEFINED_CURVE_FONT('continuous');
#17155 = STYLED_ITEM('color',(#17156),#13241);
#17156 = PRESENTATION_STYLE_ASSIGNMENT((#17157,#17162));
#17157 = SURFACE_STYLE_USAGE(.BOTH.,#17158);
#17158 = SURFACE_SIDE_STYLE('',(#17159));
#17159 = SURFACE_STYLE_FILL_AREA(#17160);
#17160 = FILL_AREA_STYLE('',(#17161));
#17161 = FILL_AREA_STYLE_COLOUR('',#15109);
#17162 = CURVE_STYLE('',#17163,POSITIVE_LENGTH_MEASURE(0.1),#15109);
#17163 = DRAUGHTING_PRE_DEFINED_CURVE_FONT('continuous');
#17164 = STYLED_ITEM('color',(#17165),#13299);
#17165 = PRESENTATION_STYLE_ASSIGNMENT((#17166,#17171));
#17166 = SURFACE_STYLE_USAGE(.BOTH.,#17167);
#17167 = SURFACE_SIDE_STYLE('',(#17168));
#17168 = SURFACE_STYLE_FILL_AREA(#17169);
#17169 = FILL_AREA_STYLE('',(#17170));
#17170 = FILL_AREA_STYLE_COLOUR('',#15109);
#17171 = CURVE_STYLE('',#17172,POSITIVE_LENGTH_MEASURE(0.1),#15109);
#17172 = DRAUGHTING_PRE_DEFINED_CURVE_FONT('continuous');
#17173 = STYLED_ITEM('color',(#17174),#13357);
#17174 = PRESENTATION_STYLE_ASSIGNMENT((#17175,#17180));
#17175 = SURFACE_STYLE_USAGE(.BOTH.,#17176);
#17176 = SURFACE_SIDE_STYLE('',(#17177));
#17177 = SURFACE_STYLE_FILL_AREA(#17178);
#17178 = FILL_AREA_STYLE('',(#17179));
#17179 = FILL_AREA_STYLE_COLOUR('',#15109);
#17180 = CURVE_STYLE('',#17181,POSITIVE_LENGTH_MEASURE(0.1),#15109);
#17181 = DRAUGHTING_PRE_DEFINED_CURVE_FONT('continuous');
#17182 = STYLED_ITEM('color',(#17183),#13415);
#17183 = PRESENTATION_STYLE_ASSIGNMENT((#17184,#17189));
#17184 = SURFACE_STYLE_USAGE(.BOTH.,#17185);
#17185 = SURFACE_SIDE_STYLE('',(#17186));
#17186 = SURFACE_STYLE_FILL_AREA(#17187);
#17187 = FILL_AREA_STYLE('',(#17188));
#17188 = FILL_AREA_STYLE_COLOUR('',#15109);
#17189 = CURVE_STYLE('',#17190,POSITIVE_LENGTH_MEASURE(0.1),#15109);
#17190 = DRAUGHTING_PRE_DEFINED_CURVE_FONT('continuous');
#17191 = STYLED_ITEM('color',(#17192),#13473);
#17192 = PRESENTATION_STYLE_ASSIGNMENT((#17193,#17198));
#17193 = SURFACE_STYLE_USAGE(.BOTH.,#17194);
#17194 = SURFACE_SIDE_STYLE('',(#17195));
#17195 = SURFACE_STYLE_FILL_AREA(#17196);
#17196 = FILL_AREA_STYLE('',(#17197));
#17197 = FILL_AREA_STYLE_COLOUR('',#15109);
#17198 = CURVE_STYLE('',#17199,POSITIVE_LENGTH_MEASURE(0.1),#15109);
#17199 = DRAUGHTING_PRE_DEFINED_CURVE_FONT('continuous');
#17200 = STYLED_ITEM('color',(#17201),#13531);
#17201 = PRESENTATION_STYLE_ASSIGNMENT((#17202,#17207));
#17202 = SURFACE_STYLE_USAGE(.BOTH.,#17203);
#17203 = SURFACE_SIDE_STYLE('',(#17204));
#17204 = SURFACE_STYLE_FILL_AREA(#17205);
#17205 = FILL_AREA_STYLE('',(#17206));
#17206 = FILL_AREA_STYLE_COLOUR('',#15109);
#17207 = CURVE_STYLE('',#17208,POSITIVE_LENGTH_MEASURE(0.1),#15109);
#17208 = DRAUGHTING_PRE_DEFINED_CURVE_FONT('continuous');
#17209 = STYLED_ITEM('color',(#17210),#13589);
#17210 = PRESENTATION_STYLE_ASSIGNMENT((#17211,#17216));
#17211 = SURFACE_STYLE_USAGE(.BOTH.,#17212);
#17212 = SURFACE_SIDE_STYLE('',(#17213));
#17213 = SURFACE_STYLE_FILL_AREA(#17214);
#17214 = FILL_AREA_STYLE('',(#17215));
#17215 = FILL_AREA_STYLE_COLOUR('',#15109);
#17216 = CURVE_STYLE('',#17217,POSITIVE_LENGTH_MEASURE(0.1),#15109);
#17217 = DRAUGHTING_PRE_DEFINED_CURVE_FONT('continuous');
#17218 = STYLED_ITEM('color',(#17219),#13647);
#17219 = PRESENTATION_STYLE_ASSIGNMENT((#17220,#17225));
#17220 = SURFACE_STYLE_USAGE(.BOTH.,#17221);
#17221 = SURFACE_SIDE_STYLE('',(#17222));
#17222 = SURFACE_STYLE_FILL_AREA(#17223);
#17223 = FILL_AREA_STYLE('',(#17224));
#17224 = FILL_AREA_STYLE_COLOUR('',#15109);
#17225 = CURVE_STYLE('',#17226,POSITIVE_LENGTH_MEASURE(0.1),#15109);
#17226 = DRAUGHTING_PRE_DEFINED_CURVE_FONT('continuous');
#17227 = STYLED_ITEM('color',(#17228),#13705);
#17228 = PRESENTATION_STYLE_ASSIGNMENT((#17229,#17234));
#17229 = SURFACE_STYLE_USAGE(.BOTH.,#17230);
#17230 = SURFACE_SIDE_STYLE('',(#17231));
#17231 = SURFACE_STYLE_FILL_AREA(#17232);
#17232 = FILL_AREA_STYLE('',(#17233));
#17233 = FILL_AREA_STYLE_COLOUR('',#15109);
#17234 = CURVE_STYLE('',#17235,POSITIVE_LENGTH_MEASURE(0.1),#15109);
#17235 = DRAUGHTING_PRE_DEFINED_CURVE_FONT('continuous');
#17236 = STYLED_ITEM('color',(#17237),#13763);
#17237 = PRESENTATION_STYLE_ASSIGNMENT((#17238,#17243));
#17238 = SURFACE_STYLE_USAGE(.BOTH.,#17239);
#17239 = SURFACE_SIDE_STYLE('',(#17240));
#17240 = SURFACE_STYLE_FILL_AREA(#17241);
#17241 = FILL_AREA_STYLE('',(#17242));
#17242 = FILL_AREA_STYLE_COLOUR('',#15109);
#17243 = CURVE_STYLE('',#17244,POSITIVE_LENGTH_MEASURE(0.1),#15109);
#17244 = DRAUGHTING_PRE_DEFINED_CURVE_FONT('continuous');
#17245 = STYLED_ITEM('color',(#17246),#13821);
#17246 = PRESENTATION_STYLE_ASSIGNMENT((#17247,#17252));
#17247 = SURFACE_STYLE_USAGE(.BOTH.,#17248);
#17248 = SURFACE_SIDE_STYLE('',(#17249));
#17249 = SURFACE_STYLE_FILL_AREA(#17250);
#17250 = FILL_AREA_STYLE('',(#17251));
#17251 = FILL_AREA_STYLE_COLOUR('',#15109);
#17252 = CURVE_STYLE('',#17253,POSITIVE_LENGTH_MEASURE(0.1),#15109);
#17253 = DRAUGHTING_PRE_DEFINED_CURVE_FONT('continuous');
#17254 = STYLED_ITEM('color',(#17255),#13879);
#17255 = PRESENTATION_STYLE_ASSIGNMENT((#17256,#17261));
#17256 = SURFACE_STYLE_USAGE(.BOTH.,#17257);
#17257 = SURFACE_SIDE_STYLE('',(#17258));
#17258 = SURFACE_STYLE_FILL_AREA(#17259);
#17259 = FILL_AREA_STYLE('',(#17260));
#17260 = FILL_AREA_STYLE_COLOUR('',#15109);
#17261 = CURVE_STYLE('',#17262,POSITIVE_LENGTH_MEASURE(0.1),#15109);
#17262 = DRAUGHTING_PRE_DEFINED_CURVE_FONT('continuous');
#17263 = STYLED_ITEM('color',(#17264),#13937);
#17264 = PRESENTATION_STYLE_ASSIGNMENT((#17265,#17270));
#17265 = SURFACE_STYLE_USAGE(.BOTH.,#17266);
#17266 = SURFACE_SIDE_STYLE('',(#17267));
#17267 = SURFACE_STYLE_FILL_AREA(#17268);
#17268 = FILL_AREA_STYLE('',(#17269));
#17269 = FILL_AREA_STYLE_COLOUR('',#15109);
#17270 = CURVE_STYLE('',#17271,POSITIVE_LENGTH_MEASURE(0.1),#15109);
#17271 = DRAUGHTING_PRE_DEFINED_CURVE_FONT('continuous');
#17272 = STYLED_ITEM('color',(#17273),#13995);
#17273 = PRESENTATION_STYLE_ASSIGNMENT((#17274,#17279));
#17274 = SURFACE_STYLE_USAGE(.BOTH.,#17275);
#17275 = SURFACE_SIDE_STYLE('',(#17276));
#17276 = SURFACE_STYLE_FILL_AREA(#17277);
#17277 = FILL_AREA_STYLE('',(#17278));
#17278 = FILL_AREA_STYLE_COLOUR('',#15109);
#17279 = CURVE_STYLE('',#17280,POSITIVE_LENGTH_MEASURE(0.1),#15109);
#17280 = DRAUGHTING_PRE_DEFINED_CURVE_FONT('continuous');
#17281 = STYLED_ITEM('color',(#17282),#14053);
#17282 = PRESENTATION_STYLE_ASSIGNMENT((#17283,#17288));
#17283 = SURFACE_STYLE_USAGE(.BOTH.,#17284);
#17284 = SURFACE_SIDE_STYLE('',(#17285));
#17285 = SURFACE_STYLE_FILL_AREA(#17286);
#17286 = FILL_AREA_STYLE('',(#17287));
#17287 = FILL_AREA_STYLE_COLOUR('',#15109);
#17288 = CURVE_STYLE('',#17289,POSITIVE_LENGTH_MEASURE(0.1),#15109);
#17289 = DRAUGHTING_PRE_DEFINED_CURVE_FONT('continuous');
#17290 = STYLED_ITEM('color',(#17291),#14111);
#17291 = PRESENTATION_STYLE_ASSIGNMENT((#17292,#17297));
#17292 = SURFACE_STYLE_USAGE(.BOTH.,#17293);
#17293 = SURFACE_SIDE_STYLE('',(#17294));
#17294 = SURFACE_STYLE_FILL_AREA(#17295);
#17295 = FILL_AREA_STYLE('',(#17296));
#17296 = FILL_AREA_STYLE_COLOUR('',#15109);
#17297 = CURVE_STYLE('',#17298,POSITIVE_LENGTH_MEASURE(0.1),#15109);
#17298 = DRAUGHTING_PRE_DEFINED_CURVE_FONT('continuous');
#17299 = STYLED_ITEM('color',(#17300),#14169);
#17300 = PRESENTATION_STYLE_ASSIGNMENT((#17301,#17306));
#17301 = SURFACE_STYLE_USAGE(.BOTH.,#17302);
#17302 = SURFACE_SIDE_STYLE('',(#17303));
#17303 = SURFACE_STYLE_FILL_AREA(#17304);
#17304 = FILL_AREA_STYLE('',(#17305));
#17305 = FILL_AREA_STYLE_COLOUR('',#15109);
#17306 = CURVE_STYLE('',#17307,POSITIVE_LENGTH_MEASURE(0.1),#15109);
#17307 = DRAUGHTING_PRE_DEFINED_CURVE_FONT('continuous');
#17308 = STYLED_ITEM('color',(#17309),#14227);
#17309 = PRESENTATION_STYLE_ASSIGNMENT((#17310,#17315));
#17310 = SURFACE_STYLE_USAGE(.BOTH.,#17311);
#17311 = SURFACE_SIDE_STYLE('',(#17312));
#17312 = SURFACE_STYLE_FILL_AREA(#17313);
#17313 = FILL_AREA_STYLE('',(#17314));
#17314 = FILL_AREA_STYLE_COLOUR('',#15109);
#17315 = CURVE_STYLE('',#17316,POSITIVE_LENGTH_MEASURE(0.1),#15109);
#17316 = DRAUGHTING_PRE_DEFINED_CURVE_FONT('continuous');
#17317 = STYLED_ITEM('color',(#17318),#14285);
#17318 = PRESENTATION_STYLE_ASSIGNMENT((#17319,#17324));
#17319 = SURFACE_STYLE_USAGE(.BOTH.,#17320);
#17320 = SURFACE_SIDE_STYLE('',(#17321));
#17321 = SURFACE_STYLE_FILL_AREA(#17322);
#17322 = FILL_AREA_STYLE('',(#17323));
#17323 = FILL_AREA_STYLE_COLOUR('',#15109);
#17324 = CURVE_STYLE('',#17325,POSITIVE_LENGTH_MEASURE(0.1),#15109);
#17325 = DRAUGHTING_PRE_DEFINED_CURVE_FONT('continuous');
#17326 = STYLED_ITEM('color',(#17327),#14343);
#17327 = PRESENTATION_STYLE_ASSIGNMENT((#17328,#17333));
#17328 = SURFACE_STYLE_USAGE(.BOTH.,#17329);
#17329 = SURFACE_SIDE_STYLE('',(#17330));
#17330 = SURFACE_STYLE_FILL_AREA(#17331);
#17331 = FILL_AREA_STYLE('',(#17332));
#17332 = FILL_AREA_STYLE_COLOUR('',#15109);
#17333 = CURVE_STYLE('',#17334,POSITIVE_LENGTH_MEASURE(0.1),#15109);
#17334 = DRAUGHTING_PRE_DEFINED_CURVE_FONT('continuous');
#17335 = STYLED_ITEM('color',(#17336),#14401);
#17336 = PRESENTATION_STYLE_ASSIGNMENT((#17337,#17342));
#17337 = SURFACE_STYLE_USAGE(.BOTH.,#17338);
#17338 = SURFACE_SIDE_STYLE('',(#17339));
#17339 = SURFACE_STYLE_FILL_AREA(#17340);
#17340 = FILL_AREA_STYLE('',(#17341));
#17341 = FILL_AREA_STYLE_COLOUR('',#15109);
#17342 = CURVE_STYLE('',#17343,POSITIVE_LENGTH_MEASURE(0.1),#15109);
#17343 = DRAUGHTING_PRE_DEFINED_CURVE_FONT('continuous');
#17344 = STYLED_ITEM('color',(#17345),#14459);
#17345 = PRESENTATION_STYLE_ASSIGNMENT((#17346,#17351));
#17346 = SURFACE_STYLE_USAGE(.BOTH.,#17347);
#17347 = SURFACE_SIDE_STYLE('',(#17348));
#17348 = SURFACE_STYLE_FILL_AREA(#17349);
#17349 = FILL_AREA_STYLE('',(#17350));
#17350 = FILL_AREA_STYLE_COLOUR('',#15109);
#17351 = CURVE_STYLE('',#17352,POSITIVE_LENGTH_MEASURE(0.1),#15109);
#17352 = DRAUGHTING_PRE_DEFINED_CURVE_FONT('continuous');
#17353 = STYLED_ITEM('color',(#17354),#14517);
#17354 = PRESENTATION_STYLE_ASSIGNMENT((#17355,#17360));
#17355 = SURFACE_STYLE_USAGE(.BOTH.,#17356);
#17356 = SURFACE_SIDE_STYLE('',(#17357));
#17357 = SURFACE_STYLE_FILL_AREA(#17358);
#17358 = FILL_AREA_STYLE('',(#17359));
#17359 = FILL_AREA_STYLE_COLOUR('',#15109);
#17360 = CURVE_STYLE('',#17361,POSITIVE_LENGTH_MEASURE(0.1),#15109);
#17361 = DRAUGHTING_PRE_DEFINED_CURVE_FONT('continuous');
#17362 = STYLED_ITEM('color',(#17363),#14575);
#17363 = PRESENTATION_STYLE_ASSIGNMENT((#17364,#17369));
#17364 = SURFACE_STYLE_USAGE(.BOTH.,#17365);
#17365 = SURFACE_SIDE_STYLE('',(#17366));
#17366 = SURFACE_STYLE_FILL_AREA(#17367);
#17367 = FILL_AREA_STYLE('',(#17368));
#17368 = FILL_AREA_STYLE_COLOUR('',#15109);
#17369 = CURVE_STYLE('',#17370,POSITIVE_LENGTH_MEASURE(0.1),#15109);
#17370 = DRAUGHTING_PRE_DEFINED_CURVE_FONT('continuous');
#17371 = STYLED_ITEM('color',(#17372),#14633);
#17372 = PRESENTATION_STYLE_ASSIGNMENT((#17373,#17378));
#17373 = SURFACE_STYLE_USAGE(.BOTH.,#17374);
#17374 = SURFACE_SIDE_STYLE('',(#17375));
#17375 = SURFACE_STYLE_FILL_AREA(#17376);
#17376 = FILL_AREA_STYLE('',(#17377));
#17377 = FILL_AREA_STYLE_COLOUR('',#15109);
#17378 = CURVE_STYLE('',#17379,POSITIVE_LENGTH_MEASURE(0.1),#15109);
#17379 = DRAUGHTING_PRE_DEFINED_CURVE_FONT('continuous');
#17380 = STYLED_ITEM('color',(#17381),#14691);
#17381 = PRESENTATION_STYLE_ASSIGNMENT((#17382,#17387));
#17382 = SURFACE_STYLE_USAGE(.BOTH.,#17383);
#17383 = SURFACE_SIDE_STYLE('',(#17384));
#17384 = SURFACE_STYLE_FILL_AREA(#17385);
#17385 = FILL_AREA_STYLE('',(#17386));
#17386 = FILL_AREA_STYLE_COLOUR('',#15109);
#17387 = CURVE_STYLE('',#17388,POSITIVE_LENGTH_MEASURE(0.1),#15109);
#17388 = DRAUGHTING_PRE_DEFINED_CURVE_FONT('continuous');
#17389 = STYLED_ITEM('color',(#17390),#14749);
#17390 = PRESENTATION_STYLE_ASSIGNMENT((#17391,#17396));
#17391 = SURFACE_STYLE_USAGE(.BOTH.,#17392);
#17392 = SURFACE_SIDE_STYLE('',(#17393));
#17393 = SURFACE_STYLE_FILL_AREA(#17394);
#17394 = FILL_AREA_STYLE('',(#17395));
#17395 = FILL_AREA_STYLE_COLOUR('',#15109);
#17396 = CURVE_STYLE('',#17397,POSITIVE_LENGTH_MEASURE(0.1),#15109);
#17397 = DRAUGHTING_PRE_DEFINED_CURVE_FONT('continuous');
#17398 = STYLED_ITEM('color',(#17399),#14807);
#17399 = PRESENTATION_STYLE_ASSIGNMENT((#17400,#17405));
#17400 = SURFACE_STYLE_USAGE(.BOTH.,#17401);
#17401 = SURFACE_SIDE_STYLE('',(#17402));
#17402 = SURFACE_STYLE_FILL_AREA(#17403);
#17403 = FILL_AREA_STYLE('',(#17404));
#17404 = FILL_AREA_STYLE_COLOUR('',#15109);
#17405 = CURVE_STYLE('',#17406,POSITIVE_LENGTH_MEASURE(0.1),#15109);
#17406 = DRAUGHTING_PRE_DEFINED_CURVE_FONT('continuous');
#17407 = STYLED_ITEM('color',(#17408),#14865);
#17408 = PRESENTATION_STYLE_ASSIGNMENT((#17409,#17414));
#17409 = SURFACE_STYLE_USAGE(.BOTH.,#17410);
#17410 = SURFACE_SIDE_STYLE('',(#17411));
#17411 = SURFACE_STYLE_FILL_AREA(#17412);
#17412 = FILL_AREA_STYLE('',(#17413));
#17413 = FILL_AREA_STYLE_COLOUR('',#15109);
#17414 = CURVE_STYLE('',#17415,POSITIVE_LENGTH_MEASURE(0.1),#15109);
#17415 = DRAUGHTING_PRE_DEFINED_CURVE_FONT('continuous');
#17416 = STYLED_ITEM('color',(#17417),#14923);
#17417 = PRESENTATION_STYLE_ASSIGNMENT((#17418,#17423));
#17418 = SURFACE_STYLE_USAGE(.BOTH.,#17419);
#17419 = SURFACE_SIDE_STYLE('',(#17420));
#17420 = SURFACE_STYLE_FILL_AREA(#17421);
#17421 = FILL_AREA_STYLE('',(#17422));
#17422 = FILL_AREA_STYLE_COLOUR('',#15109);
#17423 = CURVE_STYLE('',#17424,POSITIVE_LENGTH_MEASURE(0.1),#15109);
#17424 = DRAUGHTING_PRE_DEFINED_CURVE_FONT('continuous');
#17425 = STYLED_ITEM('color',(#17426),#14981);
#17426 = PRESENTATION_STYLE_ASSIGNMENT((#17427,#17432));
#17427 = SURFACE_STYLE_USAGE(.BOTH.,#17428);
#17428 = SURFACE_SIDE_STYLE('',(#17429));
#17429 = SURFACE_STYLE_FILL_AREA(#17430);
#17430 = FILL_AREA_STYLE('',(#17431));
#17431 = FILL_AREA_STYLE_COLOUR('',#15109);
#17432 = CURVE_STYLE('',#17433,POSITIVE_LENGTH_MEASURE(0.1),#15109);
#17433 = DRAUGHTING_PRE_DEFINED_CURVE_FONT('continuous');
#17434 = STYLED_ITEM('color',(#17435),#15039);
#17435 = PRESENTATION_STYLE_ASSIGNMENT((#17436,#17441));
#17436 = SURFACE_STYLE_USAGE(.BOTH.,#17437);
#17437 = SURFACE_SIDE_STYLE('',(#17438));
#17438 = SURFACE_STYLE_FILL_AREA(#17439);
#17439 = FILL_AREA_STYLE('',(#17440));
#17440 = FILL_AREA_STYLE_COLOUR('',#15109);
#17441 = CURVE_STYLE('',#17442,POSITIVE_LENGTH_MEASURE(0.1),#15109);
#17442 = DRAUGHTING_PRE_DEFINED_CURVE_FONT('continuous');
ENDSEC;
END-ISO-10303-21;
